// GENERATED by tools/make_bg.py - do not edit
#include "data.h"
const u16 bg_pal[224] = {
0x3dcd, 0x31ae, 0x39ab, 0x218f, 0x298e, 0x318c, 0x1d6f, 0x156f, 0x216e, 0x296d, 0x216d, 0x256c, 0x2d6a, 0x194f, 0x1d4e, 0x114e,
0x214d, 0x294c, 0x254c, 0x214c, 0x294b, 0x254b, 0x1d4b, 0x2d4a, 0x294a, 0x254a, 0x2949, 0x152f, 0x192e, 0x112e, 0x192d, 0x212b,
0x1d2b, 0x152b, 0x252a, 0x212a, 0x192a, 0x2929, 0x2529, 0x2129, 0x1d29, 0x2528, 0x190f, 0x190e, 0x110e, 0x150d, 0x190b, 0x110b,
0x1d0a, 0x2109, 0x1d09, 0x190a, 0x1909, 0x110a, 0x2508, 0x2108, 0x1d08, 0x1908, 0x2107, 0x18cf, 0x14ee, 0x14ce, 0x18ed, 0x18cd,
0x0ced, 0x0ccd, 0x18eb, 0x14eb, 0x14cc, 0x14cb, 0x0ceb, 0x0ccb, 0x08cb, 0x18e9, 0x18c9, 0x18e8, 0x18c8, 0x0cea, 0x08ca, 0x0cc8,
0x20e7, 0x1ce7, 0x1cc7, 0x14c7, 0x18c6, 0x18c5, 0x14c5, 0x14af, 0x18ae, 0x14ae, 0x10ae, 0x148e, 0x18ad, 0x14ad, 0x0cad, 0x148d,
0x108d, 0x18ac, 0x14ac, 0x08ac, 0x148c, 0x108c, 0x088c, 0x14ab, 0x10ab, 0x148b, 0x108b, 0x08ab, 0x0c8b, 0x088b, 0x048b, 0x14a9,
0x0ca9, 0x148a, 0x108a, 0x1089, 0x0c89, 0x04aa, 0x04a9, 0x088a, 0x048a, 0x008a, 0x0489, 0x0089, 0x18a8, 0x14a8, 0x18a7, 0x14a7,
0x10a7, 0x1488, 0x1088, 0x1487, 0x1087, 0x08a8, 0x08a7, 0x0887, 0x0087, 0x14a5, 0x1485, 0x1086, 0x1085, 0x14a4, 0x1483, 0x1083,
0x08a6, 0x0886, 0x0884, 0x106d, 0x106c, 0x0c6c, 0x086c, 0x106b, 0x0c6b, 0x086b, 0x106a, 0x0c6a, 0x086a, 0x006a, 0x1069, 0x0c69,
0x0469, 0x0069, 0x1068, 0x0c68, 0x0468, 0x0068, 0x084a, 0x044a, 0x0849, 0x0449, 0x0049, 0x0848, 0x0048, 0x0028, 0x1067, 0x0c67,
0x1066, 0x0c66, 0x0067, 0x0066, 0x0846, 0x0047, 0x0046, 0x0427, 0x0027, 0x0026, 0x0007, 0x0406, 0x0006, 0x1465, 0x1065, 0x1464,
0x1064, 0x0c65, 0x0c64, 0x0864, 0x0c45, 0x0845, 0x0c44, 0x0844, 0x0064, 0x0045, 0x0444, 0x0044, 0x1063, 0x1062, 0x0c63, 0x0c62,
0x1043, 0x0c43, 0x0c42, 0x0862, 0x0443, 0x0842, 0x0024, 0x0005, 0x0004, 0x0023, 0x0403, 0x0003, 0x0422, 0x0402, 0x0002, 0x0001
};
const u32 bg_tiles[57344] __attribute__((aligned(4))) = {
0xd7d7d8d8, 0xd8d8d8d7, 0xd7d7d7d7, 0xd7d7d7d7, 0xd7d7d7d7, 0xd7d7d7d7, 0xd7d7d7d7, 0xd7d7d7d7,
0xd7d7d7d7, 0xd7d7d7d7, 0xd7d7d7d7, 0xd7d7d7d7, 0xd7d7d7d7, 0xd7d7d7d7, 0xd7d7d7d7, 0xd7d7d7d7,
0xd8d8d8d8, 0xd8d8d8d8, 0xd7d7d7d7, 0xd7d7d8d8, 0xd7d7d7d7, 0xd7d7d7d7, 0xd7d7d7d7, 0xd7d7d7d7,
0xd7d7d7d7, 0xd7d7d7d7, 0xd7d7d7d7, 0xd7d7d7d7, 0xd7d7d7d7, 0xd7d7d7d7, 0xd7d7d7d7, 0xd7d7d7d7,
0xd8d8d8d8, 0xd8d8d8d8, 0xd8d8d8d7, 0xd8d8d8d8, 0xd7d7d7d7, 0xd8d8d8d8, 0xd7d7d7d7, 0xd8d8d8d8,
0xd7d7d7d7, 0xd8d8d8d8, 0xd7d7d7d7, 0xd8d8d8d8, 0xd7d7d7d7, 0xd8d8d8d7, 0xd7d7d7d7, 0xd8d8d8d7,
0xdedbdbd8, 0xdbdbdbdb, 0xdbd8d8d8, 0xdbdbdbdb, 0xdbd8d8d8, 0xdbdbdbdb, 0xdbdbd8d8, 0xdbdbdbdb,
0xd8d8d8d8, 0xd8d8d8d8, 0xd8d8d8d8, 0xdbd8d8d8, 0xdbdbd8d8, 0xdbdbd8db, 0xdbd8d8d8, 0xdbdbdbdb,
0xdbdbdbdb, 0xdededede, 0xdbdbdbdb, 0xdedededb, 0xdbdbdbdb, 0xdedededb, 0xdbdbdbd8, 0xdededede,
0xdbdbdbdb, 0xdededede, 0xdbdbdbdb, 0xdededede, 0xdedbdbdb, 0xdededede, 0xdededbde, 0xdededede,
0xdededede, 0xdededede, 0xdededede, 0xdededede, 0xdededede, 0xdededede, 0xdededede, 0xdededede,
0xdededede, 0xdededede, 0xdededede, 0xdededede, 0xdededede, 0xdededede, 0xdededede, 0xdededede,
0xdededede, 0xdededede, 0xdededede, 0xdededede, 0xdededede, 0xdededede, 0xdededede, 0xdededede,
0xdededede, 0xdededede, 0xdededede, 0xdededede, 0xdededede, 0xdededede, 0xdededede, 0xdededede,
0xdededede, 0xdedededf, 0xdededede, 0xdededede, 0xdededede, 0xdededede, 0xdededede, 0xdededede,
0xdededede, 0xdededede, 0xdededede, 0xdededede, 0xdededede, 0xdededede, 0xdededede, 0xdededede,
0xdededede, 0xdededede, 0xdededede, 0xdededede, 0xdededede, 0xdededede, 0xdededede, 0xdededede,
0xdededede, 0xdededede, 0xdededede, 0xdededede, 0xdededede, 0xdededede, 0xdededede, 0xdededede,
0xdededede, 0xdfdedede, 0xdededede, 0xdededede, 0xdededede, 0xdededede, 0xdededede, 0xdededede,
0xdededede, 0xdededede, 0xdededede, 0xdededede, 0xdededede, 0xdededede, 0xdededede, 0xdededede,
0xdededede, 0xdfdedede, 0xdededede, 0xdededede, 0xdededede, 0xdededede, 0xdededede, 0xdedededb,
0xdbdedede, 0xdededbdb, 0xdededede, 0xdedededb, 0xdededede, 0xdededede, 0xdededede, 0xdededede,
0xdfdfdfde, 0xdfdfdfdf, 0xdededede, 0xdededede, 0xdededede, 0xdededede, 0xdededede, 0xdededede,
0xdededede, 0xdededede, 0xdededede, 0xdededede, 0xdededede, 0xdededede, 0xdededede, 0xdededede,
0xdfdfdfde, 0xdfdfdfdf, 0xdededede, 0xdededede, 0xdededede, 0xdededede, 0xdededede, 0xdededede,
0xdededede, 0xdededede, 0xdededede, 0xdededede, 0xdededede, 0xdededede, 0xdededede, 0xdededede,
0xdfdfdfdf, 0xdfdfdfdf, 0xdededede, 0xdededede, 0xdededede, 0xdededede, 0xdededede, 0xdededede,
0xdededede, 0xdbdbdede, 0xdededede, 0xdbdbdede, 0xdededede, 0xdededede, 0xdededede, 0xdededede,
0xdfdfdfdf, 0xdfdfdfdf, 0xdededede, 0xdededede, 0xdededede, 0xdededede, 0xdbdbdbde, 0xdedededb,
0xdbdededb, 0xdbdededb, 0xdededede, 0xdedbdede, 0xdededede, 0xdbdbdede, 0xdededede, 0xdbdbdedb,
0xdfdfdfdf, 0xdedfdfdf, 0xdededede, 0xdededede, 0xdededede, 0xdbdbdede, 0xdededede, 0xdbdbdbdb,
0xdbdbdedb, 0xdbdbdbdb, 0xdbdbdbdb, 0xdbdbdbdb, 0xdbdbdedb, 0xdbdbdbdb, 0xdbdbdedb, 0xdbdbdbdb,
0xd9d9ddde, 0xdcdcd9d9, 0xdededede, 0xdedddadd, 0xdbdbdbdb, 0xdbdbdadb, 0xdbdbdbdb, 0xd9dbdadb,
0xdbdbdbdb, 0xdbdbdbdb, 0xdbdbdbdb, 0xdbdbdbdb, 0xdbdbdbdb, 0xdadbdbdb, 0xdbdbdbde, 0xdbdbdedb,
0xd9dcdcd9, 0xd9d4d4d9, 0xdad9dada, 0xd9d9d9da, 0xd9d9d9da, 0xd9dad9d9, 0xd9d9dada, 0xd9dbdad9,
0xdbdadada, 0xdbdbdbda, 0xdbdbdbdb, 0xdbdbdbda, 0xdbdbdbdb, 0xdbdbdbdb, 0xdbdbdadb, 0xdbdbdbdb,
0xd9d9d4d9, 0xd4dcd4d4, 0xd9d9d9d9, 0xd9d9d9d9, 0xd9d9d9da, 0xd9d9d9d9, 0xd9d9d9d9, 0xd9d9d9d9,
0xd9d9d9d9, 0xd9d9d9d9, 0xd9dbdbdb, 0xd9d9d9d9, 0xdbd9dbdb, 0xd9d9d9d9, 0xdbdbd9d9, 0xd9d9d9d9,
0xdcdcd9d4, 0xd4d4d4d4, 0xd9d9d4d4, 0xd9d9d4d9, 0xd9d9d9d9, 0xd9d9d9d9, 0xd9d9d9d9, 0xd9d9d9d9,
0xd9d9d9d9, 0xd9d9d9d9, 0xd9d9d9d9, 0xd9d9d9d9, 0xd9d9d9d9, 0xd9d9d9d9, 0xd9d9d9d9, 0xd9d9d9d9,
0xd4d4d4d4, 0xd4d4d4d4, 0xd4d4d4d9, 0xd4d4d4d4, 0xd4d9d9d9, 0xd9d9d9d4, 0xd9d9d9d9, 0xd9d9d9d9,
0xd9d9d9d9, 0xd9d9d9d9, 0xd9d9d9d4, 0xd9d9d9d9, 0xd9d9d9d9, 0xd9d4d9d9, 0xd9d9d9d9, 0xd9d9d9d9,
0xd4d4d4d4, 0xd4d4d4d4, 0xd4d9d4d4, 0xd4d4d4d4, 0xd9d9d4d9, 0xd9d9d9d9, 0xd9d9d9d9, 0xd9d9d9d4,
0xd9d4d9d9, 0xd9d9d9d9, 0xd9d9d9d4, 0xd9d9d9d9, 0xd9d4d9d9, 0xd9d9d4d9, 0xd9d4d9d4, 0xd9d9d9d9,
0xd4d4d4d4, 0xd4d4d1d4, 0xd4d4d4d4, 0xd4d4d4d4, 0xd4d4d4d9, 0xd4d4d4d4, 0xc7d4d9d9, 0xd4d9d9d4,
0xd4d9d9d9, 0xd9d9d9d4, 0xd9d9d9d9, 0xd4d9d9d9, 0xd9d9d9d9, 0xd9d9d9d9, 0xd9d9d9d9, 0xd4d4d9d9,
0xd4d4d4d4, 0xd4d4d1d1, 0xd4d4d4d4, 0xd4d4d4d4, 0xd4d4d4d4, 0xd4d4d4d4, 0xd4d4d4d4, 0xd4d4d4d4,
0xd4c7d4d4, 0xd4d4d4d4, 0xd4d4d4d9, 0xd4d4d4d4, 0xd4d4d4d4, 0xd4c7c7d4, 0xd9d4c7d4, 0xd4c7c7d4,
0xd1d1d1d1, 0xd1c6d1d1, 0xc7d4d4c7, 0xc6d4d4d4, 0xd4d4d4d4, 0xc7d4d4c7, 0xd4d4d4c7, 0xd4c7c7d4,
0xd4d4d4d4, 0xd4c7d4d4, 0xd4d4d4d4, 0xc7c7c7c7, 0xd4d4d4d4, 0xc7c7c7d4, 0xd4d4d4d4, 0xd4c7c7c7,
0xd4d4d1d1, 0xd1d1d4d4, 0xd1d4d4c6, 0xd1d4d4d4, 0xc7c7c7c7, 0xd1d4d4d4, 0xc7d4d4d4, 0xc7d4c7c7,
0xd4d4d4c7, 0xc6c7d4d4, 0xd4d4d4c7, 0xc7c7c7d4, 0xc7c7d4c7, 0xc6c7d4c6, 0xd4d4d4d4, 0xc7d4d4c7,
0xd1d1d1d1, 0xd1d1d1d1, 0xd4d4c7d4, 0xd4d1d4d4, 0xd4d4c7c7, 0xd4d4d4d4, 0xc7d4c7c7, 0xd4d4d4d4,
0xc7c7c7c7, 0xc7d4d4d4, 0xc7d4d4d4, 0xc7c7c7c6, 0xc7c7d4c7, 0xc7c6c7c7, 0xc7d4c7c7, 0xc7c6c7c7,
0xd1d1c2d1, 0xd1c2c6c6, 0xc6c6c6d1, 0xd1d1d1c6, 0xd4c6c6c6, 0xd4d4d4d4, 0xd4d4c6c6, 0xd4d4d4d4,
0xd4d4c7c7, 0xd4d4d4d4, 0xd4d4c7c7, 0xd4d4d4d4, 0xd4d4c7d4, 0xc7c7d4d4, 0xc6c7c7c6, 0xc7c6c6c6,
0xd4d1d1d1, 0xd1d1d1d1, 0xd1d1d4d1, 0xc6c6d1d4, 0xd4d4d4d4, 0xc6d1d4d4, 0xd4d4d4d4, 0xc6c6d4d4,
0xd4d4d4d4, 0xc6c7d4d4, 0xd4d4d4d4, 0xc7d4d4d4, 0xd4d4c7c7, 0xc6d4d4d4, 0xd4d4c7c6, 0xd4d4d4d4,
0xc2c2c2c6, 0xc2c2c6c2, 0xc2c2c6c6, 0xc2c2c6c6, 0xc6c6c6c6, 0xc6c6d1c6, 0xc6c2c6c6, 0xc6c6c6c2,
0xc7c6c7c7, 0xc6c2c6c6, 0xc7c6c6c6, 0xc6c6c6c6, 0xc7c6c6c6, 0xc6c7d4d4, 0xc7c6d4d4, 0xc6d4d4d4,
0xc2c2c2c2, 0xc0c2c2c2, 0xc6d1c2d1, 0xbec2c2c2, 0xc6c6c2c6, 0xc2c6c2c6, 0xc6c6c2c6, 0xc2c2c2c2,
0xc6c6c6c7, 0xc6c6c6c6, 0xc2c6c6c6, 0xc6c6c2c6, 0xc2c6c6c6, 0xc6c2c6c6, 0xc2c6c7c7, 0xc6c6c6c2,
0xc2bec2c2, 0xc2c2c2c2, 0xc2c2c2c2, 0xc2c2c2c2, 0xc6c2c2c2, 0xc6c6c2c2, 0xc6c6c6c2, 0xc2c2c2c6,
0xc7c6c2c6, 0xc6c6c6c6, 0xc7c6c2c2, 0xc6c2c2c6, 0xc6c6c6c6, 0xc6c2c6c6, 0xc6c2c2c6, 0xc6c6c6c6,
0xc2c2c2c2, 0xc2c2c2c2, 0xc2c2c2c6, 0xc2c2c2c2, 0xc6c6c6c6, 0xc6c6d4c6, 0xc6c6c6c2, 0xc7c7c7c7,
0xc7c6c2c6, 0xc7c7d4d4, 0xc7c6c6c6, 0xd4d4d4d4, 0xc6c6c2c6, 0xd4d4d4d4, 0xc6c6c2c2, 0xc7d4c7d4,
0xc2c2c2c2, 0xc7c3c2c2, 0xc7c6c6c6, 0xc7c7c7c6, 0xc7c7c6c7, 0xc7c7c7c7, 0xc7c7c7c7, 0xc7c7c7c7,
0xc7c7c7c7, 0xc7c7c7c7, 0xc7c7d4c7, 0xc7c7c7c7, 0xc7c7d4c7, 0xc7c7c7c7, 0xc7c7c7c7, 0xd4c7c7c7,
0xc7c7c7c7, 0xd4d4d4d4, 0xc7c7c7c7, 0xd4d4d4c7, 0xc7c7c7c7, 0xd4d4c7c7, 0xc7c7c7c7, 0xd4d4c7c7,
0xc7c7c7c7, 0xd4d4c7c7, 0xd4d4d4c7, 0xd4c7c7c7, 0xc7c7d4c7, 0xd4d4c7c7, 0xc7c7c7d4, 0xd4d4c7c7,
0xc7c7c7d4, 0xd4d4d4d4, 0xc7c7d4d4, 0xd4d4d4d4, 0xd4c7d4d4, 0xd4d4d4d4, 0xd4d4d4d4, 0xd4d4d4c7,
0xd4d4d4d4, 0xcacad4d4, 0xd4d4d4d4, 0xcad4d4d4, 0xd4d4d4d4, 0xd4d4d4d4, 0xd4d4d4d4, 0xd4d4d4d4,
0xcacad4d4, 0xcacacaca, 0xcacacad4, 0xcacacaca, 0xcacacad4, 0xcacacaca, 0xcacacaca, 0xcacacaca,
0xcacacaca, 0xcacacaca, 0xcacacac7, 0xcacacaca, 0xcacacaca, 0xcacacaca, 0xcacacaca, 0xcacacaca,
0xcacacaca, 0xcacacaca, 0xcacacaca, 0xcacacaca, 0xcacacaca, 0xcacacaca, 0xcacacaca, 0xcacacaca,
0xcacacaca, 0xcacacaca, 0xcacacaca, 0xcacacaca, 0xcacacaca, 0xcacacaca, 0xcacacaca, 0xcacacaca,
0xcacacaca, 0xcacacac7, 0xcacacaca, 0xcacacaca, 0xcacacaca, 0xcacacaca, 0xcacacaca, 0xcacacaca,
0xcacacaca, 0xcacacaca, 0xcacacaca, 0xcacacaca, 0xcacacaca, 0xcacacaca, 0xcacacaca, 0xcacacaca,
0xc4c4c7ca, 0xc5c4c1c1, 0xc5c5c7ca, 0xc5c1b1b1, 0xc1c5c7ca, 0xc4c1b1b1, 0xc1c5c7c7, 0xc4c1b1c1,
0xc5c5c7ca, 0xc4c1c5c5, 0xc5c7c7ca, 0xc4c1c5c5, 0xc5c7caca, 0xc4c4c5c5, 0xc7cacaca, 0xc4c4c5c5,
0xc4c5c1c4, 0xc7c7c7c7, 0xc1c5c4c5, 0xc7c7c7c1, 0xc4c4c5c5, 0xc7c7c7c1, 0xc5c5c5c5, 0xc7c7c3c1,
0xc5c5c5c5, 0xc7c7c1c1, 0xc5c4c4c4, 0xc3c1c1c5, 0xc4c4c4c1, 0xc3c1c4c4, 0xc4c4c4c4, 0xc1c1c4c5,
0xc7c7c7c7, 0xc7c7c7c7, 0xc7c7c7c7, 0xc7c7c7c7, 0xc7c7c7c7, 0xc7c7c7c7, 0xc7c7c7c7, 0xc7c7c7c7,
0xc7c7c7c7, 0xc7c7c7c7, 0xc7c7c7c7, 0xc7c7c7c7, 0xc7c7c7c7, 0xc7c7c7c7, 0xc6c7c7c3, 0xc2c2c6c2,
0xc7c7c7c7, 0xc7c7c2c7, 0xc7c7c7c7, 0xc7c7c2c7, 0xc2c2c7c7, 0xc2c2c2c2, 0xc3c2c7c7, 0xc2c2c2c2,
0xc2c7c7c2, 0xc2c2c2c2, 0xc2c7c7c2, 0xc2c2c2c2, 0xc2c7c7c7, 0xc2c2c2c2, 0xc2c7c7c7, 0xc2c2c2c1,
0xc2c2c2c7, 0xc2c2c2c2, 0xc2c2c2c2, 0xc2c2c2c2, 0xc2c2c2c2, 0xc2c2c2c2, 0xc2c2c2c2, 0xc2c2c2c2,
0xc2c2c2c2, 0xc2c2c2c2, 0xc2c1c2c2, 0xc7c2c2c2, 0xc2c2c1c2, 0xc3c7c2c2, 0xc2c2c1c2, 0xc2c2c2c2,
0xc2c2c2c2, 0xc1c2c2c2, 0xc2c1c2c2, 0xc2c2c2c2, 0xc1c1c1c2, 0xc2c2c2c2, 0xc1c1c2c2, 0xc2c2c2c2,
0xc2c2c2c2, 0xc2c2c1c2, 0xc2c2c2c2, 0xc2c2c1c2, 0xc1c2c2c2, 0xc1c2c1c1, 0xc1c1c2c2, 0xc1c2c1c1,
0xbec1c1c2, 0xc2c1c1c1, 0xbe8cc1c2, 0xc2c2c2c2, 0x8c8c8cc2, 0xc1c1c18c, 0x8c8c8cc1, 0x8c8cbe8c,
0x8c8cc1c1, 0x8c8c8c8c, 0xbec1c1c2, 0x8c8c8c8c, 0xc1c1c1c2, 0xbe8cbe8c, 0xc1c2c1c1, 0x8c8cc1c1,
0xc2c2c2c1, 0xc1c1c1c1, 0xc1c2c1c1, 0xc1c1c1c1, 0xc2c1c1c1, 0xc2c2c2c2, 0xc2c18cbe, 0xc2c2c2c1,
0xc1be8c8c, 0xc2c2c2c1, 0xc18c8c8c, 0xc2c2c1c1, 0xc18c8cbe, 0xc2c2c2c1, 0xc1be8cc1, 0xc2c2c2c2,
0x8cc1c1c1, 0x8b8c8c8c, 0x8cc1c1c1, 0x8c8c8c8c, 0x8cc1c2c2, 0x8c8c8c8c, 0x8cc1c2c2, 0x8c8c8c8c,
0x8cc1c2c2, 0x8c8c8c8c, 0xbec1c2c2, 0x8c8c8c8c, 0xbec1c2c2, 0x8c8c8c8c, 0xc1c1c2c2, 0x8c8c8c8c,
0x8c8b8b8a, 0x8b8b8b8c, 0x8c8b8b8c, 0x8b8b8b8c, 0x8c8c8c8c, 0x8b8b8b8b, 0x8c8c8c8c, 0x8b8b8b8b,
0x8c8c8c8c, 0x8b8b8b8b, 0x8c8c8c8c, 0x8b8b8b8b, 0x8c8c8c8c, 0x8b8b8b8b, 0x8c8c8c8c, 0x8b8b8b8b,
0x8b8b8b8b, 0x8b8b8b8b, 0x8b8b8b8b, 0x918b8b8b, 0x8b8b8b8b, 0x8b8b8b8b, 0x8b8b8b8b, 0x8b8b8b8b,
0x8b8b8b8b, 0x8b8b8b8b, 0x8b8b8b8b, 0x8b8b8b8b, 0x8b8b8b8b, 0x8b8b8b84, 0x8b8b8b8b, 0x8b8b8b84,
0x8b8b8b8b, 0x8b8b8b8b, 0x8b8b8b8b, 0x8b84848b, 0x8b8b8b8b, 0x8b84848b, 0x8b8b8b8b, 0x8b8b8b8b,
0x8b8b8b8b, 0x848b8b8b, 0x8b8b8b8b, 0x8484848b, 0x8b8b918b, 0x8484838b, 0x8b8b8b8b, 0x84848484,
0x84848b84, 0x7f7f7f83, 0x83848b8b, 0x7f7f7f83, 0x8383848b, 0x7f7f7f83, 0x83838483, 0x83838383,
0x7f838484, 0x83837f7f, 0x7f84848b, 0x83837f83, 0x83848484, 0x83837f83, 0x7f838383, 0x837f7f7f,
0x83837f7f, 0x7f7f7f83, 0x83837f7f, 0x7f7f7f83, 0x837f7f7f, 0x7f7f7f83, 0x83837f7f, 0x83837f83,
0x7f837f7f, 0x837f7f7f, 0x83837f7f, 0x7f7f7f83, 0x83837f7f, 0x7f7f7f7f, 0x83848383, 0x7f7f7f83,
0x7f7f7f7f, 0x7f7f7f7f, 0x7d7f7f83, 0x7f7c7f7e, 0x7f7f7f7f, 0x7f7f7f7f, 0x7f7f7f7f, 0x7f7f7f7f,
0x7f7f8383, 0x7f7f7f7f, 0x7c7f8383, 0x7f7f7f7f, 0x7f7f7f7f, 0x7f7f7e7f, 0x7f7f7f7f, 0x7f7f7c7d,
0x7f7f7c7c, 0x7f7e7c7c, 0x7c7e7f7f, 0x7f7c7c7c, 0x7c7f7f7f, 0x7f7c7c7c, 0x7f7f7f7f, 0x7f7f7f7f,
0x7f7f7f7f, 0x7f7f7f7f, 0x7f7f7f7f, 0x7f7c7c7f, 0x7c7f7f7c, 0x7f7c7c7c, 0x7c7c7f7c, 0x7f7e7c7c,
0x7f7f7f7f, 0x4c4c4c7c, 0x7e7f7f7e, 0x7c7c4c4c, 0x7f7f7f7f, 0x7c4c4c7c, 0x7f7f7f7f, 0x7c4c4a7c,
0x7f7f7f7f, 0x7f7c4c7c, 0x7f7f7f7f, 0x7c7c4c4c, 0x7f7f7f7f, 0x7c7e7c7c, 0x7f7f7f7f, 0x7c7c7c7c,
0x4c4c4c7c, 0x4c4c7c4c, 0x7c7c4c7c, 0x4c4c7c7c, 0x7c7c4c4c, 0x4c4c7c7c, 0x7c7c4c7c, 0x4c4c4c7c,
0x7c7c4c7c, 0x4c4c7c7c, 0x4c7c4c7c, 0x7c4c7c7c, 0x4c4c4c4c, 0x7c7c7c4c, 0x4c4c4c4c, 0x7c7c7c4c,
0x4c4c4c4c, 0x4c4c4c4c, 0x4c4c4c4a, 0x4c4c4c7c, 0x4c4c4c4a, 0x4c4c4c7c, 0x4c4c4a4c, 0x4c4c4c4c,
0x7c4c4c4c, 0x4c7c4c4c, 0x4c4c4c4c, 0x4c4c4c7c, 0x7c4c4c4c, 0x4c7c7c7c, 0x7c4c4c4c, 0x4c7c7c7c,
0x5252524c, 0x52525252, 0x5252534c, 0x52525352, 0x5252534c, 0x52525352, 0x7e52524c, 0x527e5352,
0x7e7e524c, 0x7e7e7e53, 0x7e53524c, 0x7e53537e, 0x7e7e7e4c, 0x527e5353, 0x7e7e7e4c, 0x7e7e7e52,
0x52527e7e, 0x52525252, 0x52527e52, 0x52525252, 0x527e7e52, 0x52525252, 0x7e7e7e7e, 0x7e525252,
0x7e7e7e7e, 0x5252527e, 0x7e52527e, 0x52525252, 0x7e525253, 0x52525252, 0x5253537e, 0x7e7e5252,
0x52525252, 0x524c5252, 0x52525252, 0x52525252, 0x52525252, 0x52525252, 0x5252527e, 0x52525252,
0x5252527e, 0x52525252, 0x52525252, 0x52525252, 0x7e525252, 0x52525252, 0x7e52527e, 0x52525252,
0x7e525252, 0x5252527e, 0x52525252, 0x7e7e7e52, 0x7e525252, 0x52525252, 0x52525252, 0x5252527e,
0x52525252, 0x52525252, 0x52525252, 0x7e7e5252, 0x52525252, 0x527e5252, 0x524c5252, 0x52525252,
0x524c4c52, 0x52525252, 0x4c4c4c52, 0x52525252, 0x4c4c4c52, 0x52525252, 0x4c4c4c52, 0x52525252,
0x524c4c52, 0x52525252, 0x4c4c4c52, 0x52525252, 0x4c4c4c52, 0x52525252, 0x4c4c4c52, 0x52525252,
0x4c4c5252, 0x31313131, 0x4c4c4c52, 0x3631314c, 0x4c4c4c52, 0x2231314c, 0x50504c52, 0x22313131,
0x4c4c4c52, 0x22363131, 0x4c4c4c52, 0x36363631, 0x4c4c4c52, 0x31313131, 0x4c4c4c52, 0x31313131,
0xd7d7d7bc, 0xd7d7d7d7, 0xd7d7d7d7, 0xd7d7d7d7, 0xd7d7d7d7, 0xd7d7d7d7, 0xd7d7d7d7, 0xd7d7d7d7,
0xd7d7d7d7, 0xd7d7d7d7, 0xd7d7d7d7, 0xd7d7d7d7, 0xd7d7d7d7, 0xd7d7d7d7, 0xd7d7d7d7, 0xd7d7d7d7,
0xd7d7d7d7, 0xd7d7d7d7, 0xd7d7d7d7, 0xd7d7d7d7, 0xd7d7d7d7, 0xd7d7d7d7, 0xd7d7d7d7, 0xd8d7d7d7,
0xd7d7d7d8, 0xd7d7d7d7, 0xd7d7d8d7, 0xd7d7d7d7, 0xd7d7d8d7, 0xd7d7d7d7, 0xd7d7d8d7, 0xd8d7d7d7,
0xd8d8d7d7, 0xd8d8d8d8, 0xd8d8d7d7, 0xd8d8d8d8, 0xd8d8d8d8, 0xdbdbd8d8, 0xd8d8d8d8, 0xdbd8d8d8,
0xd8d8d8d8, 0xdbd8dbd8, 0xd8d8d8d8, 0xdbdbdbd8, 0xd8d8d8d8, 0xdbdbdbd8, 0xd8d8d8d8, 0xdbdbdbdb,
0xdbd8d8db, 0xdedbdbdb, 0xdbdbdbdb, 0xdedbdbdb, 0xdbdbdbdb, 0xdedbdbdb, 0xdbdbdbdb, 0xdedbdbdb,
0xdbdbdbdb, 0xdbdbdbdb, 0xdbdbdbdb, 0xdedbdbdb, 0xdbdbdbdb, 0xdededbdb, 0xdbdbdbdb, 0xdededbdb,
0xdededede, 0xdededede, 0xdededede, 0xdededede, 0xdededede, 0xdededede, 0xdedededb, 0xdededede,
0xdededbdb, 0xdededede, 0xdededbdb, 0xdededede, 0xdededede, 0xdededede, 0xdededede, 0xdededede,
0xdededede, 0xdededede, 0xdededede, 0xdededede, 0xdededede, 0xdededede, 0xdededede, 0xdededede,
0xdededede, 0xdededede, 0xdededede, 0xdededede, 0xdededede, 0xdededede, 0xdededede, 0xdededede,
0xdededede, 0xdededede, 0xdededede, 0xdededede, 0xdededede, 0xdededede, 0xdededede, 0xdededede,
0xdededede, 0xdededede, 0xdededede, 0xdededede, 0xdededede, 0xdededede, 0xdededede, 0xdededede,
0xdededede, 0xdededede, 0xdededede, 0xdededede, 0xdededede, 0xdededede, 0xdededede, 0xdededede,
0xdededede, 0xdededede, 0xdededede, 0xdededede, 0xdededede, 0xdededede, 0xdededede, 0xdededede,
0xdededede, 0xdededede, 0xdededede, 0xdededede, 0xdededede, 0xdededede, 0xdededede, 0xdededede,
0xdededede, 0xdededede, 0xdededede, 0xdededede, 0xdededede, 0xdededede, 0xdededede, 0xdededede,
0xdededede, 0xdededede, 0xdededede, 0xdededede, 0xdededede, 0xdededede, 0xdededede, 0xdededede,
0xdededede, 0xdededede, 0xdededede, 0xdededede, 0xdededede, 0xdededede, 0xdededede, 0xdededede,
0xdededede, 0xdededede, 0xdededede, 0xdededede, 0xdededede, 0xdededede, 0xdededede, 0xdededede,
0xdededbde, 0xdededede, 0xdededede, 0xdededede, 0xdededede, 0xdbdededb, 0xdbdedede, 0xdbdededb,
0xdededede, 0xdededede, 0xdededede, 0xdededede, 0xdededede, 0xdededede, 0xdededede, 0xdededede,
0xdededede, 0xdededede, 0xdededede, 0xdededede, 0xdedededb, 0xdededede, 0xdedededb, 0xdededede,
0xdededede, 0xdededede, 0xdededede, 0xdededede, 0xdededede, 0xdededede, 0xdededede, 0xdededede,
0xdededede, 0xdededede, 0xdededede, 0xdededede, 0xdededede, 0xdededede, 0xdededede, 0xdededede,
0xdededede, 0xdededede, 0xdededede, 0xdededede, 0xdededede, 0xdededede, 0xdededede, 0xdededede,
0xdededede, 0xdededede, 0xdededede, 0xdededede, 0xdededede, 0xdededede, 0xdededede, 0xdededede,
0xdbdedede, 0xdededede, 0xdededede, 0xdededbde, 0xdededede, 0xdededede, 0xdededede, 0xdededede,
0xdededede, 0xdedededb, 0xdbdedede, 0xdbdededb, 0xdededede, 0xdbdbdbdb, 0xdededede, 0xdedbdede,
0xdededede, 0xdbdbdbde, 0xdededede, 0xdbdbdede, 0xdededede, 0xdbdbdedb, 0xdededede, 0xdbdbdede,
0xdbdbdede, 0xdbdbdede, 0xdbdbdbdb, 0xdbdbdedb, 0xdbdbdbdb, 0xdbdbdbdb, 0xdbdbdede, 0xdbdbdbdb,
0xdbdbdbde, 0xdbdbdbdb, 0xdbdbdbdb, 0xdbdbdbdb, 0xdbdedbde, 0xdbdbdbdb, 0xdbdbdbdb, 0xdbdbdbdb,
0xdbdbdbde, 0xdbdbdbdb, 0xdbdbdbdb, 0xdbdbdbdb, 0xdbdbdbdb, 0xdbdbdbdb, 0xdbdbdbde, 0xdbdbdbdb,
0xdbdbdbdb, 0xdbdbdbdb, 0xdbdbdbdb, 0xdbdbdbdb, 0xdbdbdbdb, 0xd9dbdbdb, 0xdbdbdbdb, 0xdbd9d9db,
0xdbdbdbdb, 0xd9dbd9db, 0xd9d9dbdb, 0xd9d9d9db, 0xdbdbdbdb, 0xd9dbdbdb, 0xdbdbdbdb, 0xd9d9dbdb,
0xdbdbdbdb, 0xd9d9d9d9, 0xdbd9dbdb, 0xd9d9d9d9, 0xd9dbdbdb, 0xd9dbd9d9, 0xd9dbd9db, 0xdbdbd9d9,
0xdbdbdbdb, 0xdbd9d9d9, 0xdbdbd9db, 0xd9d9d9d9, 0xdbd9d9d9, 0xd9d9d9d9, 0xd9d9dbdb, 0xd9d9d9d9,
0xd9d9d9db, 0xd9d9d9d9, 0xdad9dadb, 0xdbd9d9d9, 0xd9d9dbd9, 0xd9d9d9d9, 0xd9d9dbd9, 0xd9d9d9d9,
0xd9dbdbdb, 0xd9d9d9d9, 0xd9dad9d9, 0xd9d9d9d9, 0xd9d9d9d9, 0xd9d9d9d9, 0xd9d9d9d9, 0xd9d9d9d9,
0xd9d9d9d9, 0xd9d9d9d9, 0xd9d9d9d9, 0xd9d9d9d9, 0xd9d9d9d9, 0xd9d9d9d9, 0xd9d9d9d9, 0xd4d4d9d9,
0xd9d9d9d9, 0xd4c7d9d9, 0xd9d9d9d9, 0xd9c7d9d9, 0xd6d9d9d9, 0xc7c7d9d6, 0xd6d9d9d9, 0xc7c7c7d6,
0xd9d4d4c7, 0xd9d9d9d9, 0xd9d4c7d4, 0xc7d4d4d9, 0xd9d9d4d9, 0xc7c7d6c7, 0xc7d6d6d9, 0xc7c7c7c7,
0xc4c7c7d9, 0xc4c4c4c4, 0xc4c7c7c7, 0xb1aeaeb1, 0xc4c7c7c7, 0xb0aeb0b4, 0xc4c5c7c7, 0xb1b1b4c4,
0xd4d9d9d9, 0xc7c7d9d9, 0xc7c7c7c7, 0xc7c7c7d4, 0xc7c7c7c7, 0xc7c6c7c7, 0xc4c4c5c7, 0xc4c1c1c4,
0xc4b4b1c4, 0xb4b0b0b1, 0xc4b1b1b1, 0xb1b0b1b1, 0xb1b0b0b0, 0xc4b1b1b4, 0xb1b1b1b1, 0xc7c7c4c4,
0xd9d4d4d4, 0xd4d4d4d4, 0xd4d4d4d4, 0xd4d4d4c7, 0xc7c7c7c7, 0xd4c7d4c7, 0xc6c4c4c4, 0xc7c7c6c6,
0xc1b0b0b1, 0xc1c6c1c1, 0xc1b1b1b1, 0xc7c6c6c1, 0xc7c7c7c5, 0xc7c7c7c7, 0xc7c7c7c7, 0xc7c7c7c7,
0xc7c7d4d4, 0xc7c6c7c7, 0xc7c7d4c7, 0xc6c7c7c7, 0xd4c7d4d4, 0xc7c7c7c7, 0xc7c7d4c6, 0xc7c7c7c7,
0xc6c6c7c6, 0xc7c6c2c1, 0xc7c7c7c7, 0xc7c7c7c7, 0xc7c7c7c7, 0xc7c7c7c7, 0xc7c7d4c7, 0xc7c7c7c7,
0xc7c7c7c7, 0xc7c7c7c7, 0xc7c7c7c6, 0xc7c7c7c7, 0xc7c7c7c7, 0xc6c6c7c6, 0xc6c6c6c6, 0xc1c1c6c6,
0xc6c2c2c6, 0xc2c6c1c6, 0xc6c6c6c7, 0xc7c7c6c6, 0xc7c7c7c7, 0xc6c7c7c7, 0xc7c7c7c7, 0xc7c7c7c7,
0xc7c7c7c7, 0xc7c7c7c7, 0xc7c7c7c7, 0xc6c7c6c6, 0xc6c6c6c6, 0xc6c6c1c6, 0xc1c1c2c1, 0xc1bec1c1,
0xc1c1c1c1, 0xb0b0c1c1, 0xc4c1c2c6, 0xbeb0bec1, 0xc4c6c6c6, 0xc1c1c1c1, 0xc1c6c6c7, 0xc6c1c1c1,
0xc6c6c7c7, 0xc7c7c7c6, 0xc6c6c6c7, 0xc7c7c7c2, 0xc6c6c2c2, 0xc7c7c6c6, 0xc2c1c1c1, 0xc6c7c6c6,
0xc2c2c2c1, 0xc6c6c6c2, 0xc6c6c2c1, 0xc7c6c7c7, 0xc7c7c7c6, 0xc7c7c7c7, 0xc7c7c7c6, 0xc7c7c7c7,
0xc7c7c7c7, 0xc7d4d4c7, 0xc6d4d4c7, 0xc7d4c6c2, 0xc6c6c6c7, 0xc6c2c2c2, 0xc2c2c2c2, 0xc2c2c1c2,
0xc2c2c2c2, 0xc2c1c1c2, 0xc2c2c6c7, 0xc2c2c2c2, 0xc6c6c6c7, 0xc7c7c7c2, 0xc7c6c7c7, 0xc7c7d4c7,
0xd4d4c7c7, 0xd4d4c7c7, 0xd4c7c6c7, 0xc7d4c7c6, 0xc7c6c2c2, 0xc6d4d4c7, 0xc6c2c2c2, 0xc6c6d4c6,
0xc7c2c2c2, 0xc2c2c2c7, 0xc7c7c2c2, 0xc6c2c2c2, 0xc7c7c7d4, 0xc2c2c2c6, 0xc6c7c7c7, 0xc2c2c2c2,
0xc2c6c6c7, 0xc2c6c6c2, 0xc2c2c6c7, 0xc6c6c6c6, 0xc6c6c6c6, 0xc6c6c6c6, 0xc6c7c6c6, 0xc2c2c2c6,
0xc2c2c6d4, 0xc2c2c2c2, 0xc2c7c6c7, 0xc2c2c2c2, 0xc7c2c7c2, 0xc2c2c2c2, 0xc7c7c7c2, 0xc2c2c2c7,
0xc6c6c6c2, 0xc6c6c6c6, 0xc6c6c6c6, 0xc6c6c6c6, 0xc2c7c7c2, 0xc2c7c2c2, 0xc7c7c7c2, 0xc2c2c2c7,
0xc2c2c7c2, 0xc2c7c2c2, 0xc2c2c2c2, 0xc2c7c2c2, 0xc7c7c2c2, 0xc7c7c7c2, 0xc2c7c2c2, 0xc7c7c2c2,
0xc7c6c2c2, 0xd4d4c7d4, 0xc6c2c2c2, 0xd4c7c7c7, 0xc7c7c2c2, 0xc7c7c7c7, 0xc2c2c2c2, 0xc7c7c2c7,
0xc7c7c7c2, 0xc7c2c2c7, 0xc2c2c2c2, 0xc3c3c2c2, 0xc2c2c2c2, 0xc7c3c7c7, 0xc2c2c2c2, 0xc7c7c7c2,
0xc7c7c7c7, 0xc7c7c7c7, 0xc7c7c7c7, 0xc7c7c7c7, 0xc7c3c7c7, 0xd4d4c7c7, 0xc7c7c7c7, 0xd4d4c7c7,
0xc7c7c7c7, 0xd4d4c7c7, 0xc7c7c7c7, 0xc7c7c7c7, 0xc7c7c7c7, 0xc7c7c7c7, 0xc7c7c7c7, 0xc7c7c7c7,
0xc7c7c7c7, 0xd4d4c7c7, 0xd4c7c7c7, 0xd4d4d4c7, 0xd4d4c7c7, 0xd4d4d4d4, 0xd4d4d4d4, 0xd4d4d4d4,
0xc7c7c7c7, 0xd4d4c7c7, 0xd4d4c7c7, 0xc7c7c7c7, 0xc7c7c7c7, 0xc7c7c7d4, 0xd4c7c7c7, 0xd4c7d4d4,
0xd4d4d4d4, 0xcad4d4d4, 0xcacad4d4, 0xcacad4ca, 0xcad4d4d4, 0xcacacaca, 0xd4d4d4d4, 0xcad4cad4,
0xcad4cac7, 0xd4d4d4d4, 0xd4d4cac7, 0xcad4cad4, 0xd4d4d4ca, 0xcacad4ca, 0xc7d4d4c7, 0xcacacaca,
0xcacacad4, 0xcacacaca, 0xcacad4ca, 0xcacacaca, 0xcacacaca, 0xcacacaca, 0xcacad4ca, 0xcacacaca,
0xcad4cad4, 0xcacacaca, 0xcacad4d4, 0xcacacaca, 0xcacacaca, 0xcacacaca, 0xcacacaca, 0xcacacaca,
0xcacacaca, 0xcacacaca, 0xcacacaca, 0xcacacaca, 0xcacacaca, 0xcacbcaca, 0xcacacaca, 0xcacacaca,
0xcacacaca, 0xcacacaca, 0xcacacaca, 0xcacacaca, 0xcacacaca, 0xcacacaca, 0xcacacaca, 0xcacacaca,
0xcacacaca, 0xcacacaca, 0xcacacaca, 0xcacacaca, 0xcacacaca, 0xcacacaca, 0xcacacaca, 0xcacacaca,
0xcacacaca, 0xcacacaca, 0xcacacaca, 0xcacacaca, 0xcacacaca, 0xcacacaca, 0xcacacaca, 0xcacacaca,
0xcacac7ca, 0xc5c4c5c5, 0xc7cacaca, 0xc5c5c5c5, 0xcacacaca, 0xc5c5c5c7, 0xcacacaca, 0xc5c5c5c7,
0xcacacaca, 0xc5c5c7c7, 0xcacacaca, 0xc5c5c7ca, 0xcacacaca, 0xc5c7c7ca, 0xcacacaca, 0xc5c7caca,
0xc1c4c5c5, 0xc1c1c4c4, 0xc4c4c7c7, 0xc1c7c7c4, 0xc5c5c7c5, 0xc1c1c4c4, 0xc5c5c5c1, 0xc1c1c4c5,
0xc4c4c4c4, 0xc1c1c4c4, 0xc4c1c5c5, 0xc1c4c5c4, 0xc5c5c5c5, 0xc7c5c5c4, 0xc5c5c5c5, 0xc7c5c5c4,
0xc6c6c7c3, 0xc6c6c2c2, 0xc6c6c7c3, 0xc6c2c6c6, 0xc6c6c7c3, 0xc1c2c6c6, 0xc6c6c7c3, 0xc1c1c6c1,
0xc1c6c7c1, 0xc1c1c6c1, 0xc1c1c7c1, 0xc6c1c2c1, 0xc1c1c1c5, 0xc6c1c7c1, 0xc1c1c1c7, 0xc6c6c2c1,
0xc1c7c7c7, 0xc3c3c2c1, 0xc1c6c6c2, 0xc2c2c2c1, 0xc1c2c2c1, 0xc2c2c1c1, 0xc1c2c6c1, 0xc1c1c1c1,
0xc1c2c1c1, 0xc2c1c1c1, 0xc1c1c1c1, 0xc2c1c1c1, 0xc1c6c6c6, 0xc2c2c2c1, 0xc1c6c6c6, 0xc3c3c2c2,
0xc2c1c1c2, 0xc2c2c2c2, 0xc2c1c1c2, 0xc2c2c2c2, 0xc2c1c1c2, 0xc2c2c2c2, 0xc2c2c1c2, 0xc2c3c2c2,
0xc2c2c2c2, 0xc2c2c2c2, 0xc2c2c1c2, 0xc2c2c2c2, 0xc2c3c2c2, 0xc2c2c3c2, 0xc2c3c2c3, 0xc2c2c2c2,
0xc1c1c2c2, 0xc1c1c1c1, 0xc1c1c2c2, 0xc2c1c2c1, 0xc2c1c2c2, 0xc2c2c2c2, 0xc2c1c2c2, 0xc2c2c2c2,
0xc2c1c2c2, 0xc2c2c2c2, 0xc3c2c2c2, 0xc2c2c2c2, 0xc3c2c2c2, 0xc2c2c2c2, 0xc2c3c3c2, 0xc2c2c2c2,
0xc1c2c2c1, 0xbec1c1c1, 0xc2c2c2c2, 0xc1c1c1c1, 0xc2c2c2c2, 0xc1c1c2c2, 0xc2c2c1c1, 0xc1c1c2c2,
0xc2c2c1c1, 0xc2c2c2c2, 0xc2c2c1c1, 0xc2c2c2c2, 0xc2c2c2c2, 0xc1c2c2c2, 0xc2c2c2c2, 0xc1c1c2c2,
0xbebec1c1, 0xc1c2c2c1, 0xc1bec1c1, 0xc1c2c1c1, 0xc1c1c1c1, 0xc1c2c1c1, 0xc1c2c1c1, 0xc1c2c1c1,
0xc1c1c1c2, 0xc1c1c1c1, 0xc1c1c1c1, 0xc1c1c1c1, 0xc2c2c1c1, 0xc1c1c1c1, 0xc1c1c1c1, 0xc1c1c1c1,
0xbec1c1c1, 0x8c8c8c8c, 0xc1c1c1c1, 0xc1c18cc1, 0xc1c1c1c1, 0xc1928c8c, 0xc192c1c1, 0x8c8c8c8c,
0xc1c1c1c1, 0x8c8c8c8c, 0x928c92c1, 0x8c8c8c8c, 0xc18c92c1, 0x8c8c9292, 0xc18cc1c1, 0x929192c1,
0x8c8c8c8c, 0x8b8b8b8b, 0x8c92928c, 0x8b8b8b8c, 0x8c8c8c8c, 0x8b8b8b8b, 0x8c8c8c92, 0x8b918b8b,
0x8c8c8c92, 0x8b918b8b, 0x8b8b8b8c, 0x8b8b8b8b, 0x8b8b8b8b, 0x91918b8b, 0x8b8b8b91, 0x918b848b,
0x8b8b8b8b, 0x8b848b8b, 0x848b8b8b, 0x8b84848b, 0x848b8b8b, 0x84848484, 0x84848b8b, 0x84848484,
0x848b8b8b, 0x84848384, 0x8b8b8b8b, 0x84838384, 0x918b8b8b, 0x84848484, 0x8b8b9191, 0x848b8b8b,
0x8b8b848b, 0x83848384, 0x84848484, 0x83847f84, 0x84848484, 0x83837d84, 0x84838383, 0x83837d83,
0x83838384, 0x83848181, 0x83848484, 0x8383817d, 0x84848484, 0x8383837d, 0x84848484, 0x83838381,
0x7f7f8383, 0x837f7f7f, 0x83838383, 0x837f7f83, 0x83838383, 0x837f7f83, 0x83838383, 0x83837c7f,
0x7d838383, 0x83837c7c, 0x7c818384, 0x837f7c7c, 0x7d7d8184, 0x837f7d7d, 0x84838184, 0x837f7d83,
0x83838383, 0x7f7f7f7f, 0x837f7f83, 0x7c7f837f, 0x837f7f83, 0x7d7f7f7f, 0x83838383, 0x7c7c7d7d,
0x7c7f8383, 0x7f7c7f7d, 0x7c7f8383, 0x83837f7c, 0x7c838383, 0x7f7f837f, 0x83838383, 0x7c7c7f7f,
0x7c7c7f7f, 0x7f7f7f7f, 0x7f7f8383, 0x7f83837f, 0x7f7f7f7f, 0x7f7f837f, 0x7c7c8383, 0x7c7f7c7c,
0x7f7f8383, 0x83837f7f, 0x83837f7f, 0x83838383, 0x83837f83, 0x7f7f7f7f, 0x7f838383, 0x7f7f7f7f,
0x7c7f7f7f, 0x7f7f7f7e, 0x7c7f7c7f, 0x7f7f7f7e, 0x7c7f7d7f, 0x7f7f7c7f, 0x7f7c7c7f, 0x7f7c7f7e,
0x7c7c7c7f, 0x7f7f7c7c, 0x4c7c7f7f, 0x7f7f7f7c, 0x4c7c7c7f, 0x7f7c7f7c, 0x4c4c7c7f, 0x7f7c7c7c,
0x7c7f7f7f, 0x7c7c4c7c, 0x7e7f7f7f, 0x7c4c7c7f, 0x7f7f7f7f, 0x7c4c7c7f, 0x7f7c7c7f, 0x7c7c7e7f,
0x7f7e7f7f, 0x7c7c7c7f, 0x7f7f7f7f, 0x7c7c7c7c, 0x7c7f7f7f, 0x7c7c7c7c, 0x7c7f7f7f, 0x7f7f7f7c,
0x4c4c4c7c, 0x4c4c7c4c, 0x4c4c4c7c, 0x4c4c4c4c, 0x4c7c4c7c, 0x4c4c7c4c, 0x4c7c7c7c, 0x4c7c7c4c,
0x7c7c7c7c, 0x4c4c7c4c, 0x7c7c7c7c, 0x4c7c7c4c, 0x7c7c7c7c, 0x4c7c7c7c, 0x7c7c7c7c, 0x4c7c7c7c,
0x7c4c4c4c, 0x4c4c4c7c, 0x4c4c4a4a, 0x4c4c7c4c, 0x4c4c4a4c, 0x4c4c4c4c, 0x4c4c4c4c, 0x4c4c4c4c,
0x4c4c4a4a, 0x4c4c4a4a, 0x4c4c4a4c, 0x4c4a4a4c, 0x4c4c4c4a, 0x4a4a4a4c, 0x7c4c4c4c, 0x4c4c4c4c,
0x7e7e534c, 0x7e7e7e53, 0x7e537e4c, 0x7e7e7e7e, 0x52537e4c, 0x53527e7e, 0x52537e4c, 0x5252534c,
0x52527e4c, 0x52537e52, 0x7e7e7e4c, 0x7e7e7e7e, 0x7e7e534c, 0x7e7e7e7e, 0x7e7e534c, 0x7e7e7e53,
0x527e7e7e, 0x7e53524c, 0x537e7e7e, 0x7e534c52, 0x7e537e7e, 0x52525252, 0x527e7e7e, 0x52535252,
0x527e7e7e, 0x7e525252, 0x53537e7e, 0x53525253, 0x7e527e7e, 0x527e5252, 0x527e7e7e, 0x52525252,
0x7e7e7e7e, 0x5252527e, 0x7e7e527e, 0x7e525252, 0x527e5252, 0x7e7e5252, 0x52525252, 0x52524c52,
0x7e52527e, 0x52524c52, 0x7e525252, 0x527e527e, 0x7e525252, 0x52524c52, 0x524c4c4c, 0x7e4c4c4c,
0x524c524c, 0x7e52527e, 0x7e7e7e52, 0x5252527e, 0x7e7e7e52, 0x527e7e52, 0x52525252, 0x527e7e7e,
0x52525252, 0x527e7e7e, 0x52527e52, 0x7e7e5252, 0x527e7e52, 0x7e7e7e52, 0x527e7e7e, 0x7e7e7e52,
0x4c4c4c52, 0x52525252, 0x524c4c52, 0x52525252, 0x4c525252, 0x4c525252, 0x4c4c7e7e, 0x4c4c524c,
0x4c4c4c7e, 0x4c4c5252, 0x4c4c5252, 0x4c4c524c, 0x4c4c5252, 0x4c4c4c4c, 0x4c4c527e, 0x4c4c4c4c,
0x4c4c4c52, 0x3131314c, 0x4c4c4c52, 0x4c313131, 0x4c4c4c4c, 0x4c313131, 0x4c4c4c4c, 0x4c313131,
0x4c4c4c52, 0x31313131, 0x4c4c4c4c, 0x4c313131, 0x4c4c4c4c, 0x4c313631, 0x314c4c52, 0x4c4c3131,
0xd7d7d7d7, 0xd7d7d7d7, 0xd7d7d7d7, 0xd7d7d7d7, 0xd7d7d7d7, 0xd7d7d7d7, 0xd7d7d7d7, 0xd8d7d7d7,
0xd7d7d7d7, 0xd8d7d7d7, 0xd7d7d7d7, 0xd8d7d7d7, 0xd7d7d7d7, 0xd7d7d7d7, 0xd7d7d7d7, 0xd8d7d7d7,
0xd7d7d7d7, 0xd8d8d7d7, 0xd7d7d7d7, 0xd8d8d7d7, 0xd7d7d7d7, 0xd8d8d7d7, 0xd7d7d7d7, 0xd7d7d7d7,
0xd7d8d8d8, 0xd7d7d7d7, 0xd7d7d7d7, 0xd7d7d7d7, 0xd7d7d7d7, 0xd7d7d7d7, 0xd7d7d7d8, 0xd7d7d7d7,
0xd8d8d8d8, 0xdbdbdbdb, 0xd8d8d8d8, 0xd8d8d8d8, 0xd8d8d7d7, 0xd8d8d8d8, 0xd8d8d7d7, 0xd8d8d8d8,
0xd8d7d7d8, 0xd8d8d8d8, 0xd7d7d7d7, 0xd7d7d7d7, 0xd7d7d7d7, 0xd7d7d8d7, 0xd7d7d7d7, 0xd7d7d7d7,
0xdbdbdbdb, 0xdededbdb, 0xdbdbdbdb, 0xdedbdbdb, 0xdbdbd8d8, 0xdbdbdbdb, 0xd8d8d8d8, 0xdbd8dbd8,
0xd8d8d8d8, 0xd8d8d8d8, 0xd7d7d7d7, 0xd8d7d8d7, 0xd7d7d7d7, 0xd7d7d7d7, 0xd7d7d7d7, 0xd7d7d7d7,
0xdededede, 0xdededede, 0xdededede, 0xdededede, 0xdedededb, 0xdededede, 0xdbdbdbdb, 0xdbdbdbdb,
0xdbdbdbd8, 0xdbdbdbdb, 0xd8d8d8d8, 0xd8d8d8d8, 0xd7d7d7d8, 0xd8d8d8d8, 0xd7d7d7d7, 0xd8d8d7d7,
0xdededede, 0xdededbde, 0xdbdedede, 0xdedededb, 0xdbdedede, 0xdedbdedb, 0xdededede, 0xdedbdbdb,
0xdededbdb, 0xdededede, 0xdbdbdbdb, 0xdbdedbdb, 0xdbd8d8d8, 0xdbdbdbdb, 0xd8d8d8d8, 0xdbdbd8d8,
0xdededede, 0xdedededb, 0xdededede, 0xdedededb, 0xdbdbdbde, 0xdedededb, 0xdbdbdbde, 0xdedbdbdb,
0xdbdbdedb, 0xdbdbdbdb, 0xdbdbdbde, 0xdedbdbdb, 0xdededbdb, 0xdedbdbdb, 0xdbdbdbdb, 0xdbdbdbdb,
0xdededede, 0xdededede, 0xdededede, 0xdededede, 0xdededede, 0xdededede, 0xdededede, 0xdededede,
0xdedbdedb, 0xdededede, 0xdbdbdbdb, 0xdededede, 0xdbdbdbdb, 0xdbdbdede, 0xdbdbdbde, 0xdbdbdede,
0xdededede, 0xdededede, 0xdededede, 0xdededede, 0xdededede, 0xdededede, 0xdededede, 0xdededede,
0xdededede, 0xdededede, 0xdededbdb, 0xdededede, 0xdedbdbdb, 0xdededbdb, 0xdbdbdbdb, 0xdededbdb,
0xdededede, 0xdededede, 0xdededede, 0xdededede, 0xdededede, 0xdededede, 0xdededede, 0xdededede,
0xdbdedede, 0xdedededb, 0xdededede, 0xdededede, 0xdbdedede, 0xdbdbdbde, 0xdbdbdede, 0xdbdbdede,
0xdededede, 0xdedbdbdb, 0xdededede, 0xdededbde, 0xdededede, 0xdededede, 0xdedbdede, 0xdededede,
0xdbdbdede, 0xdbdbdbdb, 0xdbdbdede, 0xdbdbdbdb, 0xdbdbdbdb, 0xdbdbdbdb, 0xdbdbdbdb, 0xdbdbdbdb,
0xdededede, 0xdededede, 0xdededede, 0xdededede, 0xdededbde, 0xdbdedede, 0xdbdedede, 0xdbdbdbdb,
0xdbdbdbdb, 0xdbdbdbdb, 0xdbdbdbdb, 0xdbdbdbdb, 0xdbdbdbdb, 0xdbdbdbdb, 0xdbdbdbdb, 0xdbdbdbdb,
0xdededede, 0xdededede, 0xdededede, 0xdedededb, 0xdedbdede, 0xdededede, 0xdbdbdbdb, 0xdededede,
0xdbdbdbdb, 0xdbdbdbdb, 0xdbdbdbdb, 0xdbdbdbdb, 0xdbdbdbdb, 0xdbdbdbdb, 0xdbdbdbdb, 0xdbdbdbdb,
0xdededede, 0xdbdedede, 0xdedbdede, 0xdededede, 0xdededbdb, 0xdedbdede, 0xdededbdb, 0xdededede,
0xdbdbdbdb, 0xdedbdbdb, 0xdbdbdbdb, 0xdededbdb, 0xdbdbdbdb, 0xdbdbdbdb, 0xdbdbdbdb, 0xdbdbdbdb,
0xdededbde, 0xdbdedbde, 0xdbdedede, 0xdedbdbdb, 0xdededbdb, 0xdbdbdbdb, 0xdbdedede, 0xdbdbdbdb,
0xdedbdbdb, 0xdbdbdbdb, 0xdedbdbdb, 0xdbdbdbdb, 0xdbdbdbdb, 0xdbdbdbde, 0xdbdbdbdb, 0xdbdbdbdb,
0xdbdbdbdb, 0xdbdbdbdb, 0xdbdbdbdb, 0xdbdbdbdb, 0xdbdbdbdb, 0xdbdbdbdb, 0xdbdbdbdb, 0xdbdbdbdb,
0xdbdbdbdb, 0xdbdbdbdb, 0xdbdbdbdb, 0xdbdbdbdb, 0xdbdbdbdb, 0xdbdbdbdb, 0xdbdbdbdb, 0xdbdbdbdb,
0xdadbdbdb, 0xdbdbdbdb, 0xdbdbdbdb, 0xdbdbdadb, 0xdbdbdbdb, 0xdbdbdadb, 0xdbdbdbdb, 0xdbdbdbdb,
0xdbdbdbdb, 0xdbdbdbdb, 0xdbdbdbdb, 0xdbdbdbdb, 0xdbdbdbdb, 0xdbdbdbdb, 0xdbdbdbdb, 0xdbdbdbdb,
0xdbd9d9db, 0xd9d9dbdb, 0xdbd9d9db, 0xd9d9d9db, 0xdbd9dbdb, 0xd9dbdbdb, 0xdbdbdbdb, 0xdbd9dbdb,
0xdbdbdbdb, 0xd9d9dbd9, 0xdbdbdbdb, 0xdbdbdbdb, 0xdbdbdbdb, 0xd9dadbdb, 0xdbdbdbdb, 0xdadbdbdb,
0xd9d9d9d9, 0xd9d9d9d9, 0xd9dbd9d9, 0xd9d9d9d9, 0xd9d9dbd9, 0xd9d9dbd9, 0xdbdbdbdb, 0xd9d9dbd9,
0xdbdbdbd9, 0xd9d9dbdb, 0xdbdbd9d9, 0xd9dbdbdb, 0xdbdbdbda, 0xd9d9d9db, 0xdadbdbdb, 0xd9d9d9da,
0xd9d9d9d9, 0xd6d9d9d9, 0xd9d9d9d9, 0xd6d9d9d9, 0xd9d9d9d9, 0xd9d9d9d9, 0xd9d9d9d9, 0xd9d9d9d9,
0xd9d9d9d9, 0xd6d9d9d9, 0xd9d9d9d9, 0xd6cad6d9, 0xd9d9d9d9, 0xd6d6d9d9, 0xd9d9d9d9, 0xd6d9d9d9,
0xd6d6d6d6, 0xc7d6d6d6, 0xd6d6d9d6, 0xc7c7d6d6, 0xcad6d9d6, 0xd6d6d9d9, 0xcad6d9d9, 0xd6d6d9d9,
0xd6d6d9d9, 0xd6d6d6d9, 0xcad9d6d6, 0xd6d6d6d9, 0xd9d9d9d9, 0xd6d6d6d9, 0xd6cad6ca, 0xd6d6d6d6,
0xc4c7c7c7, 0xc5c4c4c4, 0xc7c7c7c7, 0xc7c7c7c7, 0xc7d6c7d6, 0xc7c7c7c7, 0xc7d6c7d6, 0xd6c7c7d6,
0xd6d6c7d6, 0xc7d6d6d6, 0xc7d6d6d6, 0xcad6d6c7, 0xd6d6d6d6, 0xd6d6d6d6, 0xd6d6d6d6, 0xc7d6d6d6,
0xc7c5c5c5, 0xc7c7c7c7, 0xc7d6c7c7, 0xc7c7d6c7, 0xd9cac7c7, 0xc7c7d9c7, 0xc7cad6d6, 0xc7c7c7c7,
0xc7c7d6ca, 0xc7c7c7c7, 0xc7c7d6ca, 0xd9c7d9c7, 0xc7c7c7ca, 0xc7d9d9c7, 0xc7c7c7c7, 0xc7d9c7c7,
0xc7c7c7c7, 0xc7c7c7c7, 0xc7c7c7c7, 0xc7c7d4d4, 0xc7c7c7c7, 0xc7d4d4c7, 0xc7c7c7d4, 0xc7d4d4d4,
0xc7c7c7c7, 0xc7c7c7c7, 0xc7c7c7c7, 0xd4c7c7c7, 0xc7c7c7c7, 0xc7c7c7c7, 0xc7c7c7c7, 0xc7c7c7c7,
0xc7c7d4c7, 0xc7c7c7c7, 0xc7c7c7d4, 0xc7c7c7c7, 0xc7c7c7c7, 0xc7c7d4c7, 0xc7c7c7c7, 0xc7d4c7c7,
0xc7c7c7c7, 0xc7c7c7c7, 0xc7c7c7c7, 0xc7c7c7c7, 0xc7c7c7c7, 0xc7c7c7c7, 0xc6c7c7c7, 0xc7c7c7c7,
0xc7c7c7c7, 0xc7c7c7c7, 0xc7c7c7c7, 0xc7c7c7c7, 0xc7c7c7c7, 0xc6c6c6c7, 0xc7c7c7c7, 0xc1c6c6c7,
0xc7c6c7c7, 0xc6c7c6c6, 0xc7c6c1c6, 0xc7c7c7c7, 0xc7c7c7c7, 0xc7c7c7c7, 0xc7c7c7c7, 0xc7c6c7c7,
0xc1c6c7c7, 0xc7c6c4c1, 0xc1c6c7c7, 0xc7c6c6c1, 0xc6c7c7c7, 0xc7c7c7c7, 0xc7c7c6c6, 0xc7c7c7c7,
0xc7c7c6c1, 0xc7c7c7c7, 0xc7c7c7c7, 0xc7c7c7c7, 0xc7c6c6c7, 0xc7c7c7c7, 0xc7c7c7c7, 0xc7c7c7c6,
0xc7c7c7c6, 0xc7c7c7c7, 0xc7c7c7c7, 0xc7c7c7c7, 0xc7c7c7c7, 0xc7c7c6c6, 0xc7c7c7c7, 0xc7c7c6c6,
0xc7c7c7c7, 0xc7c7c6c7, 0xc7c7c7c7, 0xc7c7c7c7, 0xc7c7c7c7, 0xc7c7c7c7, 0xc7c7c7c7, 0xc7c7c7c7,
0xc7c6c6c6, 0xc7c7d4c7, 0xc7c7c7c7, 0xc7c7d4d4, 0xc7c7c7c7, 0xc7d4d4d4, 0xc7c7c7c7, 0xd4d4d4d4,
0xc7c7c7c7, 0xd4d4c7c7, 0xc7c7c7c7, 0xc7c7c7c7, 0xc7c7c6c7, 0xc7c7c7c7, 0xc7c7c7c7, 0xc7c7c7c7,
0xc7c7c7c7, 0xc2c6c7c7, 0xc7c7c7c7, 0xc6c7c7c7, 0xc7c7c7c7, 0xc6c7c7c6, 0xc7c7c7c7, 0xc7c7c7c6,
0xc7c7c7c7, 0xc7c7c7c7, 0xc7c7c7c7, 0xc7c2c2c7, 0xc7c7c7c7, 0xc2c2c2c7, 0xc2c7c7c7, 0xc2c7c7c7,
0xc7c7c7c2, 0xc2c2c2c7, 0xc7c7c7c2, 0xc2c2c2c7, 0xc7c7c7c2, 0xc2c2c2c7, 0xc7c6c6c6, 0xc2c6c2c7,
0xc7c6c7c7, 0xc2c7c7c7, 0xc7c2c2c2, 0xc7c6c7c7, 0xc7c7c6c7, 0xc6c2c2c6, 0xc2c7c7c2, 0xc7c7c7c2,
0xc2c7c7c2, 0xc7c7c7c2, 0xc2c2c2c2, 0xc2c2c2c2, 0xc2c2c6c6, 0xc6c7c6c6, 0xc2c2c7c2, 0xc6c7c2c2,
0xc2c2c2c2, 0xc7c7c6c2, 0xc2c7c2c2, 0xc7c7c7c7, 0xc7c2c2c2, 0xc7c7c7c7, 0xc7c2c2c7, 0xc7c7c2c7,
0xc2c2c2c2, 0xc7c7c7c7, 0xc7c2c2c7, 0xc7c7c7c7, 0xc7c2c2c7, 0xc7c7c7c7, 0xc2c2c2c6, 0xc7c7c7c7,
0xc7c7c7c7, 0xc7c7c7c7, 0xc2c2c7c7, 0xc7c7c7c7, 0xc2c2c2c2, 0xc7c7c7c7, 0xc7c2c7c7, 0xc7c7c7c7,
0xc7c7c7c7, 0xc7c7c7c7, 0xc7c7c7c7, 0xc7c7c7c7, 0xc7c7c7c7, 0xc7c7c7c7, 0xc7c3c7c7, 0xc7c7c7c7,
0xc7c7c2c7, 0xc7c7c7c7, 0xc7c7c7c3, 0xc7c7c7c7, 0xc7c7d4c7, 0xc7c7c7c7, 0xc7c7c7c7, 0xc7c7c7c7,
0xd4d4c7c7, 0xd4d4c7d4, 0xd4d4c7c7, 0xd4c7c7c7, 0xd4d4c7c7, 0xd4c7c7c7, 0xd4c7c7c7, 0xd4c7c7c7,
0xc7c7c7c7, 0xcad4c7c7, 0xd4c7c7c7, 0xc7d4c7c7, 0xc7c7c7c7, 0xc7c7caca, 0xc7c7c7c7, 0xc7cac7ca,
0xcacad4c7, 0xcacacaca, 0xcacad4d4, 0xcacacaca, 0xd4cacaca, 0xcad4d4d4, 0xd4cad4ca, 0xcacacad4,
0xcacacac7, 0xcacacaca, 0xcacacaca, 0xcacacaca, 0xc7cacaca, 0xcacacaca, 0xcacacac7, 0xc7c7c7c7,
0xcacacaca, 0xcacacaca, 0xcacacaca, 0xcacacaca, 0xcacacaca, 0xcacacaca, 0xcacacaca, 0xcacacaca,
0xcacacaca, 0xcad9caca, 0xcacacaca, 0xcacbcbca, 0xc7cacaca, 0xcacacaca, 0xcacacac7, 0xcacacaca,
0xcacacaca, 0xcacacaca, 0xcacacaca, 0xcacacaca, 0xcacacaca, 0xcacacaca, 0xcacacaca, 0xcacacaca,
0xcacacaca, 0xcacacaca, 0xcacacbca, 0xcacacbca, 0xcacacaca, 0xcacacaca, 0xcacacaca, 0xcacacaca,
0xcacacaca, 0xcacacaca, 0xcacacaca, 0xcacacaca, 0xcacacaca, 0xcacacaca, 0xcacacaca, 0xcacacaca,
0xcacacaca, 0xc7cacaca, 0xcacacaca, 0xcacacaca, 0xcacacaca, 0xcacacaca, 0xcacacaca, 0xcacacaca,
0xcacacaca, 0xc5c7caca, 0xcacacaca, 0xc5c7c7ca, 0xcacac7ca, 0xc5c7c7ca, 0xcacac7c7, 0xc5c7c7ca,
0xcacac7c7, 0xc7c7c7c7, 0xc7c7c7c7, 0xc5c7cac7, 0xcacacaca, 0xc7cacaca, 0xcac7caca, 0xc5c5caca,
0xc5c5c5c5, 0xc7c5c4c5, 0xc5c5c5c5, 0xc7c4c1c5, 0xc1c5c5c5, 0xc7c4c1c5, 0xc4c5c5c5, 0xc7c4c5c5,
0xc5c5c5c5, 0xc5c5c5c5, 0xc5c5c5c5, 0xc1c3c5c5, 0xc5c4c4c5, 0xc5c5c5c5, 0xc5c4c1c5, 0xc5c5c5c5,
0xc1c1c1c7, 0xc6c6c1c1, 0xc1c1c5c7, 0xc7c3c1c1, 0xc7c7c7c7, 0xc7c3c1c1, 0xc5c7c7c1, 0xc7c7c1c1,
0xc1c7c5c5, 0xc7c7c1c1, 0xc4c7c5c4, 0xc3c7c5c1, 0xc1c4c4c4, 0xc1c1c1c1, 0xc1c1c1c1, 0xc1c1c1c1,
0xc1c6c6c6, 0xc3c3c3c2, 0xc1c6c7c7, 0xc2c3c3c3, 0xc1c7c7c7, 0xc2c3c3c1, 0xc3c7c7c7, 0xc3c3c2c1,
0xc1c7c7c3, 0xc7c3c3c1, 0xc3c3c3c3, 0xc7c7c7c1, 0xc3c7c3c3, 0xc3c7c2c1, 0xc3c7c7c7, 0xc3c3c1c1,
0xc3c3c7c3, 0xc7c3c2c2, 0xc3c7c7c2, 0xc3c3c2c3, 0xc7c7c3c2, 0xc2c2c3c3, 0xc7c3c3c3, 0xc3c3c7c7,
0xc7c3c2c2, 0xc3c7c7c7, 0xc7c3c3c2, 0xc3c7c7c7, 0xc7c3c3c1, 0xc7c3c7c7, 0xc7c7c3c3, 0xc7c3c7c7,
0xc3c3c3c2, 0xc2c2c2c2, 0xc3c2c2c2, 0xc2c2c2c2, 0xc2c2c2c2, 0xc2c2c2c2, 0xc2c2c2c3, 0xc1c2c2c2,
0xc3c3c3c3, 0xc1c2c2c2, 0xc3c3c7c3, 0xc1c2c2c2, 0xc3c3c7c7, 0xc1c2c1c1, 0xc3c3c7c7, 0xc1c2c2c2,
0xc2c2c2c2, 0xc1c1c2c2, 0xc2c2c1c1, 0xc1c1c2c2, 0xc2c1c1c2, 0xc1c1c1c2, 0xc2c2c2c2, 0xc1c1c2c2,
0xc2c2c2c1, 0xc1c1c2c2, 0xc2c2c2c1, 0xc1c1c1c2, 0xc1c1c1c1, 0xc1c1c1c1, 0xc1c1c1c1, 0xc1c1c1c1,
0xc1c1c1c1, 0xc1c1c1c1, 0xc1c1c1c1, 0xc1c1c1c1, 0xc1c1c1c1, 0xc1c1c1c1, 0xc1c1c1c1, 0xc1c1c1c1,
0xc1c1c1c1, 0xc192c192, 0xc1c1c1c1, 0xc1c1c1c1, 0xc1c1c1c1, 0xc1c1c1c1, 0xc1c1c1c1, 0xc1c1c1c1,
0x92c1c1c1, 0x9191b1c1, 0xc1c1c1c1, 0x91b1b1c1, 0xc1c1c1c1, 0xb1b1b1c1, 0xc1c1c1c1, 0x8b919191,
0xc1c192c1, 0x848b9191, 0xb1c192c1, 0x84848b8b, 0xb1c1c1c1, 0x8b8b8b91, 0xb1c1c1c1, 0x84848bb1,
0x8b8b9191, 0x918b848b, 0x8b8b918b, 0x8b8b8491, 0x8b8b8b8b, 0x918b8b91, 0x8b8b8b84, 0x8b8b918b,
0x848b9184, 0x84848484, 0x918b9184, 0x84848484, 0x84b1848b, 0x84848484, 0x84848484, 0x84848484,
0x8b8b9191, 0x8b8b8484, 0x848b8b8b, 0x91848484, 0x848b8b8b, 0x8b848484, 0x848b8b84, 0x8b848b8b,
0x8b8b8484, 0x8b8b8bb1, 0x91848484, 0x8b91b1b1, 0xb18b8484, 0x918b91b1, 0x91848484, 0xb18484b1,
0x84848484, 0x84838383, 0x84848484, 0x84838483, 0x84848484, 0x84848481, 0x84848484, 0x83818181,
0x84848484, 0x817d7d7d, 0x84848484, 0x81838181, 0x83848484, 0x84848381, 0x818484af, 0x84848481,
0x84848183, 0x83837d81, 0x83837c83, 0x837f7d7d, 0x7d818184, 0x8383837d, 0x817d7d81, 0x83838383,
0x83818181, 0x7d838383, 0x84838384, 0x83848383, 0x83838383, 0x83848383, 0x83818181, 0x83838384,
0x83838383, 0x7c7f837f, 0x83838383, 0x7d7c7f83, 0x837f8383, 0x7c7f7f7f, 0x837d8383, 0x7f7f837f,
0x7d838383, 0x7f7f8383, 0x83838383, 0x7f7f837f, 0x83838384, 0x7f7d8383, 0x83838384, 0x7d7c8383,
0x7f7f8383, 0x7f7f7f7f, 0x837f837f, 0x7f7f7f83, 0x837f7f7c, 0x7f7f7f7f, 0x7f83837f, 0x7f7f7f7f,
0x7f7f8383, 0x7f7f7c7f, 0x7f7f8383, 0x7f7f7f7f, 0x7f7f8383, 0x7f7f7f7f, 0x837f8383, 0x7f83837f,
0x7c7c7c7f, 0x7c7c7c7c, 0x7c7c7c7c, 0x7c7c7f7f, 0x7f7e7c7c, 0x7f7c7d7f, 0x7c7f7d7c, 0x7f7f7f7c,
0x7d7c7f7f, 0x7c7f7f7c, 0x7f7c7f7f, 0x7c7c7c7c, 0x7f7f7f7f, 0x7c7f837f, 0x7f7f7f7e, 0x7f7f7f7f,
0x7f7f7c7c, 0x7f7f7f7f, 0x7f7e7c7c, 0x7f7f7c7f, 0x7f7c7c7f, 0x7f7c7c7c, 0x7c7c7c7f, 0x7c7c7d7c,
0x7c7c7c7f, 0x7f7c7d7f, 0x7f7f7f7f, 0x7f7f7f7f, 0x7f7f7f7f, 0x7f7f7f7f, 0x7f7f7f7f, 0x7f7f7f7f,
0x4c7c7c7c, 0x7c7c7c7c, 0x7c7c7c7c, 0x7c7c7c7c, 0x7c7c4c7f, 0x7f7c7c7f, 0x7c7c7c7c, 0x7c7c7c7c,
0x4c7c7f7f, 0x7f7c7c7c, 0x7c7f7f7f, 0x7c7c7c7c, 0x7f7f7f7f, 0x7c7c7c7c, 0x7e7f7f7f, 0x7f7f7f7f,
0x7c7c4c4c, 0x4c4c4c7c, 0x7c7c7c7c, 0x4c4c4c4c, 0x7c7f7f7f, 0x4c4c4c4c, 0x7c7c7c7c, 0x4c4c4c7c,
0x7c7c7c7c, 0x4c4c4c4c, 0x7c7c7c7c, 0x4a4c7c7c, 0x7c7c7c7c, 0x4c7c7c7c, 0x7c7c7c7f, 0x4c4c4c7c,
0x7e7e7e4c, 0x7e7e7e7e, 0x7e7e7e4c, 0x7e7f7f7f, 0x7e7e7e4c, 0x7e7f7f7e, 0x7f7f7e4c, 0x7e7e7e7e,
0x7e7e7f4c, 0x7e7e7e7e, 0x7f7e7f7e, 0x7f7f7f7e, 0x7e7e7e7e, 0x7f7f7f7e, 0x7e7e7e7e, 0x7f7f7f7f,
0x7e7e7e7e, 0x7e525252, 0x527e7e7e, 0x7e7e7e7e, 0x7e7e7e7e, 0x7e7e7e7e, 0x7e7e7e7e, 0x7e7e7e7f,
0x7e7e7e7e, 0x7e7e7e7e, 0x7e7e7f7f, 0x7e7e7e7e, 0x7e837f7f, 0x7e7e7f7e, 0x7e837f7e, 0x7e7e7e7e,
0x4c4c4c4c, 0x7e7e4c4c, 0x4c524c52, 0x7e7e4c4c, 0x7e7e527e, 0x7e52524c, 0x527e7e7e, 0x7e524c4c,
0x524c527e, 0x7e7e4c4c, 0x4c4c4c7e, 0x7e7e4c4c, 0x4c4c7c7e, 0x7e524c4c, 0x4c4c7c7e, 0x7e4c4c4c,
0x527e7e7e, 0x7e7e5252, 0x7e7e7e7e, 0x7e7e7e52, 0x7e7e7e7e, 0x7e7e5252, 0x7e7e7e7e, 0x7e7e4c7e,
0x7e7e7e7e, 0x7e7e7e7e, 0x7e7e7e7e, 0x7e7e7e7e, 0x7e7e7e7e, 0x7e7e7e7e, 0x7e7e7e7e, 0x7e7e7e7e,
0x524c7e7e, 0x4c4c4c4c, 0x524c7e7e, 0x4c4c7e7e, 0x7e527e7e, 0x4c4c7e7e, 0x7e527e7e, 0x524c527e,
0x7e7e7e7e, 0x4c4c7e7e, 0x7e7e7e7e, 0x4c4c524c, 0x7e7e7e7e, 0x4c4c527e, 0x7e7e7e7e, 0x4c4c7e7e,
0x314c524c, 0x4c4c3131, 0x4c4c7e52, 0x4c4c3131, 0x4c4c7e7e, 0x314c314c, 0x4c4c527e, 0x4c4c4c4c,
0x4c4c7e7e, 0x4c4c4c4c, 0x4c4c4c4c, 0x4c7c4c4c, 0x4c4c527e, 0x4c4c4c4c, 0x4c7e7e7e, 0x4c4c4c7c,
0xd7d7d7d7, 0xd8d7d7d7, 0xd7d7d7d7, 0xd8d7d7d7, 0xd7d7d7d7, 0xd8d7d7d7, 0xd7d7d7d7, 0xd8d8d7d7,
0xd7d7d7d7, 0xd8d8d7d7, 0xd7d7d7d7, 0xd8d7d7d7, 0xd7d7d7d7, 0xd8d7d7d7, 0xd7d7d7d7, 0xd8d7d7d7,
0xd7d7d7d7, 0xd7d7d7d7, 0xd7d7d7d8, 0xd7d7d7d7, 0xd7d7d7d8, 0xd7d7d7d7, 0xd7d7d7d8, 0xd7d7d7d7,
0xd7d7d7d7, 0xd7d7d7d7, 0xd7d7d7d8, 0xd7d7d7d7, 0xd7d7d7d8, 0xd7d7d7d7, 0xd7d7d8d8, 0xd7d7d7d7,
0xd7d7d7d7, 0xd7d7d7d7, 0xd7d7d7d7, 0xd7d7d7d7, 0xd7d7d7d7, 0xd7d7d7d7, 0xd7d7d7d7, 0xd7d7d7d7,
0xd7d7d7d7, 0xd7d7d7d7, 0xd7d7d7d7, 0xd7d7d7d7, 0xd7d7d7d7, 0xd7d7d7d7, 0xd7d7d7d7, 0xd7bcbcd7,
0xd7d7d7d7, 0xd7d7d7d7, 0xd7d7d7d7, 0xd7d7d7d7, 0xd7d7d7d7, 0xd7d7d7d7, 0xd7d7d7d7, 0xd7d7d7d7,
0xd7d7d7d7, 0xd7d7d7d7, 0xd7d7d7d7, 0xd7d7d7d7, 0xd7d7d7d7, 0xd7d7d7d7, 0xd7d7d7d7, 0xd7d7d7d7,
0xd7d7d7d7, 0xd7d7d7d7, 0xd7d7d7d7, 0xd7d7d7d7, 0xd7d7d7d7, 0xd7d7d7d7, 0xd7d7d7d7, 0xbcd7d7d7,
0xd7d7d7d7, 0xd7d7d7d7, 0xd7d7d7d7, 0xbcd7d7bc, 0xd7d7d7d7, 0xbcbcbcd7, 0xd7d7d7d7, 0xbcbcbcd7,
0xd7d7d7d7, 0xd8d8d8d8, 0xd7d7d7d7, 0xd7d7d7d7, 0xd7d7bcd7, 0xd7d7d7d7, 0xbcbcbcbc, 0xd7d7bcbc,
0xbcbcbcbc, 0xd7d7bcbc, 0xbcbcbcbc, 0xbcbcbcbc, 0xbcbcbcbc, 0xbcbcbcbc, 0xbcbcbcbc, 0xbcbcbcbc,
0xd8d8d8d8, 0xdbdbdbd8, 0xd8d8d7d7, 0xdbd8d8d8, 0xd7d7d7d7, 0xd8d8d8d7, 0xd7d7d7bc, 0xd7d7d7d7,
0xd7d7d7d7, 0xd7d7d7bc, 0xbcbcbcbc, 0xbcbbbcbc, 0xbcbcbcbc, 0xbcbabcbc, 0xbcbcbcbc, 0xbabababa,
0xdbdbdbdb, 0xdbdedede, 0xdbdbdbdb, 0xdbdbdedb, 0xdbd8dbdb, 0xdbdbdbdb, 0xd8d8d8d8, 0xd8d8d8d8,
0xd7d7d7d7, 0xd7d7d7d7, 0xd7d7bcbc, 0xbbbbbcbc, 0xbabcbcbc, 0xb7bababa, 0xbabababa, 0xbabababa,
0xdbdbdbdb, 0xdedbdbdb, 0xdbdbdbdb, 0xdbdbdbdb, 0xdbdbdbdb, 0xdbdbdbdb, 0xdbdbdbd8, 0xdbdbdbdb,
0xd8d8d8d7, 0xd8dbd8d8, 0xd7d7d7b9, 0xd7d7d7d7, 0xbcb9b7b7, 0xd7bcbcbc, 0xbab7b7ba, 0xbcbcb8b8,
0xdbdbdbde, 0xdbdbdbdb, 0xdbdbdbdb, 0xdbdbdbdb, 0xdbdbdbdb, 0xdbdbdbdb, 0xdbdbdbdb, 0xdbdbdbdb,
0xdbdbd8d8, 0xd8d8dbdb, 0xd8d8d7d7, 0xd7d7d8d8, 0xb9b9bcbc, 0xb9b9b9b9, 0xb7babcbc, 0xbcb7b7ab,
0xdbdbdbdb, 0xdbdbdbdb, 0xdbdbdbdb, 0xdbdbdbdb, 0xdbdbdbdb, 0xdbdbdbdb, 0xdbdbdbdb, 0xdbdbdbdb,
0xd8d8d8d8, 0xdbdbdbdb, 0xd8d8d8d8, 0xd8d8d8d8, 0xb9d7d7b9, 0xb7b9b9b9, 0xb7babbb7, 0xb7b7b7b7,
0xdbdbdbdb, 0xdbdbdbdb, 0xdbdbdbdb, 0xdbdbdbdb, 0xdbdbdbdb, 0xdbdbdbdb, 0xdbdbdbdb, 0xdbdbdbdb,
0xdbdbdbdb, 0xdbdbdbdb, 0xd8d8d8d8, 0xd8d8d8d8, 0xd6d6d6b9, 0xd7d7d6d6, 0xb7b7b7b7, 0xb7b7b9b7,
0xdbdbdbdb, 0xdbdbdbdb, 0xdbdbdbdb, 0xdbdbdbdb, 0xdbdbdbdb, 0xdbdbdbdb, 0xdbd8dbdb, 0xd8d8dbdb,
0xdbdbdbdb, 0xdbdbdbdb, 0xd8d8dbdb, 0xd8d8d8d8, 0xd8d7d8d8, 0xd6d8d8d8, 0xd6b9b9b9, 0xb9b7b9d6,
0xdbdbdbdb, 0xdbdbdbdb, 0xdbdbdbdb, 0xdbdbdbdb, 0xdbdbdbdb, 0xdbdbdbdb, 0xdbdbdbdb, 0xdbdbdbdb,
0xd8dbdbdb, 0xdbdbdbdb, 0xd8d8d8d8, 0xd8d8dbdb, 0xd8d8d8d8, 0xd8d8d8d8, 0xd6d6d6b9, 0xb7b9d6d6,
0xdbdbdbdb, 0xdbdbdbdb, 0xdbdbdbdb, 0xdbdbd6db, 0xdbdbdbdb, 0xdbdbdadb, 0xdbdbdbd8, 0xd8d8d8db,
0xdbdbdbd8, 0xdbdbdbdb, 0xdbdbd8d8, 0xdbd8dbd8, 0xd8d8d8d8, 0xd8d8d8d8, 0xd6d6c5b7, 0xd6d6d6d6,
0xdbdbdbdb, 0xdbdbdbdb, 0xdbdbdbdb, 0xdbdbdbdb, 0xdbdbdbda, 0xdadbdbdb, 0xdbdbd8d8, 0xdadadadb,
0xd8d8dbd8, 0xdad6d6db, 0xd8dbdbd8, 0xd8d8d8d8, 0xd8d8d8d8, 0xd6d6d6d6, 0xb7b7b7d6, 0xd6b7b7b7,
0xdbdbdbdb, 0xdbdbdbdb, 0xdbdbdbdb, 0xdbdbdbdb, 0xdbdbdbdb, 0xdbdbdbdb, 0xdadadbda, 0xdadadada,
0xd8dadbdb, 0xd8d6d8d8, 0xd8d8d8d8, 0xd8d8d6d6, 0xd6d6d8d8, 0xd6d6d6d6, 0xb9b9b9b9, 0xb7b4b7b9,
0xdbdbdbdb, 0xdadadada, 0xdadadbdb, 0xdadbd9da, 0xd6d6d8da, 0xd6d6d9d6, 0xd6d6d8d9, 0xd6d6d6d6,
0xd6d6d6d8, 0xd6d8dbd8, 0xd6d6d6d8, 0xd6d6d6d6, 0xd6d6c5d6, 0xc5c5c5c5, 0xb4b4b4b4, 0xb4b4b4b4,
0xd9dadbda, 0xd9d9d9d9, 0xd9d9dada, 0xc7d6c7d6, 0xc7d6d6c7, 0xc7c7c7d6, 0xc7c7d6d6, 0xc7c7d6d6,
0xd6d6d6d6, 0xc7c7d6d6, 0xd6d6d6d6, 0xd6d6d6d6, 0xc5c5c5c5, 0xc5c5c5c5, 0xb4b4b4b4, 0xb4b4b4b4,
0xd9d9d9d9, 0xd6d9d9d9, 0xd9c7c7c7, 0xd6d6c7c7, 0xc7c7c7c7, 0xc7c7c7c7, 0xc7c7c7c7, 0xd6c7c7c7,
0xd6d6c7c7, 0xd6c7c7d6, 0xc7d6d6c7, 0xc7c7c7c7, 0xc5c5c5c5, 0xc5c5c5c5, 0xb4b4b4b4, 0xb4b4b4b4,
0xc7cad6d6, 0xd6d6d6d6, 0xc7d6d6c7, 0xc7c7c7c7, 0xc7c7c7c7, 0xc7c7c7c7, 0xc7c7d6d6, 0xd6c7c7c7,
0xc7d6d6d6, 0xd6d6d6d6, 0xc7d6d6c7, 0xd6cac7c7, 0xc5c5c5c5, 0xc7c5c5c5, 0xb4b4b4b4, 0xc4c4c4b4,
0xd6d6c7c7, 0xc7c7c7d6, 0xc7c7c7c7, 0xc7c7c7c7, 0xc7c7c7c7, 0xc7c7c7c7, 0xc7c7c7c7, 0xc7c7c7d6,
0xc7c7d6d6, 0xcac7d6d6, 0xd6c7d6c7, 0xd6d6d6d6, 0xd6c7c7c7, 0xc7d6d6d6, 0xc7c7c7c5, 0xc7c7d6d6,
0xc7c7caca, 0xc7c7c7c7, 0xc7c7c7c7, 0xc7d9c7c7, 0xc7c7c7c7, 0xc7c7c7c7, 0xc7c7c7c7, 0xc7c7c7c7,
0xc7c7c7c7, 0xc7c7c7d9, 0xd9cacaca, 0xc7c7c7c7, 0xc7c7c7c7, 0xc7c7c7d9, 0xc7c7c7c7, 0xc7c7c7c7,
0xc7c7c7c7, 0xc7c7c7c7, 0xc7c7c7c7, 0xc7c7c7c7, 0xc7c7c7c7, 0xc7c7c7c7, 0xc7c7c7c7, 0xc7c7c7c7,
0xc7c7c7c7, 0xc7c7c7c7, 0xc7c7c7d4, 0xc7c7c7c7, 0xc7c7c7c7, 0xc7c7c7c7, 0xc7c7c7c7, 0xc7c7c7c7,
0xc7c7c7c7, 0xc7c7c7c7, 0xc7c7c7c7, 0xc6c7c6c7, 0xc7c7c7c7, 0xc6c7c7c7, 0xc7c7c7c7, 0xc7c7c7c7,
0xc7c7c7c7, 0xc7c7c7c7, 0xc7c7c7c7, 0xc7c7c7c7, 0xc7c7c7c7, 0xc7c7c7c7, 0xc7c7c7c7, 0xc7c7c7c7,
0xc7c7c6c7, 0xc7c1c6c7, 0xc6c1c1c6, 0xc7c7c7c1, 0xc6c1c6c6, 0xc7c7c7c1, 0xc7c7c7c7, 0xc7c7c7c6,
0xc7c7c7c7, 0xc7c7c7c7, 0xc7c7c7c7, 0xc7c7c7c7, 0xc6c6c7c7, 0xc7c7c6c7, 0xc7c7c7c7, 0xc7c7c7c6,
0xc7c6c6c7, 0xc7c7c7c6, 0xc6c1c6c7, 0xc7c7c7c6, 0xc6c1c6c6, 0xc7c7c7c7, 0xc7c7c6c6, 0xc7c7c7c7,
0xc7c7c7c7, 0xc7c7c7c7, 0xc7c7c6c7, 0xc2c7c7c7, 0xc7c7c6c7, 0xc2c7c7c7, 0xc7c7c7c7, 0xc2c7c7c7,
0xc7c7c7c7, 0xc7c7c7c7, 0xc7c7c6c6, 0xc7c7c7c7, 0xc7c1c2c6, 0xc7c2c7c7, 0xc7c7c2c2, 0xc2c7c7c7,
0xc7c7c2c2, 0xc1c7c7c7, 0xc7c7c7c2, 0xc1c7c7c7, 0xc7c7c1c1, 0xc2c7c7c7, 0xc7c7c2c2, 0xc7c2c7c7,
0xc6c6c7c7, 0xc7c7c7c7, 0xc2c7c7c7, 0xc7c7c7c7, 0xc1c7c7c7, 0xc7c7c7c7, 0xc2c7c7c2, 0xc7c7c7c7,
0xc7c7c7c2, 0xc7c7c7c7, 0xc7c7c7c7, 0xc7c7c7c7, 0xc7c2c7c7, 0xc7c7c7c2, 0xc7c7c7c7, 0xc7c7c2c7,
0xc7c7c7c7, 0xc2c7c7c7, 0xc7c7c7c7, 0xc7c7c7c7, 0xc7c7c2c7, 0xc7c2c7d4, 0xc7c7c7c7, 0xc7c2c7d4,
0xc7c7c2c7, 0xc2c7c7c7, 0xc7c7c7c7, 0xc7c7c7c7, 0xc7c7c7c7, 0xc7c7c2c7, 0xc7c7c7c7, 0xc1c1c3c3,
0xc2c7c7c1, 0xc7c2c7c7, 0xc2c2c7c2, 0xc7c2c7c2, 0xc7c2c7c2, 0xc7c7c7c2, 0xc7c7c7c7, 0xc7c7c7c7,
0xc2c2c2c2, 0xc7c7c2c2, 0xc2c2c2c2, 0xc2c2c7c2, 0xc2c7c7c7, 0xc7c2c2c2, 0xc2c2c7c2, 0xc7c7c2c7,
0xc2c2c2c7, 0xc7c7c7c7, 0xc7c2c2c2, 0xc7c7c7c7, 0xc7c2c2c2, 0xc7c7c7c7, 0xc7c7c7c7, 0xc7c7c7c7,
0xc7c7c2c7, 0xd4d4c7c7, 0xc7c7c2c2, 0xd4d4c7d4, 0xc2c7c2c7, 0xc7c7c7c7, 0xc7c7c7c7, 0xc7c7c7c7,
0xc7c7c7c7, 0xc7c7c7c7, 0xc7c7c7c7, 0xd4c7c7c7, 0xc7c7c7c7, 0xc7d4c7c7, 0xc7c7c7c7, 0xc7c7c2c7,
0xc7c7d4c7, 0xc7c7c3c7, 0xc7c7d4c7, 0xc3c7c7c7, 0xc7c7c7c7, 0xc7c7c7c7, 0xc7c7d4c7, 0xc7c3c7c7,
0xc7c7c7c7, 0xc7c7c7c7, 0xc7c7c7c7, 0xc7c7c7c7, 0xc7c7c7c3, 0xc7c7c7c7, 0xc7c7c7c3, 0xc7c7c7c7,
0xc7c7c7c7, 0xc7c7c7c7, 0xc7c7c7c3, 0xc7c7c7c7, 0xc7c7c3c7, 0xc7c7c7c7, 0xc7c7c7c7, 0xc7c7c7c7,
0xc7c7c7c7, 0xc7c7c7c7, 0xc7c7c7c7, 0xc7c7c7c7, 0xcac7c7c7, 0xc7cacac7, 0xc7cac7c7, 0xcacac7c7,
0xcac7cac7, 0xcacac7c7, 0xc7c7c7c7, 0xcacacac7, 0xc7c7c7c7, 0xcad4d4ca, 0xc7cacac7, 0xcacacac7,
0xcacac7c7, 0xc7cac7c7, 0xd4cacac7, 0xc7cacaca, 0xd4d4caca, 0xcacacaca, 0xcac7c7ca, 0xcacacaca,
0xd4cac7c7, 0xcacacaca, 0xd4d4caca, 0xcacacaca, 0xd9d4caca, 0xcacacaca, 0xcad4caca, 0xcacacaca,
0xcac7c7c7, 0xcacacac7, 0xc7c7c7c7, 0xcacac7c7, 0xcacacaca, 0xc7c7c7ca, 0xcacacaca, 0xcacacaca,
0xcacacaca, 0xcacacaca, 0xcacacaca, 0xcacacaca, 0xcacacaca, 0xcacacaca, 0xcacacaca, 0xcacacaca,
0xcacacbca, 0xcacbcbca, 0xcacacaca, 0xcacbcbca, 0xc7cacaca, 0xcacacaca, 0xcacacaca, 0xc7cacaca,
0xcacacaca, 0xcacacaca, 0xcacacaca, 0xcacacaca, 0xcacacaca, 0xcacacaca, 0xcacacaca, 0xcacacaca,
0xcacacaca, 0xcacacaca, 0xcacacaca, 0xcacacaca, 0xcacac7c7, 0xcacacaca, 0xcac7c7c7, 0xcac7caca,
0xcac7c7c7, 0xcacac7ca, 0xcacacaca, 0xcac7c7ca, 0xcacacaca, 0xcacacaca, 0xcacacaca, 0xcacacaca,
0xcacacaca, 0xc5c5caca, 0xcacacaca, 0xc5c5caca, 0xcacac7c7, 0xc5c5caca, 0xc7cac7c7, 0xc5c5c5ca,
0xc7c7cac7, 0xc5c5c5c7, 0xc7c7c7ca, 0xc5c5c5ca, 0xc7cacaca, 0xc5c5c5c5, 0xcacacaca, 0xc5c5cac7,
0xc5c5c5c5, 0xb1b1c5c5, 0xc5c5c5c5, 0xb1b1c1c5, 0xc5c5c5c5, 0xb1c1c5c5, 0xc5c5c5c5, 0xb1b1c5c4,
0xc5c5c5c5, 0xc1b1c4c5, 0xc5c5c5c5, 0xc5b1c1c5, 0xc5c5c5c5, 0xc5b1b1c1, 0xc5c5c5c5, 0xc5c5c1c4,
0xc1c1c1c1, 0xc1c1c4c1, 0xc1c1c4c1, 0xc5c5c5c4, 0xc1b1c4c1, 0xc7c7c1c1, 0xb1c1c4c4, 0xc3c5c4c4,
0xc1c1c4c5, 0xc5c5c1c1, 0xb1c1c5c5, 0xc5c4c1c1, 0xc1c1c5c5, 0xc5c7c5c1, 0xc1c5c5c5, 0xc1c3c5c5,
0xc7c7c7c1, 0xc3c2c1c1, 0xc7c7c7c7, 0xc3c3c3c3, 0xc1c1c3c5, 0xc3c3c3c3, 0xc1c1c1c5, 0xc7c1c2c1,
0xc1c1c3c5, 0xc7c3c1c1, 0xc1c1c5c1, 0xc1c1c1c1, 0xc1c1c1c1, 0xc1c1c1c1, 0xc1c7c3c1, 0xc1c1c1c1,
0xc7c7c3c3, 0xc3c3c7c7, 0xc7c3c3c7, 0xc3c3c3c7, 0xc7c7c3c3, 0xc7c3c7c7, 0xc3c7c3c7, 0xc3c3c7c3,
0xc3c1c1c1, 0xc3c3c3c3, 0xc1c1c1c1, 0xc3c2c2c3, 0xc3c1c1c1, 0xc3c2c2c3, 0xc7c7c1c1, 0xc3c3c3c7,
0xc3c7c7c3, 0xc1c2c3c2, 0xc3c7c7c3, 0xc1c3c3c3, 0xc3c3c3c7, 0xc1c2c3c3, 0xc3c3c7c3, 0xc1c2c2c3,
0xc3c3c7c3, 0xc1c2c2c3, 0xc2c3c3c2, 0xc1c1c2c7, 0xc7c3c3c3, 0xc1c2c2c7, 0xc7c3c2c2, 0xc1c2c3c7,
0x928cc1c1, 0xc1c192c1, 0x928cc1c1, 0x929292c1, 0xc1c1c1be, 0x9292c1c1, 0xc1c1c1c1, 0xc1c1c1c1,
0xc1c1c1c1, 0xc1c1c1c1, 0xc1c1c1c1, 0xc1c1c1c1, 0xc1c1c1c1, 0xc1c1c1c1, 0xc1c1c1c1, 0xc1c1c1c1,
0xc1c1c1c1, 0x92c1c1c1, 0xc1c1c1c1, 0xc1c1c1c1, 0xc1c1c1c1, 0xc1c1c1c1, 0xc1c1c1c1, 0xc1c1c1c1,
0xc1c1c1c1, 0xc1c1c1c1, 0xc1c1c1c1, 0xc1c1c1c1, 0xc1c1c1c1, 0xc1c1c1c1, 0xc1c1c1c1, 0xc1c1c1c1,
0xb1b1c192, 0x84848491, 0xb1b1c192, 0x84848b91, 0xb1b1c1c1, 0xb1879191, 0xb1b1c1c1, 0x848491b1,
0x91b1b1c1, 0x84849191, 0xb1b1b1c1, 0x82848491, 0xb1b1b1c1, 0x84848791, 0x91b1b1c1, 0x84848791,
0x84848484, 0x84848484, 0x84848484, 0x84848484, 0x84848484, 0x84848484, 0xae8484ae, 0x84828484,
0xae848484, 0x82848484, 0x84848484, 0x848484ae, 0x84afae84, 0x84848182, 0x82ae8484, 0x84848181,
0x84848484, 0x84848484, 0x84848383, 0x84848484, 0x84848481, 0x81818484, 0x84848481, 0x81818284,
0x81828482, 0x81828181, 0x818484ae, 0x82848282, 0x84848282, 0x81848484, 0xae848481, 0x82ae8484,
0x81848484, 0x81848481, 0x81828484, 0x83848181, 0x81818484, 0x84848481, 0x81818484, 0x84848481,
0x81828481, 0x81848482, 0x81828482, 0x81848484, 0x81828484, 0x81848484, 0x84828282, 0x81828184,
0x84818181, 0x84848484, 0x837d8181, 0x84838383, 0x837d8184, 0x84838383, 0x837d8181, 0x84848484,
0x8381817d, 0x84848484, 0x81837d81, 0x84848484, 0x7d848181, 0x84848483, 0x81818181, 0x83848484,
0x83838484, 0x837d8383, 0x83838384, 0x83837f83, 0x84838383, 0x83838383, 0x83838384, 0x83838483,
0x83838384, 0x837d8383, 0x7f838484, 0x84838483, 0x837d8484, 0x84838483, 0x81818484, 0x83837d7d,
0x7f7f8384, 0x7f7f7f7d, 0x7d838484, 0x7f7f7f7d, 0x83838384, 0x7f7f7f7f, 0x7d7d7d83, 0x7f7f7d7c,
0x7d7d8384, 0x7f7f7d7d, 0x7d838383, 0x7f837d7d, 0x7d818383, 0x7f837d7d, 0x7d7d7d83, 0x7f837d7d,
0x7f7f7f7d, 0x7f7f837f, 0x7f7f7d7d, 0x7c7d7f7f, 0x7f7d7f7d, 0x7c7f7f7f, 0x7d7d7f7d, 0x7c7f7f7f,
0x7f7d7d7d, 0x7c7f7f7f, 0x7f7d7c7d, 0x7c7f837f, 0x7f7f7d7f, 0x7d83847f, 0x7f7f7d7f, 0x7d7f7f7f,
0x7f7f7f7f, 0x7f7f7f7f, 0x7f7f7f7d, 0x7d7c7d7f, 0x7c7f7f7d, 0x7c7c7f7f, 0x7d7d7f7d, 0x7d7f7f7f,
0x7c7f7f7f, 0x7f7f837d, 0x7f7f7f7f, 0x7f83837f, 0x7f7f8383, 0x7f83837f, 0x7f7f7f7f, 0x7c7f7f7f,
0x7c7f7d7f, 0x7f7f7f7f, 0x7c7f7c7d, 0x7f7c7c7c, 0x7f7f7d7c, 0x7d7c7c7c, 0x7c7c7d7d, 0x7c7c7c7c,
0x7f7d7f7f, 0x7c7d7c7d, 0x7f7f7f7f, 0x7f7f7f7d, 0x7c7c7d7d, 0x7f7f7f7c, 0x7c7c7c7c, 0x7c7f7f4c,
0x7c7c7c7c, 0x4c7c7c7c, 0x7c7c7c7c, 0x4c7c7c7c, 0x7c7c4c7c, 0x7c7c7c7c, 0x7c7c4c7c, 0x7c7c7c7c,
0x7c4c4c4c, 0x7c7c7c7c, 0x7c7c4c7c, 0x7c7c7c7c, 0x7c7d7c7c, 0x7c7c7f7f, 0x7f7c7c4c, 0x7c7c7f7d,
0x7f7f7e7e, 0x7f7f7f7f, 0x7f7f7e7e, 0x7f897f7f, 0x837f7f7f, 0x7f837f7f, 0x7f7e7f7f, 0x7e7f8383,
0x7c7c7f7f, 0x7e7f7f7f, 0x4c4c7f7f, 0x7e7e7e7c, 0x4c7c837f, 0x7f837f7c, 0x4c4c7c7f, 0x837f7f7c,
0x7e7f7e7e, 0x7e7e7c7c, 0x7e7f7e7e, 0x7e7e4a4c, 0x7c7f7e7e, 0x7c7e4c4c, 0x7e7f7f7e, 0x7c7c7c4c,
0x7e7e7e7e, 0x7c7c4c7c, 0x7c7c7c7e, 0x7c7c7c7d, 0x7c7c7d7f, 0x7f7c7c7c, 0x7c7c7c7e, 0x7f7c7e7f,
0x4c4c4c7c, 0x7e52524c, 0x4c4c4c7c, 0x7e7e7e4c, 0x4c4a4c7c, 0x7e4c4c7c, 0x4a4c4c7c, 0x4c4c4c4c,
0x4a7c7c7c, 0x4c4c3131, 0x7c7c7c7c, 0x7c7c4c4a, 0x7c7c4c7c, 0x7e7c4c4a, 0x7c7c4a7c, 0x7c7c7c7c,
0x7e7e7e7e, 0x7e7e7e7e, 0x7e7e7e7e, 0x7e7e7e7e, 0x7e8a7e7e, 0x7e7e7e7e, 0x7e7e8a7e, 0x7e7e7e7e,
0x8a7e8a7e, 0x7e7e8a7e, 0x7e7e7e7e, 0x7e7e8a8a, 0x7e897f7e, 0x7e7e8a8a, 0x89897e4c, 0x527e7e7f,
0x7e7e7e7e, 0x524c7e7e, 0x7e7e7e7e, 0x524c7e7e, 0x7e7e7e7e, 0x7e7e7e7e, 0x7e7e7e7e, 0x7e7e7e7e,
0x7e7e7e7e, 0x7e7e7e7e, 0x7e7e7e7e, 0x7e7e7e7e, 0x7e7e8a7e, 0x7e7e7e7e, 0x7e7e7e7e, 0x7e7e7e7e,
0x7c7e7e7e, 0x4c4c4c7e, 0x7c7e7e7e, 0x7e4c4c7c, 0x7e7e7e7e, 0x4c4c4c7c, 0x7e7e7e7e, 0x4c4c4c7e,
0x7e7e7e7e, 0x4c7e4c7e, 0x7e7e7e7e, 0x4c7e4c7e, 0x4c7e7e7e, 0x7e4c4c7e, 0x4c7e7e7e, 0x7e7e7e7e,
0xd7d7d7d7, 0xd7d7d7d7, 0xd7d7d7d7, 0xd7d7d7d7, 0xd7d7d7bc, 0xd7d7d7d7, 0xd7d7d7bc, 0xd7d7d7d7,
0xd7d7d7bc, 0xd7d7d7d7, 0xd7d7d7d7, 0xd7d7d7d7, 0xd7bcbcd7, 0xd7d7d7d7, 0xd7d7bcd7, 0xbcd7d7d7,
0xd7d7d8d8, 0xd7d7d7d7, 0xd7d7d7d7, 0xd7d7d7d7, 0xd7d7d7d7, 0xd7d7d7d7, 0xd7d7d7d7, 0xbcd7d7d7,
0xd7d7d7d7, 0xbcd7d7d7, 0xd7d7bcbc, 0xd7d7d7d7, 0xd7bcbcbc, 0xbcbcbcbc, 0xbcd7d7bc, 0xbcbcbcbc,
0xd7d7d7d7, 0xbcbcd7d7, 0xbcd7d7d7, 0xbcbcbcbc, 0xbcbcd7d7, 0xbcbcbcd7, 0xbcbcbcbc, 0xbcbcbcbc,
0xbcbcbcbc, 0xbcbcbcbc, 0xbcbcbcbc, 0xbcbcbcbc, 0xbcbcbcbc, 0xbcbcbcbc, 0xbcbcbcbc, 0xbcbcbcbc,
0xbcbcbcbc, 0xd7d7d7bc, 0xbcbcd7bc, 0xbcbcbcbc, 0xbcbcbcbc, 0xbcbcbcbc, 0xbcbcbcbc, 0xbcbcbcbc,
0xbcbcbcbc, 0xbcbcbcbc, 0xbcbcbcbc, 0xbcbcbabc, 0xbcbcbcbc, 0xbcbcbaba, 0xbabcbcbc, 0xbcbababa,
0xbcd7d7d7, 0xbcbcbcbc, 0xbcbcbcbc, 0xbcbcbcbc, 0xbcbcbcbc, 0xbcbcbcbc, 0xbcbcbcbc, 0xbcbcbcbc,
0xbcbcbcbc, 0xbcbcbcbc, 0xbabcbaba, 0xbcbcbcbc, 0xbabababa, 0xbabcbcba, 0xbabcbabc, 0xbabababa,
0xbcbcbcbc, 0xbcbcbcbc, 0xbcbcbcbc, 0xbcbcbcbc, 0xbcbcbcbc, 0xbcbcbcbc, 0xbcbcbcbc, 0xbcbcbcbc,
0xbcbcbcbc, 0xbcbcbcbc, 0xbababab7, 0xbabcbcba, 0xbabababa, 0xbabababa, 0xbabababa, 0xadadbaba,
0xbababcbc, 0xbabaadad, 0xadadbabc, 0xadadadad, 0xadadbaba, 0xadadadad, 0xadadadba, 0xadadadad,
0xadadadba, 0xadadadad, 0xadadadad, 0xadadadad, 0xadadadad, 0xadadadad, 0xadadadad, 0xadadadad,
0xbababaad, 0xb8b8baba, 0xbabaadad, 0xadadadba, 0xadbaadad, 0xadadadad, 0xbaadadad, 0xadadadad,
0xbaadadad, 0xadadadad, 0xadbaadad, 0xadadadad, 0xadbaadad, 0xadadadad, 0xadadadad, 0xadadadad,
0xbabab8b7, 0xbabababa, 0xadadadad, 0xb7b8b8ad, 0xadadadad, 0xadadadad, 0xadadadad, 0xbaadadad,
0xadadadad, 0xbabaadad, 0xadadadad, 0xadadadad, 0xadadadad, 0xa9a9adad, 0xa9adadad, 0xa9a9adad,
0xb7bababa, 0xbab7adad, 0xb8b8b8b7, 0xbabab8ba, 0xb8b8b8b8, 0xb8bab8b7, 0xadb8b8b8, 0xadadadad,
0xadadadad, 0xadadadad, 0xadbaadad, 0xadadadad, 0xadadada9, 0xa9a9a9a9, 0xadadada9, 0xa9a9adad,
0xadbababa, 0xadabadab, 0xadadb7b7, 0xadadadad, 0xbaadadba, 0xbaadadad, 0xadadadad, 0xadadadad,
0xadadadad, 0xadadadad, 0xa9a9a9a9, 0xadadadad, 0xa9a9a9a9, 0xadadada9, 0xada9a9a9, 0xadadadad,
0xabadb7b7, 0xb7ababab, 0xadb7bab7, 0xb7b7adad, 0xadadadba, 0xadadabad, 0xadadadad, 0xadadadad,
0xadadadad, 0xabada9ad, 0xadadadad, 0xadadadad, 0xadadadad, 0xada9a9ad, 0xa9a9a9ad, 0xa9a9ada9,
0xb7b7b7b7, 0xb7b7b7b7, 0xabb7b7b7, 0xb7ababab, 0xabababad, 0xabadb7ad, 0xaba8a8ab, 0xabadadb7,
0xabada8a8, 0xadadabab, 0xadadadad, 0xa8ada8a8, 0xadadadad, 0xa8a8a8ad, 0xada8a9ad, 0xa8a8a8ad,
0xb7b7b7b7, 0xb7b4b7b4, 0xb7b7abb7, 0xabababab, 0xb7b7abad, 0xabababab, 0xadadabab, 0xb7ababab,
0xadadadad, 0xababa8a8, 0xa8abada8, 0xa8a8a8a8, 0xa8a8a8a8, 0xa8a8a8a8, 0xa8a8a8a8, 0xa8a8ada8,
0xb7b4b4b7, 0xb7b9b7b7, 0xb7b7b7ab, 0xb7b7b7b7, 0xabababb7, 0xadb7adab, 0xabababb7, 0xabababab,
0xabababab, 0xadadadad, 0xabababa8, 0xadadadab, 0xa8a8a8a8, 0xaba8a8a8, 0xa8ababa8, 0xaba8a8a8,
0xb7b7b7b7, 0xb7b7b7b7, 0xb7ababb7, 0xabababab, 0xabababab, 0xabababab, 0xa8ababad, 0xabababad,
0xa8ababad, 0xabababa8, 0xa8a8a8ab, 0xadaba8a8, 0xabada8a8, 0xada8aba8, 0xadaba8a8, 0xabababad,
0xb7b4b7b7, 0xb4b4b7b7, 0xabababab, 0xabababab, 0xabababab, 0xabababab, 0xabababad, 0xabadabab,
0xabababab, 0xa8ababab, 0xabababab, 0xa8a8abab, 0xabababad, 0xababa8ab, 0xa8a8a8ab, 0xa8ababab,
0xb4b4abb4, 0xb4b4b4b4, 0xabababab, 0xabababab, 0xababa8a8, 0xa8a8abab, 0xaba8a8a8, 0xa8a8a8ab,
0xa8a8a8a8, 0xa8a8a8a8, 0xababa8a8, 0xaba8a8a8, 0xababa8ab, 0xaba8abab, 0xabababa8, 0xa8a8a8a8,
0xb4b4b4b4, 0xababb4ab, 0xabababab, 0xabababab, 0xa8ababa8, 0xababa89f, 0xa8aba8a8, 0xabababa8,
0xa8a8a8a8, 0xababa8a8, 0xa8a89fa8, 0xa8a8a8a8, 0x9fa8a8a8, 0x9fa8aba8, 0xa8a8a8a8, 0xa8a8a8a8,
0xabababab, 0xa2abb4ab, 0xabababab, 0xa2ababab, 0xabababab, 0xabababab, 0xabababab, 0xabababab,
0xa8ababab, 0xabababab, 0xababa8ab, 0xabababab, 0xababa8a8, 0xabababab, 0xa89f9fa8, 0xabababab,
0xb4b4b4a2, 0xb4b4b4b4, 0xafabb4a2, 0xb4b4b4b4, 0xa2a2abab, 0xb4b4b4b4, 0xa29eabab, 0xb4b4b4b4,
0xaba3abab, 0xafb4b4b4, 0xabababab, 0xa3ababab, 0xa3ababab, 0xa2a3a3ab, 0xa39fa39f, 0xaba3a3ab,
0xc7c7c7c5, 0xc7c7d6d6, 0xc7c7c4af, 0xcacad6c7, 0xc5c5b1b4, 0xd6d6cac7, 0xb1b1b4b4, 0xd6c7c7c5,
0xaeb4b4b4, 0xcac7c7c4, 0xb4b4afb4, 0xc7c7c7b4, 0xb4afafb4, 0xc5c5c5b4, 0xaeafa3b4, 0xc5c5c4b4,
0xcac7c7c7, 0xc7c7c7ca, 0xcacac7ca, 0xc7c7d6d6, 0xc7c7c7ca, 0xc7c7d6c7, 0xc7c7c7ca, 0xc7d9d9c7,
0xcac7c7ca, 0xd9c7c7ca, 0xcacacac7, 0xc7c7cac7, 0xc7c7cac7, 0xc7c7c7c7, 0xc7c7c5c5, 0xc7c7c7c7,
0xc7c7c7c7, 0xc7c7c7c7, 0xc7c7c7c7, 0xc7c7c7c7, 0xc7c7c7c7, 0xc7c7c7c7, 0xc7c7c7c7, 0xc7c7c7c7,
0xc7c7c7d9, 0xc7c7c7c7, 0xc7c7c7c7, 0xc7c7c7c7, 0xc7c7c7c7, 0xc7c7c7c7, 0xc7c7c7c7, 0xc7c7d4c7,
0xc7c7c7c7, 0xc7c7c7c7, 0xc7c7c7c7, 0xc7c7c7c7, 0xc7c7c7c7, 0xc7c7c7c7, 0xc7c7c7c7, 0xc7c7c7c7,
0xc7c7c7c7, 0xc7c7c7c7, 0xd4c7c7c7, 0xc7c7c7c7, 0xc7c7c7c7, 0xc7c7c7c7, 0xc7c7c7c7, 0xc7c7c7c7,
0xc7c7c7c7, 0xc7c7c7c6, 0xc7c7c7c7, 0xc7c7c7c7, 0xc7c7c7c7, 0xc7c7c7c7, 0xc7c7c7c7, 0xc7c7c7c7,
0xc7c7c7c7, 0xc7c7c7c7, 0xc7c7c7c7, 0xc7c7c7c7, 0xc7c7c7c7, 0xc7c7c7c7, 0xc7c7c7c7, 0xc7c7c7c7,
0xc7c7c7c7, 0xc2c7c7c7, 0xc7c7c7c7, 0xc7c7c7c7, 0xc7c7c7c7, 0xc7c7c7c7, 0xc7c7c7c7, 0xc7c7c7c7,
0xc7c7c7c7, 0xc7c7c7c7, 0xc7c7c7c7, 0xc7c7c7c7, 0xc7c7c7c7, 0xc7c7c7c7, 0xc7c7c7c7, 0xc7c7c7c7,
0xc7c2c7c2, 0xc7c7c2c7, 0xc7c2c7c7, 0xc7c7c2c7, 0xc2c2c7c7, 0xc7c7c7c1, 0xc7c7c7c7, 0xc7c7c7c2,
0xc7c7c7c7, 0xc7c7c7c7, 0xc7c7c7c7, 0xc7c7c7c7, 0xc7c7c7c7, 0xc7c7c7c7, 0xc7c7c7c7, 0xc7c7c7c7,
0xc7c7c7c7, 0xc7c7c1c2, 0xc7c7c2c7, 0xc7c7c2c2, 0xc7c7c7c7, 0xc7c7c7c7, 0xc7c7c7c7, 0xc7c7c7c7,
0xc7c7c7c7, 0xc7c7c7c7, 0xc2c7c7c7, 0xc7c7c7c7, 0xc7c7c7c7, 0xc7c7c7c7, 0xc3c1c7c7, 0xc7c7c7c7,
0xc7c3c7c7, 0xc7c7c7c7, 0xc7c7c7c7, 0xc7c3c3c7, 0xc7c7c7c7, 0xc1c7c7c7, 0xc7c7c7c7, 0xc7c7c7c3,
0xc7c7c7c7, 0xc7c3c3c3, 0xc7c7c7c7, 0xc7c3c3c3, 0xc7c7c7c7, 0xc7c3c7c7, 0xc3c7c7c7, 0xc3c7c7c7,
0xc7c7c7c2, 0xc7c7c7c7, 0xc7c7c7c7, 0xc7c7c7c3, 0xc7c7c7c7, 0xc3c3c7c3, 0xc7c3c7ca, 0xc3c7c7c7,
0xc7c3c7c7, 0xc7c3c3c7, 0xc7c7c7c7, 0xc7c3c3c3, 0xc7c7c7c7, 0xc7c7c7c7, 0xc7c7c7c7, 0xc5c5c7c7,
0xc7d4c7c7, 0xd4c7c7c7, 0xc7c7c7c7, 0xc7c7c7c3, 0xc7c7c7c7, 0xc3c7c3c3, 0xc3c7c3c3, 0xc5c7c7c7,
0xc7c3c3c3, 0xc5c5c7c7, 0xc3c3c5c7, 0xc3c5c7c5, 0xc5c5c7c5, 0xc3c5c3c3, 0xc3c5c5c3, 0xb1c5c3c3,
0xc7c7c7c7, 0xc7c7c7c7, 0xc7c3c3c7, 0xc7c7c7c7, 0xc3c1c1c1, 0xc1c5c3c7, 0xc3b1b1c1, 0xb1b1afb1,
0xb1af87b1, 0xafafafaf, 0xa2afafaf, 0xafafaf82, 0x82afa2af, 0xafafafa2, 0xa3a382a3, 0xafafa3a2,
0xd4d4c7c7, 0xc7c7c7c7, 0xc7c7c7c7, 0xc7c7c7c7, 0xc7c7c7c7, 0xc7c7c7c7, 0xc7c5c1c1, 0xc7c7c5c7,
0xc1b1b1af, 0xc3c1c1c1, 0xafafafaf, 0xb1b1b1b1, 0xafafafaf, 0xb1b1b1af, 0xafafafaf, 0xb1b1afaf,
0xd4d4d4c7, 0xcacacad4, 0xd4d4d4ca, 0xd4cacaca, 0xcacacaca, 0xd4d4caca, 0xc7cacac7, 0xd4d4caca,
0xc7c7c7c7, 0xcacacac7, 0xc3c5c5c1, 0xcacac7c7, 0xc3c1c1b1, 0xcac7c7c5, 0xb1b1b1b1, 0xcac7c5c1,
0xcad4d4ca, 0xcacacaca, 0xcacacaca, 0xcacacaca, 0xcacacad4, 0xcacacaca, 0xcacacad4, 0xcacacaca,
0xcacacad4, 0xcacacaca, 0xcacad4ca, 0xcacacaca, 0xcacacaca, 0xcacacaca, 0xcacacaca, 0xcacacaca,
0xcacacaca, 0xcacacaca, 0xcacacaca, 0xcacacaca, 0xcacacaca, 0xcacacaca, 0xcacacaca, 0xcacacaca,
0xcacacaca, 0xcacacaca, 0xcacacaca, 0xcacacaca, 0xcacacaca, 0xcacacaca, 0xcacacaca, 0xcacacaca,
0xcacacaca, 0xcacacaca, 0xcacacaca, 0xcacacaca, 0xcacacaca, 0xcacacaca, 0xcacacaca, 0xcacacaca,
0xcacacaca, 0xcacacaca, 0xcacacaca, 0xcacacaca, 0xcacacaca, 0xcacacaca, 0xcacacaca, 0xcacacaca,
0xcacacbca, 0xcacacaca, 0xcacacaca, 0xcacacaca, 0xcacacaca, 0xcacacaca, 0xcacacaca, 0xcacacaca,
0xcacacaca, 0xcacacaca, 0xcacacaca, 0xcacacaca, 0xcacacaca, 0xc7cac7c7, 0xcacacaca, 0xc7c7caca,
0xcacacaca, 0xc5c5c5c7, 0xcacacaca, 0xc5c5c3c5, 0xcacacaca, 0xc5c5c5c7, 0xcacacaca, 0xc5c5c5ca,
0xcac7caca, 0xc9c5caca, 0xcacacaca, 0xcacacaca, 0xcacacaca, 0xc5c5c7c7, 0xc7cacaca, 0xc5c5cac7,
0xc5c5c5c5, 0xc5c5c1c4, 0xc5c5c5c5, 0xc5c5c1c4, 0xc5c5c5c5, 0xc5c1c4c5, 0xc5c5c5c5, 0xc5c1c1c4,
0xc4c5c5c5, 0xc5c1c1c1, 0xb1c5c5ca, 0xc5c1c5c4, 0xc5c5c5ca, 0xc1c1c5c5, 0xc5c5c5ca, 0xc5c1c5c5,
0xc4c5c5c5, 0xc1c1c5c4, 0xc1c5c5c5, 0xc1c5c1c1, 0xb1c1c5c5, 0xc1c3c1c1, 0xc1c4c5c5, 0xc1c1c1c1,
0xc5c5c5c4, 0xc1c5c5c5, 0xc5c5c4c1, 0xc5c5c5c5, 0xc5c5c1c1, 0xc5c5c5c5, 0xc1c1c1c1, 0xc5c5c1c5,
0xc3c7c5c1, 0xc7c1c1c3, 0xc5c7c1c1, 0xc7c5c1c7, 0xc5c7c3c1, 0xc1c1c1c1, 0xc5c5c5c1, 0xc1c1c1c1,
0xc5c5c5c5, 0xc1c1b1c1, 0xc5c5c5c5, 0xc1c1b1c1, 0xc1c5c5c5, 0xc1c1b1b1, 0xc5c5c5c5, 0xc1b1c5c5,
0xc7c3c3c3, 0xc3c3c3c3, 0xc3c3c3c7, 0xc3c3c3c3, 0xc3c3c3c3, 0xc3c3c3c3, 0xc3c3c3c1, 0xc3c3c1c1,
0xc1c1c3c1, 0xc3c3c1c1, 0xb1c1c1c1, 0xc1c1c1c1, 0xc1c1c1c1, 0xc1c1c1c1, 0xc1c1c1c1, 0xc1c1c1c1,
0xc3c3c3c3, 0xc1c3c3c3, 0xc3c3c3c3, 0xc3c3c7c7, 0xc7c3c3c3, 0xc1c3c3c7, 0xc7c3c3c3, 0xc1c1c3c7,
0xc3c3c3c3, 0xc3c3c7c3, 0xc3c3c3c3, 0xc3c3c7c7, 0xc1c3c3c3, 0xc3c3c3c3, 0xc3c3c3c3, 0xc3c5c7c3,
0xc1c1c1c1, 0xc1c1c1c1, 0xc1c1c1c1, 0xc1c1c1c1, 0xc1c1c1c3, 0xc1c1c1c1, 0xb1c1c1c3, 0xc1c1c1c1,
0xc1c1c3c3, 0xc1b1c1c3, 0xc1c1c3c3, 0xb1c3b1c3, 0xc3c3c3c3, 0xb1b1b1b1, 0xc3c3c1c3, 0xb1b1b1c3,
0xc1c1c1c1, 0xb1c1b1c1, 0xc1c1c1c1, 0xb1c1b1c1, 0xc1c1c1c1, 0xb1b1b1b1, 0xc1c1c1c1, 0xb1b191b1,
0xb1b1c1c1, 0xb1b1b1b1, 0x91b1b1b1, 0xb1b1b191, 0xb1b1b1b1, 0xb1b1b1b1, 0xafb1b1c3, 0xb1afafaf,
0xb1b1b1b1, 0x84848491, 0xb1b1b1b1, 0x84848484, 0x91b1b1b1, 0x84848484, 0xb1b1b1b1, 0x8484afaf,
0xb1b1b1b1, 0x8484aeaf, 0x84aeb1b1, 0xae848484, 0xaf84afb1, 0xaf848484, 0xae84afaf, 0xaeae8484,
0x818484ae, 0x84848481, 0x81818484, 0x84848484, 0x84828282, 0x828484ae, 0xae848482, 0x84ae8484,
0x84848484, 0xaeafae84, 0xae848484, 0x84aeae84, 0x848184ae, 0x84aeaeae, 0x84828284, 0xaeaeafae,
0x84ae8482, 0x81aeae84, 0x84848481, 0x81848484, 0x84848181, 0x84848484, 0x84848281, 0x84848484,
0x84848482, 0x84848482, 0x84ae8481, 0x84aeae82, 0x84ae8482, 0x84ae8482, 0x82ae8282, 0x8484af84,
0x81828481, 0x81828481, 0x81818482, 0x81818481, 0x81818284, 0x81818181, 0x81848484, 0x81818182,
0x8484aeae, 0x81828184, 0x848484ae, 0x81848484, 0x84818184, 0x82828282, 0x81818184, 0x81818481,
0x817d8181, 0x84848484, 0x817d8181, 0x84848484, 0x84848481, 0x83848484, 0x84848481, 0x83838484,
0x84848181, 0x84848484, 0x84818181, 0x83838484, 0x84818182, 0x81818384, 0x84837d82, 0x7d818183,
0x84818484, 0x7d7d7d84, 0x817d7d83, 0x837d7d83, 0x817d7c7d, 0x83837d81, 0x81818183, 0x83838383,
0x83838483, 0x83838383, 0x837d8483, 0x84848483, 0x83838381, 0x84848484, 0x84848481, 0x84848483,
0x7d7d7d7d, 0x8383837d, 0x7d7d8383, 0x83838383, 0x84848383, 0x83838383, 0x84848383, 0x7d7d7d7d,
0x83838383, 0x7d83837d, 0x83838183, 0x8384837d, 0x7d817d83, 0x8484837d, 0x81848383, 0x8484837d,
0x7f7f7f7f, 0x83837f7f, 0x7f7f7d83, 0x83847f7f, 0x7f7d7d83, 0x7f847f7f, 0x7f7d7d7d, 0x7f7f7f7f,
0x83837d7d, 0x7f83837f, 0x847f7d83, 0x83848483, 0x7f7d7f83, 0x83838483, 0x837f7f84, 0x84838483,
0x7f7f7f84, 0x7c7f7f7f, 0x7f7f837f, 0x7f7d7f83, 0x7f7f837f, 0x7f7f7f7f, 0x7c7d7f7f, 0x7f837f7d,
0x7c7f7f83, 0x7f7f7f7f, 0x7d7f7f84, 0x7f7f7f7f, 0x7f7f8384, 0x837f7f7f, 0x7f847f83, 0x7f7f7f7f,
0x7d7f7d7d, 0x7d837f7c, 0x7f7f7f7f, 0x7f7f7f7c, 0x7d7f7f7f, 0x7d7d7f7d, 0x4c7f7f7f, 0x7d7c7f7c,
0x7d7f7f7d, 0x7f7c7d7c, 0x7f847f7d, 0x7f7c7d7f, 0x7f83847f, 0x7f7f7f7f, 0x7f7f837f, 0x7f7f7f7f,
0x7f7c4c7c, 0x7f7c7f7f, 0x7f7c7c7d, 0x837f7f83, 0x7f7d7d7c, 0x8383837f, 0x7f7d7f7d, 0x837f7f7f,
0x7f7d7f7f, 0x7f7c7f7f, 0x7d7d7f83, 0x7f7c7c7f, 0x7f7d7c7f, 0x7c4c7d7f, 0x847f7f7f, 0x7c7c7d7f,
0x7c4a7c7f, 0x7f837f7e, 0x7c4c7f83, 0x7f7f7f7e, 0x7c7c7f83, 0x7f7f7f7c, 0x7c7c7c83, 0x7f7f7c7c,
0x4c4c7c83, 0x7f7f7f7c, 0x7c4c7c83, 0x7f7f7f7c, 0x7c7c7c7c, 0x7f7f7f7c, 0x7f7f7f7d, 0x83837f7f,
0x7c7c7c7e, 0x7c7e7f7f, 0x7c7c7c7e, 0x7f7f7f7f, 0x7c7c7c7f, 0x7f7f7f7f, 0x7c7c7f7f, 0x7f7f7f7f,
0x7c7c7f7f, 0x7f7f7c7f, 0x4c7c7f7f, 0x7f7f7e7f, 0x4c7f7f7f, 0x7f7e7c7c, 0x7c7f837f, 0x7f7f7f7f,
0x7e7c4c7c, 0x7c7c7c7c, 0x7c7c7c7c, 0x7c7e7c7c, 0x7c7c7c7f, 0x7c7c7c7c, 0x7c7c4c7f, 0x4c7c7c7c,
0x4a7c7c7f, 0x7c7c7c7c, 0x7c7c4a7f, 0x7c7c4a4a, 0x7c7c7c7f, 0x7c7c4a4a, 0x7d7c4a7d, 0x7c7c4a7c,
0x7e7f7e7e, 0x7e7e7e7e, 0x7e7e4c7c, 0x7e7e7e7e, 0x7e7e4c7c, 0x837e7e7e, 0x7e7e7c4c, 0x7e7e7e7e,
0x7e7e7c4c, 0x7e7f7e7e, 0x7f7e7c7c, 0x7e7e7f7f, 0x7f7e7e7c, 0x7f7f898a, 0x8a7f7e7c, 0x7f8a8a8a,
0x7e7e7e7e, 0x7e7e7e8a, 0x7e7e7e7e, 0x7e8a8a7e, 0x7e7e7e8a, 0x7e8a8a7e, 0x7e7e7e7e, 0x7e8a8a7e,
0x7e7e7e7e, 0x7e7e8a7e, 0x7e7e8a89, 0x7e7e7e7e, 0x8a8a8a7e, 0x7e8a7e8a, 0x7e8a8a7e, 0x8a8a8a7e,
0x7e7e7e7e, 0x4c7e7e7e, 0x7e7e7e7e, 0x527e7c7e, 0x7e7e7e7e, 0x7e7e4c4c, 0x7e7e7e7e, 0x7e7e7e7e,
0x7e7e7e7e, 0x7e7e7e7e, 0x7e7e7e7e, 0x7e7e7e7e, 0x7e7e7e7e, 0x7e7e7e7e, 0x7e7e7e7e, 0x7e7e7e7e,
0xd7d7d7d7, 0xd7d7d7d7, 0xbcd7d7d7, 0xd7d7bcbc, 0xd7d7d7d7, 0xbcbcbcbc, 0xbcbcbcd7, 0xbcbcbcbc,
0xbcbcbcd7, 0xbcbcbcbc, 0xbcbcd7d7, 0xbcd7d7d7, 0xbcbcd7d7, 0xd7d7d7d7, 0xbcbcbcbc, 0xd7d7d7d7,
0xd7d7bcbc, 0xd7d7d7d7, 0xbcbcbcd7, 0xbcd7d7bc, 0xd7d7d7bc, 0xbcbcd7bc, 0xbcbcbcbc, 0xbcbcd7bc,
0xbcbcbcbc, 0xbcbcbcbc, 0xbcbcd7d7, 0xbcbcbcbc, 0xbcbcbcd7, 0xbcd7d7bc, 0xd7bcbcd7, 0xbcbcbcbc,
0xbcbcbcbc, 0xbcbcbcbc, 0xbcbcbcbc, 0xbcbcbcbc, 0xbcbcd7d7, 0xbcbcbcbc, 0xbcd7bcbc, 0xbcbcbcbc,
0xbcbcbcbc, 0xbcbcbcbc, 0xbabcbcbc, 0xb8babcbc, 0xbababcbc, 0xbabcbcbc, 0xbabababc, 0xbcbcbcbc,
0xbabcbcbc, 0xbababcbc, 0xbcbcbcbc, 0xbababcbc, 0xbababcbc, 0xbabababa, 0xbabcbcbc, 0xbabababa,
0xbcbababa, 0xbaadbaba, 0xbabababa, 0xbabababa, 0xbabababa, 0xadadbaba, 0xbabababa, 0xbabababa,
0xbabcbcbc, 0xbabaadba, 0xbabababc, 0xbaadbaba, 0xadadbaba, 0xbaadadba, 0xadadadba, 0xadbaadba,
0xada9adba, 0xadadadad, 0xada9adba, 0xadadadad, 0xada9adad, 0xadadadad, 0xadadadad, 0xadadadad,
0xbabab8ba, 0xaaadadad, 0xadadbaba, 0xa9adadad, 0xadadadba, 0xadadadad, 0xadadbaba, 0xadadadad,
0xaaadadad, 0xaaadadaa, 0xadadadad, 0xadadadaa, 0xadaaa9ad, 0xadadadad, 0xaaa9a9ad, 0xaaaaaaad,
0xadadaaad, 0xadadadad, 0xa9a9a9a9, 0xadada9ad, 0xadada9a9, 0xadadadad, 0xada9a9aa, 0xadadadad,
0xadaaaaa9, 0xa9adadad, 0xaaadaaa9, 0xa9a9a9ad, 0xa9a9a9a9, 0xa9a9adad, 0xa9a9a9a9, 0xa6a9a6a8,
0xadadadad, 0xadadadad, 0xadadadad, 0xadadadad, 0xadadadad, 0xa9adadad, 0xadadadad, 0xa8a9a9a9,
0xada9adad, 0xa9a8a9a9, 0xa9a9a9a9, 0xa6a9a9a9, 0xa9a99ca8, 0xa6a6a9a9, 0xa9a9a69c, 0xa69ca6a9,
0xadadadad, 0xa9a9ada9, 0xadadadad, 0xada9aaa9, 0xa9a8a9a9, 0xa9a9a99c, 0xa9a9a9a8, 0xa9a6a6a6,
0xa9a9a9a8, 0xa9a7a7a9, 0xadaaa9a9, 0xa9a9a9ad, 0xa9a9a9a7, 0x9ca9a9a9, 0xa9a9a9a9, 0x9d9d9ca9,
0xa9a9a9a9, 0xa9a9a9a9, 0xa9a8adad, 0xa9a69ca6, 0xa9a9a9ad, 0xa99ca6a6, 0x9ca9a9a9, 0x9c9c9c9c,
0xa9adada9, 0x9c9ca6a6, 0xa9a9a9a9, 0x9c9c9c9c, 0x9ca9a9a6, 0x9c9c9c9c, 0x9ca79c9c, 0x999c9c9c,
0xa9a9a9a9, 0xa9adadad, 0xa9a9a9a9, 0xa9a9a9a9, 0xa9a6a8a9, 0xadada9a9, 0xa99c98a6, 0xadada9a9,
0xa89ca69c, 0xa9a9a8a9, 0x9c9ca69c, 0xada89ca6, 0x9c9c9c9c, 0xa9a8a69c, 0x9ca69c9c, 0xa69c9c9c,
0xadada9a9, 0xa9a9adad, 0xa9a9a9a9, 0xa9a9a9a8, 0xa9a9a9ad, 0xa9a6a6a6, 0xa9a9a9ad, 0xa8a9a9a8,
0xa9adadad, 0xa9a9a9a9, 0xa9adadad, 0xa9a9ada9, 0xa9a9a9a9, 0xa9ada9a9, 0xa9a9a6a8, 0xadada9a9,
0xa8a8a9ad, 0xa8a8a9a8, 0xa8a9a9ad, 0xa8a8a9a8, 0xa8a8a9a9, 0xa6a8a9a8, 0xa8a8a9a8, 0xa8a8a69c,
0xa8a9a9a9, 0xa8a8a8a8, 0xa6a8a8a9, 0xa9a8a9a8, 0xa6a9a9a9, 0xa8a6a69c, 0xa6a6a6a9, 0xa69c9ca8,
0xa8a9a9a8, 0xa8a8a8a8, 0xa8a8a9a8, 0xa8a6a6a6, 0xa8a8a9a9, 0xa8a8a8a8, 0xa8a8a6a6, 0xa8a8a8a6,
0xa6a6a6a8, 0xa8a8a8a6, 0xa6a6a8a8, 0xadada8a8, 0xa6a9a9ad, 0xada9a8a6, 0xa6a8a8a8, 0xa8a8a8a8,
0xa8a8a8a8, 0xa8a8a8a8, 0xa8a8a8a8, 0xa8aba8a6, 0xa8a8a9a8, 0xa8a8a8a8, 0xa8a8a8a8, 0xa8a8a8a8,
0xa8a8a8a8, 0xa8a8a8a8, 0xa8a6a6a8, 0xa8a8a8a8, 0xa8a6a6a6, 0xa8a8a8a8, 0xa6a6a6a6, 0xa8a8a8a6,
0xa8aba8a8, 0xaba8a8a8, 0xa8a8aba8, 0xaba8a8a8, 0xa8adaba8, 0xa8a8a8a8, 0xa8aba8a8, 0xa8a8a8a8,
0xa6a8a8a8, 0xa8a8a8a8, 0xa8a8a8a8, 0xa8a6a6a8, 0xa6a8a8a8, 0xa8a8a8a8, 0xa8a8a8a8, 0xa6a8a8a8,
0xa8a8a8ab, 0xababadab, 0xa8aba8ab, 0xababadab, 0xabababab, 0xadadadab, 0xababa8ab, 0xadabadab,
0xa8a8a8a8, 0xabababa8, 0xaba8a8a8, 0xaba8aba8, 0xa8a8a8a8, 0xababa8a8, 0xa8a8a8a8, 0xa8a8a8a8,
0xa8ababa8, 0xa8aba8a8, 0xa8ababa8, 0xa8a8a8a8, 0xabadabab, 0xa8a8a8a8, 0xababadad, 0xa8a8a8a8,
0xabababad, 0xa8a8a8ab, 0xadababab, 0xaba8a8ab, 0xabababab, 0xa8a8a8a8, 0xabababab, 0x9f9fa8ab,
0xa8a8a8a8, 0xa8a8aba8, 0xa8a8a8a8, 0xa8a8aba8, 0xa8a8a8a8, 0xa8ababa8, 0xa8a8a8a8, 0xa8aba8a8,
0xa8a8aba8, 0xa8a8a8a8, 0xa8aba8a8, 0xa8a8a8ab, 0xa8aba8a8, 0xa8a8a89b, 0xa8a8a8a8, 0xa8a8a8a8,
0xababa8a8, 0xabababab, 0xa8a8a8a8, 0xa8a8abab, 0xa8a8a8a8, 0x9fa8a8ab, 0xa8a8a8a8, 0x9fa8a8a8,
0xa89fa8a8, 0x9fa8a8a8, 0x9b9ba8a8, 0xa8a8a8a8, 0xa8a8a8a8, 0x9b9b9ba8, 0xa8a8a8a8, 0x9b9a9b9b,
0xaba3aba3, 0xabababab, 0xab9f9fab, 0xa3ababab, 0xaba89fa8, 0xa3a3a3ab, 0x9fa89f9f, 0x9faba39f,
0x9f9f9fa8, 0x9f9f9f9f, 0x9b9f9fa8, 0x9f9e9a9f, 0x9b9b9fa8, 0x9f9a9f9f, 0xa89f9fa8, 0x9f9f9fa8,
0xa3a2a3ab, 0xc5c5b4b4, 0xaba3abab, 0xc5b4aeab, 0xababa3ab, 0xb4b4b4a2, 0xababa3ab, 0xb4b4a3ab,
0xaba3a39f, 0xb4b4abab, 0xa3a39f9f, 0xb4b4a3a3, 0xab9f9f9f, 0xb4a3a3ab, 0xa3a39fab, 0xb4a3a3ab,
0xc5c5c4c5, 0xc7c7c7c7, 0xc5c5c5c5, 0xc7c7c5c4, 0xb4b4c5b4, 0xc7c7c5c4, 0xc4b4b4b4, 0xc7c7c5c5,
0xc5b4b4b4, 0xc7c5c5c4, 0xb4b4b4b4, 0xc5c5c5c4, 0xb4b4b4b4, 0xc5c5b4b4, 0xb4b4b4b4, 0xc5b4b1b4,
0xc7c7c7c7, 0xc7d4c7c7, 0xc7c7c7c7, 0xc7c7c7c7, 0xc7c7c7c7, 0xc7c7c7c7, 0xc7c7c7c7, 0xc7c7c7c7,
0xc7c7c7c7, 0xc7c7c7c7, 0xc7c7c4c5, 0xc7c7c7c7, 0xc5c5c5c5, 0xc7c7c7c7, 0xc4c5c4c5, 0xc7c7c7c5,
0xc7c7c7c7, 0xc7c7c7c7, 0xc7c7c7c7, 0xc7c1c7c7, 0xc7c7c7c7, 0xc7c7c7c7, 0xc7c7c7c7, 0xc7c7c7c7,
0xc7cacad6, 0xc7c7c7ca, 0xc7c7caca, 0xc7c7c7c7, 0xcac7c7c7, 0xc7c7c7ca, 0xd9c7c7c7, 0xc7c7c7ca,
0xc7c7c7c7, 0xc7c7c7c7, 0xc7c7c7c7, 0xc7d4c7c7, 0xc7c7c7c7, 0xc7c7c7c7, 0xc7c7c7c7, 0xc7c7c7c7,
0xc7c7c7c7, 0xc7c7c7c7, 0xc7c7c7c7, 0xc7c7c7c7, 0xc7c7c7c7, 0xc7c7c7c7, 0xd4c7c7c7, 0xd4c7c7c7,
0xc7c7c7c7, 0xc7c7c7c7, 0xc7c7c7c7, 0xc7c7c7c7, 0xc7c7c7c7, 0xc7c7c7c7, 0xc7c7c7c7, 0xc7c7c7c7,
0xc7c7c7c7, 0xc7c7c7c7, 0xc7c7c7c7, 0xc7c7c7c7, 0xc7c7c7c7, 0xd9c7c7c7, 0xc7c7c7c7, 0xc7d9d9c7,
0xc7c7c7c7, 0xc7c7c7c7, 0xc7c7c7c7, 0xc7c7c7c7, 0xc7c7c7c7, 0xc7c7d4c7, 0xc7c7c7c7, 0xc7d4d4c7,
0xc7c7c7c7, 0xcac7c7c7, 0xc7c7c7d4, 0xcacac7c7, 0xcac7cad9, 0xc7c7c7c7, 0xc7c7d9c7, 0xc7c7c7c7,
0xc3c1c1c7, 0xc7c7c7c7, 0xc7c3c3c7, 0xc7c7c7c7, 0xc7c7c7c7, 0xc7c7c7c7, 0xc7c7c7c7, 0xc7c7c7c7,
0xc7c7c7c7, 0xc7c7c7c7, 0xc7c7c7c7, 0xc7c7c7c7, 0xc7c7c7c7, 0xc7c7c7c7, 0xc7c7c7c7, 0xc7c7c7c7,
0xc7c7c7c7, 0xc3c7c7c7, 0xc7c7c7c7, 0xc7c7c7c7, 0xc7c7c7c7, 0xc7c7c7c7, 0xc7c7c7c7, 0xc3c7c7c7,
0xc7c7c7c7, 0xc7c7c7c7, 0xc7c7c7c7, 0xc7c7c7c1, 0xc7c7c7c7, 0xc7c7c7c7, 0xc7c7c7c7, 0xc7c7c7c7,
0xc7c7c7c7, 0xb1b1c5c7, 0xc7c7c5c7, 0xb1b1c5c5, 0xc7c5c3c7, 0xb1b1b1c5, 0xc1c5c5c7, 0xb1b1b1b1,
0xc1c5c5c7, 0xb1c5c5b1, 0xc5c5c7c7, 0xb1c3c5c5, 0xc5c5c7c7, 0xb1c5c5c5, 0xc5c5c5c5, 0xc5c5c5c5,
0xc5c5b1b1, 0xafc5c3c5, 0xc5c5b1b1, 0xafb4c5c5, 0xc5b1b1b1, 0xafb1c5c5, 0xc3b1b1b1, 0xafb1c3c5,
0xc3b1b1b1, 0xafb1c5c5, 0xb187afb1, 0xb4c5c5c5, 0xc5b1b1b1, 0xb4c5c5c5, 0xc5c5c5b1, 0xc9c5c9c5,
0xa28282a3, 0xafafafa3, 0xa2a3afa3, 0xafafafa3, 0xa3a28282, 0xafafafaf, 0xafa382a2, 0xafafafaf,
0xa3a3a3af, 0xafafa2a3, 0xa3a3afaf, 0xafafafa3, 0xafafafb4, 0xb1b4afaf, 0xafafb4c5, 0xb4c5b4af,
0xafafafaf, 0xb1b1afaf, 0xafafafaf, 0xb1b1afaf, 0xafafafa2, 0xb1b1b1af, 0xafafafaf, 0xafb1b1af,
0xafafafaf, 0xb1b1afaf, 0xafafafaf, 0xb1b1b1af, 0xb1afafaf, 0xb1b1b1b1, 0xb1afafb4, 0xc5c5b4b1,
0xb1b1b4b4, 0xc7c7c5c1, 0xb1b1b4b1, 0xcac7c5c1, 0xb1b1b1b1, 0xcacac7c5, 0xb1b4b1b1, 0xc7cac7c5,
0xb4b4b1b1, 0xc5c5c5c5, 0xb1b1b1b1, 0xc5c5c5b1, 0xb1b1b1b1, 0xc5c5c5c5, 0xc5c5c5c5, 0xc5c5c5c5,
0xcacacaca, 0xcacacaca, 0xcacacaca, 0xcacacaca, 0xc7c7caca, 0xcacacaca, 0xc7c5c7c7, 0xcacacac7,
0xc5c5c5c5, 0xcacacac5, 0xc5c5c5c5, 0xcac7c5c5, 0xc5c5c5c5, 0xc7c5c5c5, 0xc5c5c5c5, 0xcac7c5c5,
0xcacacaca, 0xcacbcaca, 0xcacacaca, 0xcacacaca, 0xcacacaca, 0xcacacaca, 0xcacacaca, 0xcacacaca,
0xcacacaca, 0xcacacaca, 0xcacacaca, 0xcacacaca, 0xcacacaca, 0xcacacaca, 0xcacacaca, 0xcacacaca,
0xcacacaca, 0xcacacaca, 0xcacacaca, 0xcacacaca, 0xcacacaca, 0xcacacaca, 0xcacacaca, 0xcacacaca,
0xcacacaca, 0xcacacaca, 0xcacacbca, 0xcacacaca, 0xcacacaca, 0xcacacaca, 0xcacacaca, 0xcacacaca,
0xcacacaca, 0xcacacaca, 0xcacacaca, 0xcacacaca, 0xcacacaca, 0xcacacaca, 0xcacacaca, 0xcacacaca,
0xcacacaca, 0xcacacaca, 0xcacacaca, 0xcacacaca, 0xcacacaca, 0xcacacaca, 0xcacacaca, 0xcacacaca,
0xcacacaca, 0xc5c5c7ca, 0xcacacaca, 0xcacacaca, 0xcacacaca, 0xcacacaca, 0xcacacaca, 0xcacacaca,
0xcacacaca, 0xcacacaca, 0xc7cacaca, 0xc9c9c5ca, 0xcacac7ca, 0xc5c9c5ca, 0xcacac7ca, 0xc5c5c9ca,
0xc5c5c5ca, 0xc5c1c5c5, 0xc5c5c9ca, 0xc5c1c1c5, 0xc5c9c9c9, 0xc5c5c4c5, 0xc5c9c9c9, 0xc1b1c5c5,
0xc5c5c9c9, 0xc1b1c5c5, 0xc5c9c9c5, 0xc5c5c5c5, 0xc5c9c9c5, 0xb1b4c5c5, 0xc5c9c9c9, 0xb1b4c5c5,
0xc3c1c5c5, 0xc5c5c3c5, 0xc5c1c1c5, 0xc5c5c5c5, 0xc5c1b1c5, 0xc5c5c5c5, 0xc1c5c5c4, 0xc1c1c1c5,
0xc5c5c5c4, 0xc5c1c4c1, 0xc4c4c5c4, 0xc1b1c4c4, 0xb1b1b1b1, 0xb1b1b1b1, 0xb1b4b4b1, 0xb1b1b1b1,
0xc5c5c1c5, 0xc5c1c5c5, 0xc1c1c5c5, 0xc1c5c5c1, 0xc1c1c5c5, 0xc1c5c1b1, 0xb1c1c5c5, 0xc3c1c1c1,
0xc1c1c5c5, 0xc1c1c1c1, 0xc1c1c1c1, 0xc1c1c3c3, 0xc5c1b1b1, 0xc5c1c5c5, 0xc5c1b1b1, 0xc5c1c5c5,
0xc1c1c5c5, 0xc1c1c1c1, 0xc1c1c5c5, 0xc3c3c3c1, 0xc5c3c5c1, 0xc3c3c3c3, 0xc3c5c3c1, 0xc5c3c3c1,
0xc5c5c3c1, 0xc5c3c1c1, 0xc5c5c5c1, 0xc5c1c1c1, 0xc1c1c1c5, 0xc3c3c1c3, 0xc1b1c1c5, 0xc3c1c1c3,
0xc3c3c3c3, 0xc3c3c3c3, 0xc3c7c3c3, 0xc5c3c3c3, 0xc3c5c5c3, 0xc3c3c5c3, 0xc5c3c5c5, 0xc3c3c5c5,
0xc5c3c5c5, 0xc3c1c5c5, 0xc3c3c3c5, 0xc1c3c3c5, 0xc3c3c3c1, 0xc1c3c3c3, 0xc5c3c3c1, 0xc3c3c3c3,
0xb1c1c1c3, 0xb1b1b1c1, 0xb1c3c1c3, 0xb1b1b1b1, 0xb1c3c1c3, 0xb1b1b1c3, 0xc3b1b1c3, 0xb1b1b1c3,
0xb1b1b1c3, 0xb1b1b1b1, 0xb1b1b1c1, 0xb1b1b1b1, 0xb1b1b1c1, 0xb1b1b1b1, 0xb1b1c3c3, 0xb1b1b1b1,
0xafb1b1b1, 0xafaf84af, 0xafb1b1b1, 0xaeaeaeaf, 0xafafb1b1, 0x84aeafb1, 0xafafb1b1, 0x84aeaeaf,
0xafafb1b1, 0xaeaeaeaf, 0xafafb1b1, 0xaeaeaeaf, 0xb1b1b1b1, 0xaeaeaeaf, 0xb1b1b1b1, 0xae82aeaf,
0xaeaeafb1, 0xaeaf8484, 0xafaeafae, 0x84aeaeae, 0xafaeaeae, 0x828484ae, 0x84aeaeae, 0x82848282,
0x8484ae84, 0x82848484, 0x8484aeae, 0x84848284, 0x82848484, 0x84848282, 0x84848482, 0x84848484,
0x84848484, 0xaeaeaf84, 0x8484ae84, 0xaeaeaf84, 0x82818284, 0xaeae8484, 0x84818282, 0x84af8484,
0x84828282, 0xaeae8482, 0x82848282, 0x84ae8482, 0xaeaf8484, 0x8484ae84, 0xafaf8484, 0x8484aeae,
0x84aeaeae, 0xae84aeae, 0x8484ae84, 0x84aeaeae, 0xaeae8484, 0x84aeae84, 0x84afae84, 0x8484af84,
0x84afaf84, 0x82848484, 0xafae8484, 0x82848484, 0x84848484, 0x84848482, 0x8484af84, 0x82848484,
0x81818184, 0x817d8181, 0x82818181, 0x81818181, 0x82817d81, 0x81848281, 0x84818181, 0x81818284,
0x84828182, 0x81818182, 0x84848181, 0x82828182, 0x84828182, 0x82848484, 0x84828182, 0x81848484,
0x83818181, 0x7d818181, 0x84838181, 0x7d848484, 0x84848181, 0x7d7d8484, 0x84848181, 0x81818484,
0x84848481, 0x81838484, 0x84818481, 0x83848484, 0x84818481, 0x84848484, 0x84818484, 0x81848484,
0x84848381, 0x84848484, 0x84818381, 0x83838484, 0x84848484, 0x84848484, 0x84848484, 0x84848484,
0x84848484, 0x84848484, 0x84848484, 0x84848484, 0x84848484, 0x83848484, 0x84848384, 0x84848484,
0x81848383, 0x8384847d, 0x7d848483, 0x7d83837d, 0x81838484, 0x83848483, 0x83848484, 0x84848484,
0x84848484, 0x84848484, 0x84848484, 0x84848484, 0x84848484, 0x84848483, 0x83848484, 0x83838383,
0x847f7d7d, 0x83838484, 0x8484847d, 0x84848484, 0x8484847f, 0x83848484, 0x83848484, 0x83848484,
0x83838384, 0x84848484, 0x84837d83, 0x84848384, 0x84837d7d, 0x83848384, 0x8383817c, 0x84848484,
0x7f848383, 0x7f7f8483, 0x7f838484, 0x837f8484, 0x84848384, 0x84848383, 0x84848484, 0x83848484,
0x7f84848b, 0x84847f7f, 0x83848b8b, 0x847f7c7f, 0x837f847f, 0x837f7f7f, 0x7d7f7f83, 0x7f7f837d,
0x7f7f7f7f, 0x7d7f7c7f, 0x7f7f7f83, 0x7f7f7f7d, 0x7f847f7d, 0x7f7f7f7c, 0x7d7f7f7f, 0x7f7f7d7d,
0x7d7f837f, 0x7f7d7d7d, 0x7d7f7f7f, 0x7f7f7d7f, 0x7f7f8483, 0x847f7f83, 0x837f7f83, 0x847f7d83,
0x837f837f, 0x7f7d7f7f, 0x7f7d8383, 0x7f7f847f, 0x7f7f837f, 0x7f7f7f7f, 0x84837f7f, 0x7f7f7f84,
0x847f837f, 0x83837f84, 0x7f83837f, 0x83837f83, 0x84848484, 0x7f7f7f83, 0x84837f84, 0x83837f83,
0x837f7d7f, 0x83837f7f, 0x7f837c7f, 0x7f7f7c7c, 0x7f7f7c7d, 0x837f7d7f, 0x7d7f7d7f, 0x7f7c7c7c,
0x7f837d7f, 0x7f7c7c7c, 0x7c7d7d7f, 0x7f7f7c7c, 0x7c7c7d83, 0x7f7f7c7c, 0x7c7d7d83, 0x7f7f7c7c,
0x837f7f7f, 0x7f83837f, 0x837f7f7f, 0x7f8b8383, 0x7c7c7f7f, 0x7f837f7f, 0x7f7f837f, 0x848b8483,
0x7f838383, 0x8383837f, 0x7f838383, 0x837f7f7f, 0x7d837f83, 0x847f7c7d, 0x7c7f7f83, 0x847f7c7c,
0x7c7c7c7c, 0x4a7c4a7c, 0x7c7c7c7c, 0x4a4a7c7c, 0x7c7d7f7f, 0x4a7c7c7c, 0x7c7f8383, 0x4a7c7c7c,
0x7c7c7f7f, 0x4a7c7c7c, 0x7c7d837f, 0x7c7c7c4a, 0x7d838383, 0x7c7c7c6f, 0x81837f83, 0x7c817c7c,
0x8a8a7e7c, 0x8a8a8a8a, 0x8a7f7e7c, 0x7f7f8a8a, 0x837e7e7c, 0x7f7f8a8a, 0x7f7e7e7c, 0x8a8a8a7f,
0x7f837e4a, 0x8a8a837e, 0x8a837e7c, 0x8a8a8a7f, 0x8a7f7e7c, 0x8a8a8a8a, 0x8a837e7c, 0x7f8a8a8a,
0x7e8a7f7f, 0x7e8a7e7e, 0x7e897f7f, 0x8a8a8a8a, 0x7e7e7f7e, 0x8a8a8a8a, 0x8a7e7f7e, 0x8a8a7e8a,
0x7f8a7f7e, 0x8a8a7e8a, 0x838a7f7e, 0x8a8a8a8a, 0x8a837f7e, 0x8a898a8a, 0x7f7f8a7e, 0x8a8a8a8a,
0x7e7e7e83, 0x7e7e7e7e, 0x7e7e7e7e, 0x7e7e527e, 0x7e7e7e7e, 0x7e7e7e7e, 0x7e7e8a8a, 0x7e7e7e7e,
0x8a8a8a8a, 0x7e7e7e7e, 0x83838a8a, 0x7e7e7e7e, 0x83838a8a, 0x7e7e7e7e, 0x83838a8a, 0x7e8a7e7e,
0xbcbcbcbc, 0xd7d7d7bc, 0xbcbcbcd7, 0xd7d7d7d7, 0xd7d7d7d7, 0xd7d7bcd7, 0xd7d7d7bc, 0xbcbcbcbc,
0xd7d7d7d7, 0xbcbcbcbc, 0xd7d7d7d7, 0xd7bcbcbc, 0xbcbcbcd7, 0xbcbcbcbc, 0xbcbcbcbc, 0xbcbcbcbc,
0xbcbcbcd7, 0xbcbcbcbc, 0xbcbcbcd7, 0xbcbcbcbc, 0xbcbcd7d7, 0xbcbcbcbc, 0xbcbcbcbc, 0xbcbcbcbc,
0xbcbcbcbc, 0xbabababc, 0xbcbcbcd7, 0xbabababa, 0xbcbcbcd7, 0xbabcbabc, 0xbcbababc, 0xbcbababc,
0xbabababa, 0xbcbababa, 0xbabcbabc, 0xbababab8, 0xbababcbc, 0xadadadad, 0xadbababc, 0xadadadad,
0xbabababa, 0xbabaadad, 0xbabababa, 0xadbababa, 0xadbababa, 0xbabaadad, 0xbabababa, 0xadadadad,
0xbabababa, 0xbaadbaba, 0xadbababa, 0xadadadad, 0xadbababa, 0xbababaad, 0xbabaadba, 0xadadbaad,
0xadbababa, 0xadadadad, 0xadbabaad, 0xbaadadad, 0xbabaadb8, 0xbabababa, 0xadadbaad, 0xadadadad,
0xadbabaad, 0xadadadad, 0xadbaadad, 0xadadadad, 0xadadadad, 0xa9aaadad, 0xadbabaad, 0xa9aaadad,
0xadadadad, 0xaaa9a7a9, 0xadadadad, 0xa9a7a7ad, 0xaaaaadad, 0xa7a7a7a9, 0xa7a9adad, 0xa7a6a7a9,
0xa9a9a9aa, 0xa9a9a9a9, 0xa9aaaaaa, 0xa9a9a9aa, 0xa7a7a7a9, 0xa9a7a9a9, 0xa7a7a7a7, 0xa9a9a9a9,
0xa79c9ca9, 0x9c9ca7a7, 0x9c9c9ca7, 0x99999c9c, 0x9ca7a6a7, 0x6c999999, 0x9ca79ca7, 0x9ca79c9c,
0xa6a7a9a9, 0xa7a99c9c, 0x9c9ca79c, 0xa9a99c9c, 0x9c9ca7a6, 0xa79c999c, 0x9c9ca6a7, 0xa6a99c9c,
0xa7999ca6, 0x9c9c9ca9, 0x9d999999, 0xa69ca7a7, 0x6c6d6d6c, 0x9ca79c6d, 0x9c9c9c9c, 0x9da79c99,
0xa7a9a7a7, 0xa99ca6a7, 0xa6a6a9a9, 0xa7a7a7a7, 0xa6a9a9a9, 0xa7a6a79c, 0xa7a7a9a9, 0x9ca7a9a7,
0xa79da9a9, 0xa7a9a9a9, 0xa79da7a9, 0xa9a9a79c, 0xa9a9a9a9, 0xa9a9a79c, 0x9d9da7a9, 0x9d996d99,
0x9ca9aaa9, 0x9d9ca9a9, 0xa9a9a99c, 0x9d9ca99c, 0x9d9c999c, 0x999c9da7, 0x9c6c9ca7, 0x6d6d6d99,
0x6d999ca7, 0x9c9c9c99, 0x6d9c9da7, 0x9c9ca79c, 0x99999c9d, 0x9c9ca79c, 0x9c9c9c9c, 0x9c9d9d9c,
0x9c9c9ca9, 0x9c9ca79c, 0x9c9d9c9d, 0x9c999c9c, 0x9d9c6d99, 0x6d6d999c, 0x6d6d6d9c, 0x6d6d6d99,
0x6d999c9d, 0x6c66666d, 0x996d999c, 0x6666666d, 0x666d6d9c, 0x63666c6c, 0x666d6d9c, 0x63666c66,
0x9c9c9c9d, 0x989c996c, 0x9c9c6d9c, 0x999c9c9c, 0x6c6d666d, 0x6c6c9c99, 0x6c666699, 0x6c6d9966,
0x6666666c, 0x996d6666, 0x6c6c6666, 0x66636366, 0x6d6d665e, 0x6666666c, 0x6d6d665e, 0x6c666d99,
0xa6a9a69c, 0xa9a9a99c, 0x9c9c9c99, 0x9ca9a99c, 0x9c9c996c, 0x9ca69ca6, 0x996c666c, 0x9c9c9c9c,
0x66666d6c, 0x9c9c9c6c, 0x666c6d66, 0x99996c66, 0x666c6666, 0x6c666c6c, 0x66996c6d, 0x66666666,
0xa6a6a9a9, 0x9c9c9c9c, 0xa6a6a8a6, 0x9c9ca6a6, 0xa6a69c98, 0xa6a6a8a8, 0x9c9c9c9c, 0xa8a6a9a6,
0x9c989c9c, 0x9c9c989c, 0x986c6c6c, 0x9c6c6c98, 0x999c6c6c, 0x9c986c99, 0x999c996c, 0x9c986c6c,
0xa6a6a69c, 0xa6a6a8a8, 0x9c9c989c, 0x9ca6a8a6, 0x9898989b, 0x989ba698, 0x989c9ca6, 0x9898a698,
0xa8a9a6a6, 0x989ba6a8, 0xa9a69c9c, 0xa6a698a6, 0x9c989898, 0xa6a69899, 0x9c989898, 0x9b9c9c98,
0xa6a69b9b, 0xa8a6a6a8, 0xa6a69b98, 0xa8a6a6a6, 0xa69b9898, 0x9b9ba6a6, 0x9b9b9898, 0x9b9b9b9b,
0x98986c6c, 0xa69b9b98, 0x989b9898, 0x9b9b986c, 0xa6a6a69b, 0x98989898, 0xa6a69c9b, 0x9898989c,
0xa8a8a8a8, 0xa6a6a6a6, 0xa6a6a8a8, 0xa69ba69b, 0x9b9ba6a6, 0xa8a69b9b, 0xa69b9ba6, 0xa6a8a69b,
0x9b9b9b9b, 0xa6a69b9b, 0x9b9b9b9b, 0x9b989ba6, 0xa6989898, 0xa8a8a6a6, 0x9b9b9b98, 0xa8a89b98,
0xa8a8a8a6, 0xa8a8a8a8, 0xaba8a8a8, 0xa8aba8ab, 0xa8aba8a8, 0xababa8a8, 0xa8aba8a6, 0xaba8a8a8,
0xa8a8a8a8, 0xa8a8a8a8, 0xa8a8a8a6, 0xa8a8aba8, 0xa8aba8a6, 0xabadadab, 0xa8a8aba8, 0xabababab,
0xa8ababa8, 0xa8a8abad, 0xa8a8aba8, 0xa8ababab, 0xadababa8, 0xa8aba8ab, 0xabababab, 0xaba89fa8,
0xabababa8, 0xababa8ab, 0xabababab, 0xabababab, 0xaba8a8ab, 0xaba8a8a8, 0xa8a8a8a8, 0xaba8abab,
0xa8a8a8a8, 0xa8a89ba8, 0xa8a8a89f, 0x9ba8a8a6, 0xa8a8a8a8, 0x9b9ba6a8, 0xa8a8abad, 0xa8a8a8a8,
0xa8ababad, 0xa8a8a8a8, 0xa8ababb7, 0xa8a69ba8, 0xa8a8abb7, 0xa8a8a8a8, 0xa8a8abb7, 0xa8a8a8a8,
0x9ba8a8a8, 0xa89b9ba6, 0x9b9ba89b, 0x9b9b9b9b, 0x9b9b9b9b, 0x9a9a9b9b, 0xa6a8a8a8, 0x9b9ba8a8,
0xa8a8a6a8, 0xa8a8a8a8, 0xa8a8a8a8, 0x9ba8a8a8, 0xa8a8a8a8, 0x9ba8a8a8, 0xa8a8a8a8, 0x9ba8a8a8,
0xa8a8a8a8, 0xaba8a8a8, 0xa8a8a8a8, 0xa8aba89f, 0x9f9fa89b, 0xa89f9b9a, 0x9f9b9b9b, 0xa89f9f9f,
0xa89ba89b, 0x9fa8a8a8, 0xa8a8a89b, 0xa89fa8a8, 0x9b9ba89b, 0x9f9b9b9b, 0x9b9ba89b, 0x9a9b9b9b,
0xaba3abab, 0xb4a39fab, 0xababab9f, 0xb4ababab, 0xabab9f9f, 0xa3abab9f, 0x9f9fa8a8, 0x9f9fa89f,
0xa8a8a8a8, 0x9fa8a8a8, 0xa8a8a8a8, 0x9fa89f9b, 0xa8a89ba8, 0xa89f9b9b, 0x9f9f9b9b, 0xa89f9b9f,
0xb4b4b4af, 0xb4afb4b4, 0xafafb4ab, 0xb4b4a3af, 0xa3a3aba3, 0xb4b4a3a3, 0xa4a39f9f, 0xb4aba3a4,
0xaba39f9f, 0xa39f9fab, 0x9f9f9f9f, 0x9f749f9f, 0xa89f9f9f, 0x9f9f9fa8, 0xa89f9f9f, 0xabab9fa8,
0xc5c5c5c5, 0xc7c7c7c7, 0xc5c5b4b4, 0xc7c7c5c5, 0xb4b4b4b4, 0xc5c5b4b4, 0xb4afb4b4, 0xb4b4b4b4,
0xb4a3a3ab, 0xb4afb4b4, 0xa3a3abab, 0xb4afa3a3, 0xa39fa3a3, 0xb4a374a3, 0x9f9f9f9f, 0xa39f739f,
0xc7c7c7c7, 0xcac7c7c7, 0xc7c7c7c7, 0xc7c7c7c7, 0xc5c5c5c5, 0xc7c7c7c7, 0xc5c5c5c5, 0xc7c5c5c5,
0xc5c5c5b4, 0xc5c5c5b4, 0xb4c5b4af, 0xc5b4afaf, 0xb4b4b4b4, 0xb4b4afaf, 0xb4b4b4b4, 0xb4b4afb4,
0xc7c7c7c7, 0xd4c7c7c7, 0xc7c7c7c7, 0xc7c7c7c7, 0xc7c7c7c7, 0xcad9caca, 0xd9c7c7c7, 0xc7d9cad9,
0xc7c7c7c7, 0xc7c7c7c7, 0xc7c7c7c5, 0xc7c7c7c7, 0xc5c5c5b4, 0xc5c4c5c5, 0xafafafaf, 0xc5b4afb1,
0xc7c7c7d4, 0xcad9d9d9, 0xcac7c7c7, 0xd9d9cac7, 0xcac7c7ca, 0xd9c7c7c7, 0xc7cacac7, 0xc7cac7c7,
0xc7c7c7c7, 0xc7d9c7c7, 0xc7c7c7c7, 0xc7c7cac7, 0xc7c7c7c7, 0xc7c7d6c7, 0xc7c5c5c5, 0xc5c7c7c7,
0xc7d9d9ca, 0xc7cac7c7, 0xc7cac7ca, 0xc7c7c7c7, 0xc7c7c7c7, 0xc7c7c7c7, 0xcacac7ca, 0xc7c7c7c7,
0xc7c7c7d9, 0xc7c7c7c7, 0xc7c7c7c7, 0xc7c7c5c7, 0xc7c7c7c7, 0xc7c7c7c5, 0xc5c5c5c5, 0xc5c5c5c5,
0xc7c7c7c7, 0xcac7c7c7, 0xc7c7c7c7, 0xc7c7c7c7, 0xc7c7c7c7, 0xc7c7c7c7, 0xc7c7c7c7, 0xc5cacac7,
0xc7cacac7, 0xc5c9c5c7, 0xcac7c7c7, 0xc5c5c9c5, 0xcac7cac7, 0xb1b4c9ca, 0xc5c5c9c5, 0xb4b1c5c5,
0xc7c7c7c7, 0xc7c7c7c7, 0xc5c5c7c7, 0xc5c5c5c3, 0xc5c5c5c5, 0xc5c5c5c5, 0xb1c5c5c5, 0xb1b1c5b4,
0xb1afb1c5, 0xafafb1b4, 0xafa3afb1, 0x8273afb1, 0xafa3afaf, 0x747374af, 0xafa3a3af, 0x747473af,
0xc5c1c5c5, 0xc5c5c5c5, 0xc5c1b1c1, 0xc5c5c5c5, 0xc5c5c1c1, 0xc5c5c5c5, 0xc5c5c3b1, 0xc5c5c5c5,
0xb1b1b1af, 0xc5c5b1c3, 0xafafa3a3, 0xb1b1afa3, 0xa3747373, 0xa3a38273, 0x74749f9f, 0xa3737374,
0xc5c5c5c5, 0xc9c9c9c5, 0xc5c9c5c5, 0xc5c9c9c5, 0xc5c5c5c5, 0xb1b1c5c9, 0xc5c5c5c5, 0xb4b4c5c5,
0xc5c5c5c5, 0xb4b4b4c5, 0xc5c5b1b1, 0xafb1b1b4, 0xb1afafa3, 0xafb4b4b4, 0xa3737373, 0xa3a3afa3,
0xb4b1b4c5, 0xb4b4b4b4, 0xb4b4b4c5, 0xb4b4b4b4, 0xb4b1b4b4, 0xb4b4b4b4, 0xafafb4b4, 0xb4b4b4b1,
0xb4b4b4b4, 0xb4b4b4b4, 0xa38282af, 0xb4b1afaf, 0x73727373, 0xb4afa3a3, 0x73737373, 0xafa3a3a3,
0xb1afb4b4, 0xc5c9c5b1, 0xb1afb1b4, 0xc5c9c5c5, 0xc5b1b4c5, 0xc5c5c5c5, 0xc5c5c5b4, 0xc5c9c9c5,
0xc9c5c5b4, 0xc5c5c9c9, 0xc5c5b4b4, 0xb4b4c5c5, 0xb1b4b4b4, 0xafafb4b1, 0xafb4afaf, 0xafb4b4af,
0xc9c9c5c9, 0xcacacac9, 0xcacac9c9, 0xcacad6ca, 0xcacacac9, 0xcacacaca, 0xc5c9c5c5, 0xcacacac5,
0xc5c9c5c5, 0xc5c5c9c5, 0xc5c5b4b4, 0xc5c5c5c5, 0xb1b4b4af, 0xb4b4b4b4, 0xafafb4b4, 0xb4b4b1b1,
0xc5c7c5ca, 0xcac7c5c5, 0xcacacaca, 0xcacacaca, 0xcacacaca, 0xcacacaca, 0xcacacaca, 0xcacacaca,
0xcac7caca, 0xcacacaca, 0xcac7c5c5, 0xcacacac7, 0xc5c5c5c5, 0xcacacaca, 0xc5c5c5c5, 0xcac7c5c5,
0xcacacaca, 0xc7cacaca, 0xcacacaca, 0xc7cacaca, 0xcacacaca, 0xcacacaca, 0xcacacaca, 0xcacacaca,
0xcacacbd6, 0xcbcacaca, 0xcacacaca, 0xcbcacaca, 0xcacacaca, 0xcacacaca, 0xcacacaca, 0xcacacaca,
0xcacacaca, 0xcacacaca, 0xcacacac7, 0xcacac7ca, 0xcacacaca, 0xc7cac7ca, 0xc7cacaca, 0xc7cacaca,
0xcacacaca, 0xcacacaca, 0xcacacaca, 0xcacacaca, 0xcacacaca, 0xcacacaca, 0xcacacaca, 0xcacacaca,
0xcacacaca, 0xcacacaca, 0xcac7c5c7, 0xc7cac7ca, 0xc5c5c5c7, 0xc7c7c5c7, 0xc5c5c7c7, 0xcac5c7c5,
0xc5c7c7c7, 0xc5c5c7c5, 0xc7cacaca, 0xc5cacac7, 0xcacacaca, 0xcacacaca, 0xc7cacaca, 0xcacac7c7,
0xcacacaca, 0xc9c5c5ca, 0xcacacaca, 0xc5c9c9c9, 0xc5c9cac7, 0xc5c5c9c9, 0xc5c9c9ca, 0xc5c5c9c5,
0xc5c5c5c5, 0xc9c5c5c5, 0xc5c9c5c5, 0xc9c5c9c5, 0xc9c9cac7, 0xc9c5c9c9, 0xcacacaca, 0xc9c5c9c9,
0xc5c9c9c9, 0xb4b4c5c5, 0xc5c9c9c9, 0xc5c5c5c5, 0xc5c9c9c9, 0xc5b4c5c5, 0xc5c5c9c9, 0xb4c5c5c5,
0xc5c5c5c9, 0xc5c5c5c5, 0xc5c5c5c9, 0xc5c5c5c5, 0xc5c5c5c5, 0xc5c5c5c5, 0xc5c5c5c5, 0xb4b4c5c5,
0xb1b1b4b4, 0xb1b1b4b4, 0xb4b4b4b4, 0xb1b1b4c5, 0xb4b4b4b4, 0xb1b1c5c5, 0xb4b4b4b4, 0xb1b1c5c5,
0xb1b4c5c5, 0xb4b4b4b4, 0xb1b4c5c5, 0xb4b4b4b4, 0xb4b4c5b4, 0xb1b1b1b1, 0xb1b4b4b1, 0xb1b1b1b1,
0xc5c4c1b1, 0xc5c1c1c5, 0xc4b1c5b1, 0xc4b1b1b1, 0xb1b1c3b1, 0xc4b1b4b1, 0xb1b1b1b1, 0xc4b4b1b1,
0xb1b1b1b1, 0xc1b1b1b1, 0xb1b1b1b1, 0xb1b1b1b1, 0xb1b1b1b1, 0xb1b1b1b1, 0xb4b1b1b1, 0xc3b1b1b1,
0xb1b1b1c5, 0xb1b1c1c3, 0xc1b1b1c5, 0xc1c1c1c3, 0xc3c1c1c5, 0xc3c3c1c5, 0xb1b1c1c4, 0xc3c3c5c1,
0xb1b1b1c1, 0xc5c5c5c3, 0xc1c1c1b1, 0xc3c5c5c3, 0xc3c3b1b1, 0xc1c3c3c3, 0xc1c1c3c3, 0xc3c3c1c3,
0xc5c3c1b1, 0xc3c3c3c3, 0xc5c3c1b1, 0xc3c3c3c3, 0xc1c1b1b1, 0xc3c5c3c3, 0xc1c3c5c1, 0xc5c5c5c3,
0xc3c3c1c5, 0xc3c5c3c3, 0xc1b1b1c5, 0xc3c5c3c3, 0xc3b1c1c3, 0xc3c3c3c3, 0xc3b1c3c3, 0xb1b1c3c3,
0xb1b1c3c3, 0xb1b1b1b1, 0xb1b1b1c3, 0xafafb1b1, 0xc3c3c3c3, 0xafafb1b1, 0xb1b1c3c5, 0xafb1b1b1,
0xb1b1c5c3, 0xb1b1b1b1, 0xb1b1c3c3, 0xb1b1b1b1, 0xb1c3c3b1, 0xb1b1b1b1, 0xb1c3c3b1, 0xb1b1b1b1,
0xb1b1b1b1, 0xafaeafaf, 0xafb1b1b1, 0xaeaeafaf, 0xb1b1b1b1, 0x8484aeaf, 0xafb1b1b1, 0xae848284,
0xafafb1b1, 0xaf8484ae, 0xafafb1b1, 0xafafafaf, 0xafafafb1, 0xafafafaf, 0xb1b1b1b1, 0xafafafaf,
0xaeaeae84, 0x84828282, 0x8282aeae, 0x84848282, 0xaeaeaeae, 0xafafae84, 0x8282aeaf, 0x84848282,
0xaeaeaeaf, 0xaf828282, 0xaeaeaeaf, 0xaf8484ae, 0xaeaeaeae, 0x848484ae, 0xaeaeaeaf, 0x848284ae,
0x8484ae84, 0x84afafae, 0x8484afae, 0x84afafaf, 0xaeafaf84, 0x84afaeaf, 0xafafafae, 0xae8484af,
0xafafaeae, 0x84ae84af, 0xafaf84af, 0x8484aeaf, 0xafaf8484, 0x828484af, 0xafaf8484, 0x848484af,
0xaeaeafae, 0x84848484, 0x84848484, 0x84848484, 0xafaf8484, 0xaf84ae84, 0xaeaeaeaf, 0x84848484,
0x84afafae, 0x82828282, 0xae848484, 0x84ae8484, 0x84848484, 0x84848484, 0x84aeaeae, 0x82aeaeae,
0x84848282, 0x81828484, 0x84828282, 0x82828284, 0x82818282, 0x81828284, 0x82828282, 0x84828182,
0x82828482, 0x84848284, 0x84848484, 0x84828284, 0x84848484, 0x84848284, 0x84848482, 0x84848484,
0x84818484, 0x81848484, 0x84848484, 0x7d818184, 0x84848484, 0x84818184, 0x84848484, 0x84848484,
0x84848484, 0x84848484, 0x84848484, 0x84848484, 0x84848184, 0x84848484, 0x84848484, 0x84848484,
0x84817d81, 0x84848484, 0x84848281, 0x83848484, 0x84848484, 0x84848481, 0x84848484, 0x83848484,
0x84848481, 0x84848484, 0x81848484, 0x84848481, 0x84848484, 0x84848484, 0x84848484, 0x83818483,
0x84848484, 0x84838383, 0x84848483, 0x84838383, 0x84838184, 0x84848484, 0x81848484, 0x83848484,
0x7d838484, 0x83848484, 0x7d818484, 0x83838484, 0x7d818484, 0x83818484, 0x84838484, 0x83838484,
0x7f838381, 0x84848484, 0x84818183, 0x84848484, 0x837d7d83, 0x84848384, 0x837d7d83, 0x8484837f,
0x837d7c7d, 0x84848483, 0x847d8184, 0x84848484, 0x84838183, 0x84848384, 0x83838183, 0x84847f7f,
0x7c7d8384, 0x7f7f7f7f, 0x7f7f8484, 0x84848483, 0x7f7f8384, 0x84848484, 0x84838384, 0x83838484,
0x84838484, 0x84838484, 0x83848484, 0x84848484, 0x837f8484, 0x84848484, 0x837f8483, 0x84848484,
0x7f7f7d7f, 0x847f7f7f, 0x847f7f84, 0x7f848483, 0x837f8384, 0x847f8483, 0x7f838484, 0x7f7f837f,
0x847f7f84, 0x84848483, 0x7f7f7f84, 0x84848484, 0x84848384, 0x847f8383, 0x84848484, 0x847f7f7f,
0x837f7f84, 0x83847f7f, 0x84848384, 0x83848484, 0x84848484, 0x8484838b, 0x8383847f, 0x7f838484,
0x8484837f, 0x8384837f, 0x8483847f, 0x83837f84, 0x8484837f, 0x83848484, 0x8484847f, 0x8384847f,
0x4a4a7d81, 0x7f7f7c4c, 0x4a4a7c7d, 0x7f7f7d7c, 0x6f6f7c7d, 0x837f7d7d, 0x7c4a7d7d, 0x837f7d7d,
0x7c7d7d7d, 0x7f7c4a7c, 0x7d7d7d7d, 0x7f7c6f7c, 0x7d7d7d7d, 0x7f7f7c7c, 0x7c7d7d81, 0x83837c6f,
0x7c837f7f, 0x837f7c4a, 0x7c7f8383, 0x837f7d7c, 0x7f838484, 0x84837f7f, 0x7d7f7f83, 0x847f7f7c,
0x7d7d7f83, 0x837f7f7d, 0x7f7f7f83, 0x837f7f7f, 0x8384837f, 0x847f7f83, 0x83848483, 0x7f7f7f7f,
0x8184837f, 0x7c7f7d7c, 0x7d848483, 0x7c7c7c7c, 0x7d838483, 0x7e837c6f, 0x83848484, 0x83837c6f,
0x83848484, 0x83837c7c, 0x83848484, 0x7f7f7c7c, 0x7f84837f, 0x7f837c7c, 0x84847f7f, 0x7f837c7d,
0x8a837f7c, 0x7e8a8a8a, 0x8a8a837f, 0x8a8a8a8a, 0x8a8a837f, 0x8a8a8b8a, 0x8a8a838a, 0x8a8a8b8a,
0x8a8a8a83, 0x8a8b8b8a, 0x8b8a8a83, 0x8a8b8a83, 0x8a8b8a83, 0x8a8a8a83, 0x838a8a83, 0x8a8a8383,
0x7f7f7f7e, 0x8a8a8a8a, 0x8a8a838a, 0x8a8a7e8a, 0x8a8a838a, 0x8a8a8a8a, 0x8a8a8a8a, 0x8a8a8a8a,
0x838a8a8a, 0x8a8a8a8a, 0x8a8a8a8a, 0x8a8a8a83, 0x8a8a7f7e, 0x8a8a8a8a, 0x8a8a7f8a, 0x8a8b8b8a,
0x837e8a8a, 0x7e7e7e7e, 0x8a7e7e8a, 0x8a8a7e7e, 0x8a7e8a8a, 0x7e8a8a8a, 0x8a8a8a8a, 0x7e8a8a8a,
0x8a8a8a8a, 0x7e8a8a8a, 0x8a8a8a8a, 0x7e8a898a, 0x8a8a8a8a, 0x7e7e8a8a, 0x8a8a8a8a, 0x8a8a8a8a,
0xbcbcbabc, 0xbcbcbcbc, 0xbcbcbcbc, 0xbabababa, 0xbcbcbcbc, 0xbabababa, 0xbcbcbcbc, 0xb8bababa,
0xbcbcbcbc, 0xbabababa, 0xbababcbc, 0xbcbcbab8, 0xbababcbc, 0xbabababa, 0xbababcbc, 0xbabababa,
0xbab8babc, 0xbcbcbcba, 0xbabababa, 0xbabababa, 0xbabcbaba, 0xadadbaba, 0xbabababa, 0xbaadbaad,
0xbabab8ba, 0xbaadadad, 0xadbababc, 0xadadbaad, 0xadadbaba, 0xadbabaad, 0xadadadba, 0xbabaadad,
0xbabababa, 0xbabaadba, 0xbabababa, 0xbabababa, 0xbabababa, 0xbabababa, 0xbabababa, 0xbabaadad,
0xbaadbaba, 0xadadadad, 0xadbababa, 0xadacadad, 0xbababaad, 0xadadadba, 0xadadadad, 0xadadadba,
0xbabababa, 0xadbaadad, 0xbabababa, 0xadadadad, 0xadadadba, 0xadadadad, 0xadadaaad, 0xa9a9aaad,
0xadada9aa, 0xa9a9aaad, 0xadaaa9aa, 0xa9a9a9ad, 0xa9a9aaad, 0x9ca7a9a9, 0xa9a9a9ad, 0x9ca7a7a9,
0xa9adadad, 0xa7a9a9a9, 0xa6a9adad, 0xa7a9a9a7, 0x9ca6aaad, 0xa7a79c9c, 0xa7a7a9a9, 0x9d9c999c,
0x9da6a69c, 0x9c9ca79c, 0xa79c9c9c, 0x9c9c9ca7, 0xa7a7a79c, 0xa99d9ca9, 0x9ca9a79c, 0xa79c9c9c,
0x9ca7a7a9, 0xa7a7a7a7, 0x9c9c9ca7, 0x9d9d9ca7, 0x9c9ca79d, 0x9c9d9da7, 0x9cadada9, 0x9ca9a9a7,
0x9da7aaa9, 0xa7a9a9a7, 0xa7a7a79c, 0xa9a9a9a9, 0xa9a99d9d, 0xa9a9a9a7, 0x9d9d6d99, 0x9da79d9d,
0xa7a79ca7, 0xa79c6c99, 0xa9a79ca7, 0x9c999ca7, 0xa7a79c9c, 0x99999c9c, 0x9c9c999c, 0x6d6d6d9c,
0x9d9c9c9d, 0x6d999c9c, 0xa7a9a9a9, 0x6d999c9c, 0x9da7a9aa, 0x999c9c9c, 0x999da9a9, 0x9c9c6d6d,
0x999ca9a9, 0x9c996699, 0x9c9da79d, 0x996d666d, 0x9c9c9c99, 0x666d666d, 0x6d6d6d9c, 0x6363666d,
0x6d9c996d, 0x635e6666, 0x639d9c66, 0x66666666, 0x6d9c9d6d, 0x6d6d6d9c, 0x6d6d996d, 0x9d9c9c9c,
0x9c9c9c9c, 0x6d9c9c9c, 0x9d9d9d9c, 0x9c9d9d9c, 0x9c9d9d9c, 0x9c9c9d9d, 0x9c9d9c9c, 0x6c6d9c9c,
0x9d9d9c6d, 0x6d9c9d9c, 0x9d9c6d6d, 0x6d9c9c9c, 0x9c9d9d9c, 0x6d9d9d9c, 0x6d6d9c9c, 0x779c9c9d,
0x666c6d99, 0x66666666, 0x666d6d6d, 0x666c6363, 0x636d6d9c, 0x666c6663, 0x666d6d6c, 0x66666d6c,
0x6c6c666c, 0x6c66666d, 0x776d6d6d, 0x6c666363, 0x776d6d9c, 0x63636c6d, 0x77777777, 0x63666d6d,
0x6c6d6363, 0x66666d6d, 0x6c666663, 0x6c9c9c6d, 0x63666d66, 0x6d6d6d63, 0x6c6c6d6d, 0x6d6d6d6c,
0x6c6d6d9c, 0x6d6d996d, 0x6d776d6d, 0x99999c99, 0x6d6d6d63, 0x6d6d9c9c, 0x6c66635e, 0x6d6d776d,
0x66666c6c, 0x63666c6c, 0x66636666, 0x63666c66, 0x6363666d, 0x66666666, 0x666c6c6d, 0x66635e63,
0x6c6c6c6d, 0x65655e66, 0x6c6c666c, 0x66636366, 0x9c6d6666, 0x65666c99, 0x9c6c6366, 0x66666d9d,
0x996d9966, 0x6c996c6c, 0x6c6c6c63, 0x666c6c99, 0x66666663, 0x666c6c6c, 0x5e5e6366, 0x6c666666,
0x5e5e6566, 0x66665e5e, 0x63636566, 0x665e5e65, 0x66666c63, 0x5e5e6566, 0x63636666, 0x5e5e6666,
0x9c98996c, 0x9c9ca69c, 0x996c6c66, 0x98989899, 0x66986c66, 0x9c6c6c65, 0x66996c6c, 0x6c6c655e,
0x656c6c66, 0x666c6665, 0x666c6c65, 0x66656565, 0x66666c63, 0x5e656565, 0x665e665e, 0x5e5e6566,
0x98a6a69c, 0x65989898, 0x98a6a698, 0x9b989866, 0x98989898, 0xa6a69c98, 0x6c666c6c, 0x989b9898,
0x98656666, 0x66986698, 0x66666566, 0x65656666, 0x5e5e6065, 0x98986665, 0x59596566, 0x66956666,
0x9b9b9898, 0xa69b9898, 0x9b9b9898, 0xa89b9ba6, 0x9b9b9b9b, 0xa89b9ba6, 0x98989898, 0xa6a6a6a6,
0x986c6565, 0xa6a69b98, 0x986c6565, 0xa69b9b9b, 0x65656565, 0xa6a69b9b, 0x98986c66, 0xa6a6a69b,
0xa8a8a8a8, 0xa8a8abab, 0xa6a6a8a8, 0xa8a8aba8, 0xa6a6a6a6, 0xa8a8a8a8, 0xa8a89b9b, 0xa8a8a6a8,
0xa8a89b9b, 0xa8a8a8a8, 0xaba8a8a6, 0xa8a8a8a8, 0xa6a8a8a6, 0xa8a8a8a6, 0xa8a8a8a6, 0xa8a8a8a8,
0xaba8a8a8, 0xa8a8abab, 0xa8aba8a8, 0xa8a8a8a8, 0xa8a8a8a8, 0x9ba8a8a8, 0xa8a8a8a6, 0x9ba8a6a8,
0xa69b9ba6, 0xa6a89ba6, 0xa8a8a8a6, 0xa6a6a69b, 0xa8a8a6a8, 0xa8a69ba6, 0xa6a6a8a8, 0xa6a69ba6,
0xa8a8abad, 0xa8a8a8a8, 0xa6a6a8ab, 0xa8a8a8a8, 0x9b9b9b9b, 0xa8a8a89b, 0x9ba69798, 0x9b9b9b9b,
0x9b9b9b9b, 0x9b9b979b, 0x9b9b9ba6, 0xa89b9b9b, 0x9b9b9ba8, 0x9b989ba6, 0x9b9b9ba6, 0x9797989b,
0xa8a8a8a8, 0x9ba8a8a8, 0xa8a8a8a8, 0xa8a8a8a8, 0xa6a6a6a8, 0x9fa8a8a8, 0xa8a8a69b, 0x9b9b9ba8,
0xa8a8a69b, 0xa8a8a8a8, 0xa8a89ba6, 0x9ba6a8a8, 0xa69b9b9b, 0x6a6a9b9b, 0x9b9b9b9b, 0x9b9b9b9b,
0x9b9b9b9b, 0x9b9f9b9b, 0x9b9b9b9f, 0x9a9b9b9b, 0x9b9b9fa8, 0x9a9b9b9b, 0xa8a89f9b, 0x9b9fa8a8,
0x9b9b9b9f, 0x9b9fa89b, 0x9a9a9b9b, 0x9a9b9a6a, 0x9a9b9a6a, 0x6a9a6a97, 0x6a976a6a, 0x9b9b9a97,
0x9ba89b9b, 0x9a9a9a9b, 0x729b9b9b, 0x726a6a6a, 0x6a9a979a, 0x9a6a6a6a, 0x6a6a9a9b, 0x726a6a6a,
0x6a976a9a, 0x9a6a6a6a, 0x6a6a976a, 0x6a6a6a9a, 0x9a9a9b9a, 0x6a6a6a6a, 0x9b9fa8a8, 0x6a6a6a9a,
0x9b9b9b9a, 0x9fa8a89f, 0x9b729b72, 0x9b9a9b9b, 0x6a6a6a6a, 0x9a6a6a72, 0x726a6a72, 0x729a9a9b,
0x9b9b726a, 0x9a9a9a9b, 0x9b6a9a6a, 0x9f9a9a9b, 0x6a9a9b6a, 0x9b726a72, 0x6a6a9a9a, 0x9a9a726a,
0x9a9a9f9f, 0x9f739e9b, 0x72729fa8, 0x7372729a, 0x729a9a9b, 0x749f9a9a, 0x9a9a9a9a, 0xa39f9b9a,
0x9b9f9f9b, 0xa3a39b9a, 0x9b9f9fa8, 0x9f9f9a9a, 0x9b9a9a9a, 0x9b9b729a, 0x9f726a9a, 0x9a72729b,
0xb4b4b4b4, 0xafb4afb4, 0xb4b4b4a4, 0xafa3afa4, 0xb4b4b4a3, 0xaba4a4a3, 0xa3b4b4ab, 0xa4aba4a3,
0xa3a4a49f, 0xb4b4b4a4, 0xabab9fa3, 0xababa3a3, 0x9fab9f9f, 0x9f9b9b9f, 0x9f9b9f9a, 0x9a729a9b,
0xb4afafaf, 0xb4b4afaf, 0xa3a3a3b4, 0xb4b4a3a3, 0x9fa3a3ab, 0xa3b4a3a3, 0x9fa3abb4, 0x9fa3a3a3,
0x9fababb4, 0x9b9f9f9f, 0x9f9faba4, 0x7472729f, 0x72729f9f, 0x726a729b, 0x9b9b729a, 0x72726a72,
0xb4c5c5c5, 0xc5c5c5b1, 0xafafb4b4, 0xafafa3a3, 0x739f9fa3, 0xa3737272, 0x72729f9f, 0x9f727272,
0x9f9f9f9f, 0x7272729f, 0x9f9f9f9f, 0x6a6a6a74, 0x9f9f9f9f, 0x72726a72, 0x9b9b9b72, 0x72747272,
0xc5c5b1b4, 0xb1c5c5c5, 0xb4b1afaf, 0xa3afb4b4, 0xa3a3afb4, 0x749fafb4, 0x7372a3a3, 0x72727373,
0x72727474, 0x729f7272, 0x726a7272, 0x72747272, 0x72727272, 0x9f9f7272, 0x72727272, 0x9f9f9f72,
0xc5c5b4b1, 0xb4afb4b4, 0xafafa382, 0xafa3afaf, 0xa3747473, 0xa4a374a3, 0xa3747472, 0x9fa3a39f,
0x9f727272, 0x9fa3a4a3, 0x74727272, 0x72749f9f, 0x9f9f7272, 0x7274a4a4, 0x9f727272, 0x729fa4ab,
0xaf7474a3, 0x72749fa3, 0xa39f749f, 0x749f9fa3, 0x9fa3749f, 0x729f9f74, 0x9f9f7272, 0x72727474,
0x729f7474, 0x72727472, 0x72747474, 0x74747272, 0x72727272, 0x9f747272, 0x72727272, 0x72727272,
0x74727474, 0x7473749f, 0x74727472, 0x74747474, 0x74727474, 0x74747474, 0x72747274, 0x72747472,
0x74727272, 0x72749f74, 0x726a7272, 0x72727472, 0x72727072, 0x72727272, 0x72727272, 0x70727270,
0x9f737374, 0x9fa3a3a3, 0x74737474, 0x74a37474, 0x729f9f72, 0x72727274, 0x74747274, 0x72687274,
0x9f727272, 0x7272729f, 0x74727072, 0x7272729f, 0x72747272, 0x72727272, 0x72727270, 0x74727272,
0x9f737372, 0xa3a3a3a3, 0x73737272, 0xa3a39f73, 0x9f727272, 0xa3a39f73, 0x72727272, 0x739f9f73,
0x72727272, 0x739f9f74, 0x72727072, 0xa3a37473, 0x9f747272, 0x9f9f7472, 0x72727274, 0x9f9f7272,
0xb4afafa3, 0xb4afb4b4, 0xafafafa3, 0xb4b4b4af, 0xa3a3a3a3, 0xb4b4afaf, 0xa3a3a3a3, 0xb4afa3a3,
0xa3a3a373, 0xb4a3a3a3, 0xa39fa3a3, 0xafa3a3a3, 0xa39f9f9f, 0xa3b4a3a3, 0xa39f9f9f, 0xa3a3a3a3,
0xb4b4b4b4, 0xb4b4b1af, 0xb4b4b4b4, 0xb4b4b4b4, 0xb4b4b4b4, 0xb4b4b4b4, 0xafafafb4, 0xb4b4b4b4,
0xafafafa3, 0xb4afafaf, 0xafafafa3, 0xb4afafaf, 0xa3a3a3a3, 0xafa3afaf, 0xa3a3a3a3, 0xafa3b4a3,
0xc5c5c5c5, 0xc5c5c5c5, 0xb4b4b4b4, 0xc5c5b4b4, 0xb4b4b4b4, 0xc5b4b4b4, 0xb4b4b4b4, 0xb4b4b4b4,
0xb4b4b4b4, 0xb4b4b4b4, 0xb4b4b4b4, 0xb4b4b4b4, 0xb4b4b4b4, 0xb4b4b4b4, 0xb4afafaf, 0xb4b4b4b4,
0xcacac7c5, 0xcacacaca, 0xcacac5c5, 0xc5c5c5c5, 0xc9c9c5c5, 0xc9c5c9c9, 0xc5c5c5b4, 0xc5c5c9c5,
0xb4b4b4b4, 0xc5c5c5c5, 0xb4b4b4b4, 0xb4b4b4b4, 0xb4b4b4b4, 0xb4b4b4b4, 0xb4b4b4b4, 0xb4b4b4b4,
0xcacacaca, 0xcacacaca, 0xcacacaca, 0xcacbcbca, 0xcacacac5, 0xcacacaca, 0xcacacac9, 0xcacacaca,
0xcac5c5c5, 0xcacacaca, 0xc5c5c5c5, 0xc5c5c5c5, 0xc5c5b4b4, 0xc5c5c5c5, 0xc5c5c5c5, 0xb4c5c5c5,
0xc7cacaca, 0xcacac7c7, 0xcacacaca, 0xcacacaca, 0xcacacaca, 0xcacacaca, 0xcacacaca, 0xcacacaca,
0xcacac7c7, 0xcacac7ca, 0xcacac5c5, 0xc7c7caca, 0xc5c5c5c5, 0xc5c5cac7, 0xc5c5c5c4, 0xc5c5c5c5,
0xcacacaca, 0xc9c9c5c9, 0xcacac7ca, 0xc9c5c5ca, 0xcacacaca, 0xc5c5c9ca, 0xcacacaca, 0xc9c9caca,
0xcacacaca, 0xc9c9caca, 0xcacac5c5, 0xc9c9c5ca, 0xcacacaca, 0xc5c9c9ca, 0xcacacac5, 0xc9c9c9ca,
0xc5c5c5c5, 0xb1b1b4c5, 0xc5c5c5c5, 0xb4b4c5c5, 0xc5c5c5c5, 0xb4b4c5c5, 0xc9c5c5c9, 0xb1b4b4c5,
0xc5c5c5c9, 0xb1b4b4c5, 0xc5c5c5c9, 0xb4b4b4b4, 0xb4c5c5c9, 0xb1b1b4b4, 0xb4c5c9c9, 0xb1b1b1b4,
0xb4c5c5b1, 0xb4b4b1b1, 0xc5c5c5b4, 0xb4b4b4c5, 0xc5c5c5b4, 0xb1b1b4b4, 0xc5b4b1b1, 0xb4b4b1b4,
0xb4b4b4b4, 0xb4b1b1b4, 0xb4b4b4b4, 0xb4b4b4b4, 0xb4b4b4b4, 0xb1b4b4b4, 0xb4b4b4b4, 0xb1b1b1b4,
0xb4b4b4b4, 0xc5b1b1b1, 0xb4b4b4b4, 0xb1b1b1b1, 0xb4b4b4b1, 0xb1b1b1b1, 0xb4b4b1b1, 0xb1b1b4b4,
0xb4b1b4b4, 0xb4b4b4b4, 0xb1c5b4b1, 0xb4b4b4b1, 0xb1b4b4b4, 0xb4b4b1b1, 0xb1b1b4b4, 0xb1b1b4b1,
0xb1c1c3c5, 0xc3c3b1b1, 0xb1b1b1b1, 0xc3b1b1b1, 0xb1b1b1b1, 0xc5b1b1b4, 0xb1b1b1b1, 0xc5c5c5b4,
0xc5b4b1b4, 0xc3b4b4b4, 0xc5c5b4b1, 0xc5b4c5b4, 0xb1b4b4b4, 0xb4b1b4b1, 0xb1b1b1b1, 0xb4b1b1b4,
0xc3c3c3c3, 0xc3c3c3c3, 0xb1b1b1c1, 0xc3c3c3b1, 0xc3b1b1b1, 0xb1b1c3c3, 0xb1b1b1b1, 0xb1b1b1b1,
0xb1b1b1b1, 0xb1b4b1b1, 0xb1b1b1b1, 0xb1b1b1b1, 0xb1b4b1b1, 0xb1b1b1b1, 0xb1b1b1b4, 0xb4b4b1b1,
0xb1b1c3b1, 0xb1b1b1b1, 0xb1b1c3c3, 0xb1b1b1b1, 0xb1b4c3c3, 0xb1b1b1b1, 0xb1b4b1b4, 0xb1b1b1b1,
0xb1b1b1b1, 0xb1b1b1b1, 0xb1b1b1b1, 0xb1b1b1b1, 0xb1b1b1b1, 0xafafafb1, 0xb1b1b1b1, 0xb1afafb1,
0xb1b1b1b1, 0xafaeaeaf, 0xafb1b1b1, 0xafafae84, 0xafb1b1b1, 0xafafaeae, 0xafafafb1, 0xafafaeae,
0xafafafb1, 0xafafafaf, 0xafafb1b1, 0xaeaeafaf, 0xafafafb1, 0xafafafae, 0xafafafb1, 0xaf82a2af,
0x8282afaf, 0x848284ae, 0x84aeafaf, 0xafae84ae, 0xaeafafaf, 0x84afaeae, 0xaeafafaf, 0x84afafae,
0x8484aeaf, 0x84aeaeae, 0xaeaeaeaf, 0xaeafaeae, 0xafaeaeae, 0xafafafaf, 0xaeae84af, 0xafafafae,
0xafafafaf, 0xaeae84af, 0xaeafafaf, 0x84848484, 0xae84ae84, 0x8284aeaf, 0xaeafaf84, 0x8484afaf,
0xafb1afae, 0x84afafaf, 0xafb1afae, 0x84afafaf, 0xafafafaf, 0x8484afaf, 0xafafafaf, 0x848484af,
0xafafae84, 0x828484ae, 0xaeafafae, 0x818284ae, 0xafaeaf84, 0x828484af, 0xafafafae, 0x8184afaf,
0xaeafaeae, 0x82828484, 0x84aeae84, 0x828484ae, 0xaeafafae, 0x848284ae, 0xaeafaf84, 0x848284ae,
0x84848282, 0x848484ae, 0xaf848482, 0x84848484, 0xaf848484, 0x84848284, 0x84848484, 0x84848484,
0x82848282, 0x84848482, 0x84848482, 0x84828484, 0x84848284, 0xafafae84, 0x84848484, 0xafaf8484,
0x82828484, 0x84848482, 0x81848484, 0x84848484, 0x84848484, 0x84848484, 0x84848484, 0x84848484,
0xaf848484, 0x84848484, 0x84848484, 0x84848484, 0x848484ae, 0x84848484, 0x8484ae84, 0x84848484,
0x84848484, 0x817d8484, 0x84848484, 0x7d818184, 0x84848484, 0x7d7d8184, 0x84818484, 0x817d8484,
0x84848381, 0x84848484, 0x84848484, 0x84848484, 0x84848484, 0x81818484, 0x84848484, 0x81818184,
0x8183817d, 0x83838483, 0x7d81817d, 0x8383847d, 0x84818481, 0x84848484, 0x84848484, 0x84848484,
0x84848484, 0x84848484, 0x84848484, 0x84848484, 0x84848484, 0x84848484, 0x84848484, 0x84848484,
0x837f8181, 0x83848483, 0x84848483, 0x84848484, 0x84848484, 0x84848483, 0x7f838384, 0x83848484,
0x84848383, 0x84848484, 0x84848484, 0x83848b84, 0x84848484, 0x84848484, 0x84838484, 0x84848484,
0x837f8484, 0x84848484, 0x83848b8b, 0x84848483, 0x84848484, 0x84848483, 0x84838484, 0x84848484,
0x84848484, 0x84848383, 0x84848484, 0x8484837f, 0x84848484, 0x8b848484, 0x84848484, 0x8b848384,
0x837f8484, 0x83847f83, 0x84848484, 0x7f7f8384, 0x84848483, 0x847f8484, 0x8484847f, 0x84838384,
0x84848484, 0x837f7f84, 0x84848484, 0x84838484, 0x84848b84, 0x7f838484, 0x84848484, 0x837f8484,
0x84848483, 0x8384847f, 0x8384847f, 0x8384847f, 0x84848484, 0x84848484, 0x84848b84, 0x84848484,
0x84848484, 0x84848484, 0x848b8484, 0x84848484, 0x8484847f, 0x84848484, 0x84848b84, 0x83848484,
0x4a7d7d81, 0x84847f7c, 0x7c6f7d81, 0x7f7f7f7d, 0x7c7c8384, 0x7f7f8383, 0x7d7d8183, 0x837f7d83,
0x7d7d817d, 0x84837f7d, 0x7d817d81, 0x8383837d, 0x7c818183, 0x7f7d7d7d, 0x7d7d7d83, 0x84838383,
0x84848383, 0x7c7f7f7f, 0x84848383, 0x7c7f7f83, 0x8b848383, 0x7f838384, 0x8b838384, 0x8384848b,
0x8b848484, 0x8384848b, 0x8b848484, 0x83848b8b, 0x8484837f, 0x838b8b8b, 0x84848483, 0x848b8b84,
0x8484847d, 0x83837d83, 0x8b8b847f, 0x837f7c83, 0x8b8b847f, 0x837f7c83, 0x8b8b8483, 0x7e837f84,
0x8b8b8484, 0x7e83838b, 0x8b8b8483, 0x837d8384, 0x8b847f7f, 0x837d8384, 0x8b837f83, 0x837c838b,
0x838b8383, 0x8a8a837f, 0x838b8383, 0x837f7f7f, 0x838b8383, 0x838a837f, 0x838b8383, 0x83837f7f,
0x83837c83, 0x8383837f, 0x83837c83, 0x83838383, 0x8b837f83, 0x838a8383, 0x83838383, 0x8b8b8a83,
0x8a8a8a8a, 0x8a8a8a8a, 0x8a8a8383, 0x8a8b8a8a, 0x8a8a8b8a, 0x8a8a8a8a, 0x8a838a8a, 0x8a8a8a83,
0x837f8383, 0x8a8a8a8a, 0x8a8a8a83, 0x8a8a8a8a, 0x8a8a8b8b, 0x8b8a8a8a, 0x838a8b8b, 0x8b8a8a8a,
0x8a8a8a8a, 0x7e7e7e7e, 0x8a8a8a8a, 0x897e7e7e, 0x8a8a8a8a, 0x8a8a8a8a, 0x8a8a8a8a, 0x8a8a8a7e,
0x8a8a8a8a, 0x8a8a8a7e, 0x8a8a8a8b, 0x8a8a8a7e, 0x8a8a8a8b, 0x8a8b8a8a, 0x8a8b8a8b, 0x8a8b8a8a,
0xbabcbcbc, 0xbabababa, 0xbabab8ba, 0xbabaadb8, 0xbcbababa, 0xadadadba, 0xbcbababa, 0xadbabcbc,
0xbabababa, 0xbabcbcba, 0xb8b8b8ad, 0xbababab8, 0xbababab8, 0xbababcba, 0xbabababa, 0xbabababa,
0xadadbaba, 0xbaadadad, 0xadadbaba, 0xbaadadad, 0xadadbaba, 0xbaadbaad, 0xadadbaad, 0xadadadad,
0xadadbaba, 0xadadbaad, 0xadadbaba, 0xadadadad, 0xadadadba, 0xadadadad, 0xadadadad, 0xadadadad,
0xadadadad, 0xa9adadad, 0xaaadbaba, 0xa9aaa9a9, 0xadadadba, 0xa9aaadad, 0xa9a9aaaa, 0xa9a9ada9,
0xa9a9a9aa, 0xa9a9ada9, 0xadadadad, 0xa9adadad, 0xadadadad, 0xadadacad, 0xaaadadad, 0xadadaaaa,
0xa9a9a9aa, 0x9c9c9ca9, 0xa9a9a9a9, 0x9c9c9ca7, 0xa7a9a7aa, 0x99999c9c, 0xa79ca7ad, 0x9c999c9c,
0xaaa9a9a9, 0x9d9ca7a9, 0xa9a9a7a9, 0xa7a9a9a9, 0xa79da9aa, 0xa9a7a7a7, 0x9c9da7aa, 0xa79c9999,
0x999d999c, 0x9c9c9c99, 0x999c999c, 0x996d6d6d, 0x6d996d99, 0x999c999c, 0x996d6d9c, 0x6d9c9da7,
0x9c9c9c9d, 0xa99d9c9d, 0x9ca7a7a7, 0xa7a7a9a9, 0xa9a9a9a9, 0x9c9da9a9, 0xa9aaa9a7, 0x999c9c9c,
0x9c9d9c99, 0xa79c6c6d, 0x9d9c9999, 0x999c6d6d, 0x9c9c6d99, 0x6d996d9c, 0x9c9c6d9c, 0x66666699,
0x9c6d9daa, 0x666d669c, 0x9c9c9c9d, 0x6d6d666d, 0xa79d9c9c, 0x6d6d669c, 0x9c9c9c6d, 0x996d669c,
0x9c9c9da9, 0x6d6d9c9c, 0x9d9c999c, 0x6d6d9c9c, 0x9d9d9c9c, 0x6d6d9c9d, 0x9c9c9c6d, 0x6d9ca79d,
0x9c9c9d9c, 0x6d999c9d, 0x9c9c9c99, 0x996d9c9c, 0x9c9c6d6d, 0x9c6d999c, 0x9c9c6d99, 0x9da09d9c,
0x6d6d6d6d, 0x9d9d9c99, 0x6d6d6d6d, 0x9c6d9c9c, 0x6d6d6d6d, 0x9c6d9c9c, 0x6d9d6d6d, 0x6d6d6d9c,
0x9c9d9c6d, 0x6d6d6d9c, 0x9d9c6d6d, 0x77779d9d, 0x9d9c6d9c, 0x6d6d9d9d, 0x9d9d9d9d, 0x6d6d779d,
0x6d6d9c9c, 0x9c77779c, 0x9d6d9c9c, 0x776d6d6d, 0x9d9c9c6d, 0x6c6d6d6d, 0x9c9c9c6d, 0x636d9c6d,
0x77776d6d, 0x6d6d7777, 0x776d7777, 0x6b6b6d77, 0x6d779d77, 0x63637777, 0x776d6b6b, 0x63636b63,
0x779c7777, 0x636c6d6d, 0x7777776d, 0x6c6c6c6d, 0x9c6d6d63, 0x63636d6d, 0x6d6b6b6d, 0x6d6d6d6c,
0x6b6b6d6d, 0x636d6d63, 0x63636d6d, 0x63636363, 0x63636b63, 0x6b636b63, 0x636b4747, 0x6b636363,
0x6c63635e, 0x9c6d6d6d, 0x63636c6d, 0x6d6d6663, 0x41636d6d, 0x6c6d635e, 0x415e6363, 0x63636363,
0x5e634163, 0x63636363, 0x41636363, 0x635e4141, 0x636b6b63, 0x6c63636b, 0x6b6b6b6b, 0x6c63636b,
0x6c666666, 0x666c9c9c, 0x66636c63, 0x6c9c9c9c, 0x63636d6c, 0x6c9c9c6d, 0x666d6d6d, 0x6c9c6d66,
0x6d9c6d6c, 0x6d996663, 0x6c6d636c, 0x9c6d6c63, 0x779c6d63, 0xa99c6d9c, 0x9c636d6d, 0x9c9c9c9d,
0x5e5e6666, 0x66666665, 0x65666c66, 0x66666363, 0x666c6666, 0x6c5e5e66, 0x666c6c66, 0x66666666,
0x6d66666d, 0x6c666c99, 0x666c6d9c, 0x996c9c99, 0x666d6d9c, 0x9999996d, 0x9c9c996d, 0x999c9c9d,
0x635e6666, 0x66666666, 0x5e5e666c, 0x6c666665, 0x6663666c, 0x65656565, 0x63666d6c, 0x665e5e65,
0x66666666, 0x5e5e5e66, 0x66666566, 0x5e5e6566, 0x66666c66, 0x60665e5e, 0x666c9999, 0x66605e65,
0x5e5e6066, 0x66666566, 0x5e5e606c, 0x66666665, 0x5e606666, 0x6665655e, 0x60656666, 0x9898985e,
0x65656560, 0x98989865, 0x6565605e, 0x98989866, 0x605e6060, 0x98989866, 0x5e5e5e66, 0x98986666,
0x9b9b9866, 0xa6a6a69b, 0x98989898, 0x9ba69b9b, 0x98989898, 0x9ba69b98, 0x6c986666, 0x9ba69865,
0x6c986666, 0x9b976565, 0x98986c98, 0x9b98989b, 0x9b9c9898, 0xa698989b, 0xa6a69b98, 0xa6a6a6a6,
0xa8a8a8a6, 0x9ba8a8a8, 0xa6a69b98, 0x9ba69b9b, 0xa6a69b98, 0x97a69ba6, 0x9b9b9b9b, 0x979ba6a6,
0xa69ba6a6, 0x97989ba6, 0xa6a8a6a6, 0x9b989ba6, 0xa6a6a6a6, 0x98989ba6, 0xa8a6a6a6, 0x979ba6a6,
0xa69ba6a6, 0x9b989ba6, 0xa69ba69b, 0x9ba69ba6, 0x9b9b9b97, 0x98a8a69b, 0x98a6a697, 0x97989898,
0x989ba698, 0x97979797, 0xa69b9b9b, 0x989b979b, 0x9b98a69b, 0x98a69798, 0x979b9897, 0x97989797,
0x9b98a69b, 0x979b9b9b, 0x9b989b9b, 0x9ba69b9b, 0x98989898, 0x989b9b97, 0x98979797, 0x9b9b9b97,
0x9b9b9765, 0xa69b9b9b, 0xa6a69b6a, 0x9b9b9ba6, 0x9ba69897, 0x986a989b, 0x989b986a, 0x976a6a97,
0xa8a69b98, 0x9b9b9b9b, 0x9b9b9b9b, 0x9a9b9b9b, 0x9b9b9b9b, 0x9a9ba8a8, 0xa8a8a69b, 0x9ba8a8a8,
0xa8a8a6a8, 0x9b9ba8a8, 0x9b9b9ba6, 0x9b9b9b9b, 0x989b9b9b, 0x9b9ba69b, 0x989b9897, 0x9b9b9b6a,
0x9a9a9b9b, 0xa8a89b9b, 0x9b9b9b9b, 0xa8a8a89b, 0x9b9b9b6a, 0x9ba89b9b, 0x6a979797, 0x9b9b976a,
0x976a979a, 0x9a9b9a9a, 0x9b9b9b9b, 0xa89b9b9b, 0xa8a8a69b, 0xa8a8a8a8, 0x9ba69b97, 0xa6a89b9b,
0x9b9ba8a8, 0x6a6a6a6a, 0x9a979ba8, 0x6a6a6a6a, 0x6a6a9a9b, 0x6a6a6a6a, 0x6a6a9b9b, 0x726a6a6a,
0x9a6a9a9b, 0x9a9b9a9b, 0x9b979a9b, 0x9a9a9a9b, 0x9a6aa6a8, 0x6a976a6a, 0x979ba89b, 0x6a97976a,
0x6a729b9b, 0x9a9a6a6a, 0x6a6a9a6a, 0x729a726a, 0x6a6a6a6a, 0x72729b72, 0x6a6a6a6a, 0x9a9b9b72,
0x6a6a9a9b, 0x9b9b9b9a, 0x6a9b9b9b, 0x7272726a, 0x6a6a729b, 0x726a6a6a, 0x9b729a9a, 0x9b9b9a9b,
0x9f9a7272, 0x9a72729a, 0x9b9b9a72, 0x9a6a7272, 0x9b729b72, 0x9a729a9b, 0x9b9b9b9b, 0x9f9a729a,
0x9a9a9a9a, 0x9f9f9a72, 0x72729a72, 0x9f9b9b9f, 0x9b9f9a72, 0x9f9f9f9f, 0xa8a89b72, 0x9f9f9f9f,
0x729b9a9a, 0x9f9f9b9b, 0x9a9b729a, 0x9a9f9f9f, 0x9b9f9a9a, 0x729b9f9f, 0x9f9f9b9f, 0x9a9f9b9f,
0x9f9f9f9f, 0x729b9b9f, 0xa8a8a8a8, 0x9b9a9b9f, 0x9b9f9fa8, 0x9a9a9b9f, 0x729f9f9f, 0x9b9b9b9f,
0x72727272, 0x9b9b729b, 0x729b7272, 0x72727272, 0x9b9b9a72, 0x72727272, 0x7272729b, 0x726a7272,
0x9b9b6a9a, 0x9b727272, 0x9b9b7272, 0x9f727272, 0x72727272, 0x9b729b9b, 0x9b72729b, 0x7272729b,
0x72727272, 0x74747274, 0x9b727272, 0x72729f9f, 0x9f9f9b72, 0x729f9f9f, 0x729b9b72, 0x9f749f74,
0x729b7472, 0x9f9b7472, 0x9f9f9b9b, 0x9f72729f, 0x9f9f9b9b, 0x9b9b729b, 0x9b9f7472, 0x9f74726a,
0x7272729b, 0x749f9f72, 0x72729f9f, 0x72749f72, 0x729b9f9f, 0x72727272, 0x749f9b9f, 0x72747272,
0x9f9f9f9f, 0x729f9f74, 0x9f9f749f, 0x9f747474, 0x9f9f749f, 0x9f729f9f, 0x9f9f749f, 0x7474749f,
0x9f727274, 0x9f9fa3a3, 0x9f727272, 0x9f74729f, 0x9f727272, 0x7272729f, 0x9f9f7472, 0x727274ab,
0x9f9f9f74, 0x72749f9f, 0x9f72729f, 0x749f9fa3, 0x9f72729f, 0x749f9f9f, 0x7272729f, 0x74747272,
0x72727274, 0x72727472, 0x72727272, 0x72727474, 0x72747272, 0x72727272, 0x72747272, 0x9f727272,
0x72727274, 0x72727474, 0x9f727274, 0x72727474, 0x9f747272, 0x72727272, 0x9f747472, 0x72727274,
0x72727274, 0x72727272, 0x72727274, 0x72727072, 0x72707274, 0x74747072, 0x72727274, 0x74747272,
0x74747472, 0x9f74749f, 0x74747474, 0x72727274, 0x74727274, 0x749f7472, 0x72727272, 0x729f7272,
0x72727270, 0x74727072, 0x72727272, 0x74727070, 0x70727274, 0x72726870, 0x72727274, 0x72727472,
0x72727274, 0x72727472, 0x72747270, 0x74727272, 0x72727272, 0x72727272, 0x72707272, 0x72747272,
0x72727274, 0x9f9f7272, 0x72727272, 0x9f727272, 0x72727272, 0x9f747474, 0x74727272, 0x9f9f749f,
0x9f747474, 0x9f9f9f74, 0x7274749f, 0x9f9f9f74, 0x72727272, 0x9f9f7272, 0x72727272, 0x74727274,
0xa39f749f, 0xa3a39f9f, 0xa39f7474, 0xa3a39fa3, 0xa39f749f, 0xa39f9fa3, 0x9f9f9f9f, 0xa39f9f9f,
0x9fa39fa3, 0xa3a39f9f, 0x9f9f9f9f, 0xa3a3a3a3, 0x9f9f7372, 0xa3a3a3a3, 0x9f747373, 0x9f9f9f9f,
0xa3a3a3a3, 0xa3ababa3, 0xa3a3a3a3, 0xb4b4a3a3, 0xa3a3a3a3, 0xb4b4a3a3, 0xa3a3a39f, 0xabb4a3a3,
0xa3a3a3a3, 0xa3aba3a3, 0x9f9f9fa3, 0xa3a3a39f, 0x9f9f9fa3, 0xa3a3a39f, 0x9f9f9f9f, 0xa3a3a3a3,
0xafafb4af, 0xb4b4b4af, 0xafa3a3af, 0xb4b4b4b4, 0xa3a3a3a3, 0xb4b4b4b4, 0xa3b4b4a3, 0xb4b4b4b4,
0xb4b4b4a3, 0xb4b4b4b4, 0xb4b4abab, 0xb4b4b4b4, 0xb4ababab, 0xabababb4, 0xa3a3a3a3, 0xabababa3,
0xb4b4b4b4, 0xb4b4b4b4, 0xb4b4afaf, 0xb4b4b4b4, 0xb4b4b4b4, 0xb4b4b4b4, 0xb4b4b4b4, 0xb4b4b4b4,
0xb4b4b4b4, 0xb4b4b4b4, 0xb4b4b4b4, 0xb4b4b4b4, 0xabababab, 0xb4b4b4ab, 0xabababab, 0xabb4abab,
0xb4b4b4b4, 0xc5c5c5c5, 0xb4b4b4b4, 0xc5c5b4b4, 0xb4b4b4b4, 0xb4b4b4b4, 0xb4b4b4b4, 0xafb4b4b4,
0xb4b4b4b4, 0xb4b4b4b4, 0xb4b4b4b4, 0xb4b4b4b4, 0xb4b4b4b4, 0xb4b4b4b4, 0xb4b4b4ab, 0xb4b4b4b4,
0xc5c5c5c5, 0xc5c5c5c4, 0xb4c5c5c5, 0xc5b4c5c5, 0xb4b4b4b4, 0xc5b4b4b4, 0xb4b4b4b4, 0xb4b4b4b4,
0xafb4b4b4, 0xafafafb4, 0xb4b4b4b4, 0xafafb4b4, 0xb4b4b4b4, 0xb4b4b4ab, 0xb4b4b4b4, 0xa3ababb4,
0xc5c5c5c5, 0xc9c5c5c5, 0xc5c5c5c5, 0xc5c9c5c5, 0xc5c5c5c5, 0xc5c5c5c5, 0xb4c5c5b4, 0xb4b4b4b4,
0xb4b4b4b4, 0xb4b4b4b4, 0xb4afafaf, 0xb4b4b4b4, 0xafa3a3af, 0xb4afafb4, 0xb4b4a3a3, 0xb4b4b4b4,
0xb4b4c5c5, 0xb4b1b1b1, 0xb1b4b4c5, 0xb4b4b4b1, 0xb4b4b4b4, 0xb4b4b4b4, 0xb4b4b4b4, 0xb4b4b1b4,
0xb4b4b4b4, 0xb4afb4b4, 0xb4b4b4b4, 0xb4b4b4b4, 0xb4b4b4b4, 0xafafb4b4, 0xa3b4b4b4, 0xafa3b4b4,
0xb4b1b4b4, 0xb1b1b1b4, 0xb4b1b4b4, 0xafafafb1, 0xb4b4b4b4, 0xb1b1b1af, 0xb4b4b4b4, 0xb1b1b4af,
0xb4b4b4b4, 0xafafb4b4, 0xb4b4b4b4, 0xb4afb4b4, 0xafafb4af, 0xb4b4b4b4, 0xb4b4b4b4, 0xb4afb4b4,
0xb1b1b1b1, 0xb1b4b4b4, 0xb1b1b4b1, 0xb4b4b1b1, 0xb1b4b4b4, 0xb1b1b1b1, 0xb1b1afb1, 0xb1b1b1b1,
0xb1afafb1, 0xb4b1b1b1, 0xafafafaf, 0xb4b4b1b1, 0xafaeaeaf, 0xb1b1b1af, 0xafafb4b4, 0xb1b4b1ae,
0xb1b1b4b1, 0xb1b1b1b4, 0xb1b4b4b1, 0xb4b4b1b1, 0xb1b1b4b1, 0xb1b4b1b1, 0xb1b1b1b1, 0xb1b1b1b1,
0xb1b1b4b1, 0xb1b1b4b1, 0xb4b4b4b4, 0xb1b1b4b1, 0xb1b4b1b4, 0xb1b1b1b1, 0xafb1b1b1, 0xb1b1b1b1,
0xb1b1b4b4, 0xb4b1b1b1, 0xb4b4b1b1, 0xb4b1b4b1, 0xb4c5b4b4, 0xb4b4b4b4, 0xb4b4c5b4, 0xb4b4b4b4,
0xb4b4b4b1, 0xb4b4c5b4, 0xb1b4b4b4, 0xb1b1b4b1, 0xb4b4b1b4, 0xb1b4b4b4, 0xb4b1b4b4, 0xb1b1b1b4,
0xb1b1b1b1, 0xb1afafb1, 0xb1b1b1b1, 0xafb1afb1, 0xb1b1b1b1, 0xafb1b1b1, 0xb1b1b1b4, 0xafb1b1b1,
0xb1b1b1b1, 0xafb1b1b1, 0xb1b1b1b1, 0xafb4b1b1, 0xb1b1b4b4, 0xafb1b1af, 0xb1b4b1b4, 0xb1b1b1af,
0xafafafb1, 0xafaeafaf, 0xafafb1af, 0xafaeafaf, 0xafafafaf, 0xafafafaf, 0xafafafaf, 0xafaf8282,
0xafafafaf, 0xaf8482af, 0xafafafaf, 0xafaf82af, 0xafafafaf, 0xafafafaf, 0xafafafaf, 0xafafafaf,
0x82aeaeaf, 0xafb1afae, 0xaeaeaeaf, 0xafafafaf, 0xafaeaeae, 0xafafafaf, 0xafaf82ae, 0x84af84ae,
0xaeafafaf, 0xafaf84af, 0x8484afaf, 0xafafafaf, 0xaf84afaf, 0xaeafafaf, 0xaeafafaf, 0xaeafafae,
0xaeafaeaf, 0xaeaeaeaf, 0xafafafae, 0x8484afaf, 0xafb1afae, 0xaf8484af, 0xafafafae, 0xaf8484ae,
0xafaf84ae, 0xaf8484af, 0xafafae84, 0xafafaeae, 0xafafaf84, 0xafafafaf, 0xafafafae, 0xafaeaeaf,
0xafafaeae, 0x848284af, 0xafafaeae, 0x8284aeaf, 0xafafafaf, 0x8284aeaf, 0xafafafaf, 0x8284aeaf,
0xaeafaeaf, 0x8282aeaf, 0x8484aeaf, 0xae84aeae, 0x8484afaf, 0xae82aeae, 0xaeafafaf, 0x8484afaf,
0x84848484, 0xaf848484, 0x84848484, 0xaf848484, 0x84848484, 0x84848484, 0x84848484, 0x84aeaf84,
0x84848484, 0x84848484, 0x84848484, 0x84848484, 0x84848484, 0x84848484, 0xaeae8484, 0x84848484,
0x82848484, 0x84848484, 0x8284afaf, 0x84848484, 0x8484afaf, 0x84848484, 0x848484ae, 0x848484af,
0x848482ae, 0x84848484, 0x84848484, 0x84848284, 0x84848484, 0x84828484, 0x8484af84, 0x84848484,
0x84848484, 0x84818184, 0xaeaeae84, 0x84828284, 0x84848484, 0x84848482, 0x84848484, 0x84848482,
0xae848484, 0x84848484, 0x8484ae84, 0x84848484, 0x848484ae, 0x84848184, 0x848484af, 0x848484ae,
0x84848484, 0x84848484, 0x84848484, 0x81848484, 0xaf848484, 0x848484b1, 0x8484af84, 0x84848484,
0x84848484, 0x84848484, 0x84848484, 0x84848484, 0xb1848484, 0x84848484, 0xb1ae8484, 0x8484ae84,
0x84848484, 0x84848484, 0x84848484, 0x84848484, 0x84848483, 0x84848484, 0x84848484, 0x84848484,
0x84848484, 0x83848484, 0x84848484, 0x84848484, 0x84848484, 0x84848484, 0x84848483, 0x84848384,
0x84848484, 0x84848484, 0x84848484, 0x84848484, 0x7f848384, 0x848b8484, 0x84848484, 0x84848483,
0x84848484, 0x84848483, 0x83848483, 0x8384837d, 0x7d848384, 0x8484837d, 0x81848484, 0x8384837d,
0x84848484, 0x84838484, 0x84848484, 0x84838484, 0x83848484, 0x84848484, 0x83848484, 0x847f8484,
0x83848484, 0x84838484, 0x84848483, 0x8b848484, 0x84848384, 0x84848484, 0x84848484, 0x8b848484,
0x84848484, 0x84848483, 0x84848384, 0x84848484, 0x84848484, 0x84838484, 0x83848b84, 0x83848484,
0x84848484, 0x84848484, 0x84848484, 0x84848484, 0x8484848b, 0x84848484, 0x8484848b, 0x84848484,
0x7d818184, 0x8483837d, 0x84848484, 0x84837f83, 0x83848484, 0x83848383, 0x84848484, 0x84848484,
0x84848484, 0x84838384, 0x83818184, 0x837d7d83, 0x817d8184, 0x84817d7d, 0x7d848484, 0x83817d7d,
0x84848384, 0x848b8483, 0x84838384, 0x848b7f84, 0x83838383, 0x8b8b847f, 0x7f7d7f83, 0x8b8b847f,
0x84837d83, 0x8b8b8483, 0x84837f84, 0x8b848484, 0x83838484, 0x8b7f847f, 0x7d838484, 0x8b848484,
0x8b838383, 0x7f7c838b, 0x8b8b8b84, 0x7c7d8484, 0x8b8b8b8b, 0x7d83848b, 0x8b8b8b8b, 0x8383848b,
0x8b8b8b8b, 0x83838b8b, 0x8b8b848b, 0x7d838b8b, 0x8b8b8b8b, 0x7c818b8b, 0x8b8b8b8b, 0x7c838b91,
0x83838383, 0x8b8b8b8a, 0x8b837f7f, 0x8b8b8b8b, 0x8a83837f, 0x8b838b8b, 0x83838383, 0x8a8a8a8a,
0x83838a83, 0x8a8a8b83, 0x83838b84, 0x8b8b8b8a, 0x8a838383, 0x8b8b8b8b, 0x8b838383, 0x8b8b8b8b,
0x83838b8b, 0x8b8b8b83, 0x83838b8b, 0x8b8b8b83, 0x83838b8b, 0x8b8b8b83, 0x838a8b8a, 0x8b8b8a83,
0x83838383, 0x8b8a837e, 0x7e83838b, 0x8b8a837c, 0x838a8b8b, 0xbe8a8a83, 0x838b8b8b, 0x8b838383,
0x8a8b8b8b, 0x8a8a8a8a, 0x8b8b8b8b, 0x8a8a8a8a, 0x8b8b8b8b, 0x8a8a8a8a, 0x8b8b8b8b, 0x8a8a8a8a,
0x8b8b8b8b, 0x8a8a8a8a, 0x8b8b8b8b, 0x8a8a8a8b, 0xb08b8b8b, 0x8a8a8a8b, 0x8b8b8b8b, 0x8a8b8b8b,
0xadbababa, 0xbabaadad, 0xadbababa, 0xbabab8ba, 0xbabab8ba, 0xadbababa, 0xbabababc, 0xadadadba,
0xbababcbc, 0xadadadba, 0xbabababc, 0xadadadad, 0xbababcbc, 0xadadadba, 0xbabcbcbc, 0xadadadba,
0xadadadad, 0xb8adadad, 0xadbaadba, 0xadadadad, 0xadadadad, 0xadadadad, 0xadadadad, 0xaaadadba,
0xadadaaad, 0xaaadadad, 0xadadada9, 0xaaaaaaad, 0xadadadad, 0xaaaaaaad, 0xadbaadad, 0xaaadadad,
0xa9a9aaad, 0xaaaaaaa9, 0xaaaaadad, 0xa7aaa9a9, 0xaaadadad, 0x9c9ca7a9, 0xaaadaaaa, 0x9c9daaaa,
0xaaaaaaaa, 0x9d9da9aa, 0xadadadaa, 0xa79c9caa, 0xa9aaa9aa, 0x9d9d999d, 0x9c9c99a7, 0xaaa99c9c,
0x9c9999a7, 0x9d9d9d9c, 0x9c999d9d, 0xaaa79d9d, 0x9d9da79d, 0xaaaa9d9d, 0x9d9da9a7, 0xaaaaa79d,
0xa9a9a9a9, 0xa9aaa9a9, 0xaaaaaaaa, 0xa7aaaaaa, 0xaaaaaaaa, 0xaaaaaaaa, 0xaaaaaaaa, 0xa9a9a7aa,
0xa9aaa79c, 0x9d9d9da9, 0xa7a99daa, 0x9da7999c, 0xaaa9a7a9, 0xa9a79c9c, 0xa99c9c9d, 0xaaa99d9d,
0x9d6d9ca7, 0xa7a7a9a9, 0xaa9d9ca7, 0x9d9d9daa, 0xa9a9a7aa, 0xa99d9da9, 0xa9a79da7, 0xa9a7a9a9,
0x999c6d99, 0x9c66666d, 0x9c9c9c9d, 0x6d999d9c, 0x9c9c9ca9, 0x6d9c9c9c, 0x6d9c9ca9, 0x9c9c6d99,
0x6d9ca9a7, 0x9c9c996d, 0x6d9c9d9d, 0x6d6d6d6d, 0x9c9da7aa, 0x6d6d6d6d, 0x9c9da9a9, 0x9d9c9c6d,
0xa09d9c9c, 0xa09da0a9, 0xa99c996d, 0xa9a9aaa9, 0xa99d9c99, 0xaaaca9a9, 0x9d9d9c9c, 0xacaca99d,
0xa9a79d9d, 0xacaaa9a0, 0xaaa9a99c, 0xaaacaaaa, 0xaaa99d9c, 0xa9a9aaaa, 0xaca09ca7, 0xa0aaaaaa,
0xa0a9a0a9, 0x7777779d, 0xa9aaaaaa, 0x6d77779d, 0xaaaaaaac, 0x6b6d77a0, 0xaaa9aaac, 0x77779da9,
0xa0a9aaac, 0x77779da0, 0x77a0a9ac, 0x6d6b7777, 0x9da0a9aa, 0x6b6b6b77, 0x789da0a0, 0x6b6b6377,
0x6b6b6d6d, 0x47474747, 0x6b6b6b6b, 0x47474747, 0x40476b6b, 0x47474047, 0x47476b6b, 0x47474140,
0x4747636b, 0x47474041, 0x47476b6d, 0x47404047, 0x41476b6b, 0x47474747, 0x476b6b6b, 0x6b474747,
0x6b6b4747, 0x47476363, 0x6b6b4747, 0x4147476b, 0x6b6b6347, 0x47476b6b, 0x47476b47, 0x6b47636b,
0x47474847, 0x6b474747, 0x486b4747, 0x6b474747, 0x6b48476b, 0x4746476b, 0x4747476b, 0x47464047,
0x6d6b6b6b, 0x63636363, 0x6b756b47, 0x6363636b, 0x77774747, 0x636b6b6b, 0x78754747, 0x6b6b636b,
0x75474747, 0x6b636b6b, 0x47474747, 0x7777756b, 0x476b4747, 0x75757775, 0x486b6b47, 0x47476b47,
0x9c6d6d6d, 0x9c9ca0a0, 0x7777776b, 0x9c779c9c, 0x6d6d6363, 0x9c779c77, 0x6b776d6b, 0x776d776b,
0x6b77776d, 0x776d6b47, 0x6b6b6b6b, 0x776d6d77, 0x6b6b6b75, 0x776b636b, 0x476b6b47, 0x6b474747,
0x9c9ca99d, 0x6d99999c, 0x9c9ca9a0, 0x996d9c9c, 0x776da0a9, 0x6d9c9999, 0x996d77a0, 0x6d9c6c6d,
0x6d6d6d77, 0x6d6d6c6c, 0x63636b77, 0x6d6c6366, 0x5e476b7a, 0x6363635e, 0x4141476b, 0x63636341,
0x6c6c6d9c, 0x65666566, 0x6c6c6d9c, 0x6666666c, 0x6c6d6d99, 0x666c6c6c, 0x6c6d9c99, 0x666c6c6c,
0x999c9c99, 0x6c6c6c6c, 0x9c9c999c, 0x9899996c, 0x99996d6d, 0x9c9c6c6c, 0x6c6d6c66, 0x99996c6c,
0x605e5e60, 0x98606066, 0x655e5e60, 0x95606066, 0x65606566, 0x66656566, 0x66656666, 0x65656566,
0x66666666, 0x66666666, 0x98986666, 0x65989898, 0x98989898, 0x98a6a69c, 0x98989898, 0x98a6a698,
0xa6a6a698, 0xa8a6a6a6, 0x98989898, 0xa6a6a6a6, 0x98669866, 0x9b9ba69b, 0x66989866, 0xa6a69b98,
0x95989866, 0x98989898, 0x65956665, 0x98986565, 0x66656666, 0x98659865, 0x66606698, 0x95956595,
0xa8a6a8a6, 0x989ba6a8, 0xa8a6a6a6, 0x9b9ba6a8, 0xa8a6a6a6, 0xa69ba8a8, 0xa6a69b9b, 0xa6a6a8a8,
0xa698989b, 0xa6a6a6a6, 0x98986598, 0xa6a6a6a6, 0x98989898, 0x97989b98, 0x97989565, 0x6a989865,
0x65979897, 0x6a979798, 0x9b98989b, 0x6a6a6a9b, 0x989898a6, 0x97989898, 0x9898a6a6, 0x97989898,
0x9898a6a6, 0x65979898, 0xa6a6a6a6, 0x656a989b, 0xa69b98a6, 0x6598a6a6, 0xa698989b, 0x6a9ba6a6,
0x97976a65, 0x6a6a976a, 0x989b9897, 0x65979897, 0x97979897, 0x97659797, 0x65656597, 0x976a6565,
0x65656565, 0x9797976a, 0x6a656565, 0x6a6a656a, 0x986a6565, 0x656a9797, 0x976a9797, 0x97989b9b,
0x989b9765, 0x9b9a976a, 0x989b6a6a, 0x656a6a6a, 0x6a989898, 0x6497986a, 0x6a989b9b, 0x6a976a65,
0x6a9b9b9b, 0x97976a65, 0x65979797, 0x9a976a6a, 0x65656565, 0xa6a89b6a, 0x989b986a, 0xa8a8a89b,
0x9a9a9b9a, 0x9a9b6a9a, 0x9a6a976a, 0x9b9b979a, 0x9b6a976a, 0x9b9a979b, 0x976a656a, 0x6a6a6a97,
0x6a6a6a6a, 0x9b97976a, 0x979a9b9b, 0x979a9b6a, 0x9ba8a8a6, 0x6a6a9b9a, 0xa8a8a8a8, 0x979b9ba6,
0x979b9a9a, 0x6a6a976a, 0x6a976a9b, 0x9a9a9b9a, 0x6a6a6a9b, 0x9b9a6a9a, 0x9b979b9a, 0x9b9b9b9b,
0x9b9ba8a8, 0x9b9b9b9b, 0x9a9b9b9b, 0x9b9b9a9b, 0x9a9a9a6a, 0x9b9b9b9b, 0x9b9b9b6a, 0xa8a8a89b,
0x9f72729a, 0xa8a89f9f, 0xa89b9a9b, 0xa8ababa8, 0xa89f9b9b, 0x9fa8aba8, 0xa8a89f9b, 0x9fa8a8ab,
0xaba8a89b, 0xa8a8a8ab, 0xaba8a89b, 0x9fa8abab, 0xa89f9b9b, 0x9fa8a8a8, 0x9f9a9b9f, 0x9fa8a8a8,
0x9fa8ab9f, 0x9f9fa8a8, 0xa89fa8a8, 0x9fa8a8a8, 0xa8a89f9f, 0x9fa8abab, 0xaba89f9f, 0xa8ababab,
0xaba89f9f, 0xa8ababab, 0xa89f9f9f, 0x9fa8a8a8, 0xa89f9f9f, 0x9f9faba8, 0xa89f9f9f, 0xa8a8a8a8,
0x9f9f9f9f, 0x9b9b9fa8, 0x9fa89f9f, 0x9a9b9f9f, 0x9b9f9b72, 0x729a7272, 0x9b9b9f9f, 0x7272729b,
0x9f9b9fa8, 0x72729b9b, 0x9fa89f9f, 0x729a9a9a, 0x9b9b9f9f, 0x729b9a9a, 0x9b9fa8a8, 0x9b9b9b9a,
0x729f9f9f, 0x74727272, 0x9b727272, 0x72726a72, 0x6a727272, 0x9b726a6a, 0x726a729b, 0x9b726a6a,
0x726a729b, 0x72726a72, 0x72727272, 0x72726a72, 0x7272729b, 0x72727272, 0x72726a6a, 0x9b9b726a,
0x729b7272, 0x9f9f726a, 0x72727472, 0x9b9b9b72, 0x7272729f, 0x9f9b9b72, 0x72727272, 0x9b727472,
0x72727272, 0x9f9b7272, 0x72727272, 0x9f9f9b9b, 0x72727272, 0x9b9b749b, 0x9b9b9b9f, 0x74749b74,
0x9f9b7272, 0x74749f74, 0x9f9f7272, 0x74749f9f, 0x9f729b9b, 0x749f749f, 0x72729b9b, 0x72747272,
0x729b749b, 0x9f9f7472, 0x749f9f9b, 0x749f7472, 0x9f9f749f, 0x72727274, 0x9f9f9b74, 0x9f74749f,
0x9f72729f, 0x72727474, 0x9f747474, 0x72749f9f, 0x9f9f7474, 0x729f9f9f, 0x9f9f7472, 0x72749f74,
0x9f9f9f74, 0x749f9f9f, 0x9f9f9f9f, 0x9fa39f9f, 0x9fa49f74, 0x9fa39f9f, 0xa3a4a39f, 0x9f749fa3,
0x74727272, 0x72729f9f, 0x72727272, 0x9f9f7472, 0x72727474, 0x74747272, 0x72749f74, 0x74747472,
0x749f7474, 0x749f9f74, 0x9fa4a39f, 0x729f9f9f, 0x9f9fa39f, 0x749f9f9f, 0x74749f9f, 0x7474749f,
0x70727272, 0x72727272, 0x72727272, 0x74727272, 0x74747272, 0x72729f74, 0x9f9f7472, 0x72727474,
0x9f9f9f74, 0x72727474, 0x74727272, 0x9f749f9f, 0x72727272, 0x7474a3a3, 0x9f747474, 0x74a39f9f,
0x72727272, 0x74747272, 0x72727474, 0x9f9f7472, 0x74749f74, 0x749f9f74, 0x72749f74, 0x749f9f74,
0x9f74749f, 0x749f749f, 0x7474749f, 0x749f7474, 0x7474729f, 0x749fa39f, 0x9f9f749f, 0x9f74a3a3,
0x7472749f, 0x73727274, 0x9f727274, 0x9f9f9f9f, 0x74747272, 0x9f749f9f, 0x9f9f7472, 0x9f9f9fa3,
0xa3a3a374, 0x749f9f9f, 0x9f9f7474, 0x74747474, 0x74747474, 0x74749f74, 0x73747474, 0x9f739f74,
0xa39f7474, 0x9f9fa3a3, 0xa3a39f74, 0x9f9fa3ab, 0xa3a37474, 0x9fa3a39f, 0x9fa3a39f, 0x9f9f9f9f,
0x9fa3a39f, 0x9f9f9f9f, 0x9f9f9f74, 0x9f749fa3, 0x9f9f9f74, 0x9f9f9f9f, 0x9fa39f9f, 0x9f9f9f74,
0x73749f9f, 0xa3a39f9f, 0x9f9fa3a3, 0xa3a39f9f, 0x9fa3a39f, 0xaba39fa3, 0x9f9f9f9f, 0xababa3a3,
0x9f749f9f, 0xabababa3, 0xa3739f9f, 0xa3a3a3a3, 0x9f9fa39f, 0xa3a3a3a3, 0x9fa3a39f, 0xaba3a3a3,
0xa3a3a3a3, 0xabababab, 0xa3a3a3a3, 0xabababa3, 0xa3a3abab, 0xabababa3, 0xa3a3a3ab, 0xabababab,
0xa3a3a3ab, 0xabababab, 0xaba3a3a3, 0xabababab, 0xaba3a3a3, 0xabababab, 0xa3a3aba3, 0xaba3a3ab,
0xababb4b4, 0xabababab, 0xabababab, 0xaba3a3ab, 0xabababab, 0xabababab, 0xabababab, 0xabababab,
0xabababab, 0xabababab, 0xabababab, 0xabababa3, 0xabababab, 0xabababab, 0xabababab, 0xabababab,
0xb4b4b4a3, 0xa3b4b4b4, 0xb4b4aba3, 0xababb4b4, 0xb4b4abab, 0xababb4b4, 0xb4b4b4ab, 0xabababb4,
0xb4b4b4ab, 0xb4ababb4, 0xb4b4b4b4, 0xb4ababb4, 0xb4b4b4b4, 0xb4b4b4b4, 0xb4b4b4ab, 0xb4b4b4b4,
0xb4b4b4b4, 0xb4b4b4b4, 0xb4b4abab, 0xb4b4b4b4, 0xb4b4aba3, 0xb4b4b4b4, 0xb4b4abab, 0xb4b4b4b4,
0xabababb4, 0xabababab, 0xabababb4, 0xa3abb4ab, 0xa3ababab, 0xa3ababab, 0xababb4b4, 0xa3ababab,
0xb4b4b4b4, 0xb4b4abb4, 0xb4b4b4b4, 0xaba3abab, 0xabb4b4b4, 0xab9fa3ab, 0xababb4b4, 0xab9fabab,
0xabababab, 0xa3ababab, 0xabababab, 0xabababab, 0xabababa3, 0xabababab, 0xabababab, 0xabababab,
0xa3b4abb4, 0xb4afb4b4, 0xabb4a3ab, 0xafa3a3a3, 0xaba3a3a3, 0xa3b4a3a3, 0xa3a3a3a3, 0xa3a3a29e,
0xa3aba3a3, 0xa3a39e9e, 0xa3a39f9f, 0xaba39ea2, 0xaba39e9e, 0xa3a39ea3, 0xa3aba3ab, 0xa3a39e9e,
0xb4b4b4b4, 0xafb4b4b4, 0xb4b4b4af, 0xafb4b4b4, 0xb4afafb4, 0xafafafb4, 0xafb4b4b4, 0xafafb4af,
0xa3abb4b4, 0xafafafaf, 0xa3ababa3, 0xa3a2a3a3, 0xa3a2a2a3, 0xa3a3a2a2, 0xaba2a2ab, 0xa2a2a2ab,
0xb4b4b4b4, 0xb4afafaf, 0xb4b4b4b4, 0xafafafb4, 0xafaea2af, 0xafafb4b4, 0xafa2a3a3, 0xafafafb4,
0xb4afafa3, 0xafafafb4, 0xb4b4a3af, 0xafafb4b4, 0xa2afa3a3, 0xafaeafae, 0xa2a2a2a2, 0xafafafaf,
0xb1b1b1b1, 0xb1b1b1b1, 0xb4b1afae, 0xb1b1b1b1, 0xb4b4b1af, 0xb1b1b1b4, 0xb4b4b4b1, 0xb1b1b1b1,
0xb1b1b1b1, 0xb1b1b1b1, 0xb4b1b4b4, 0xafb1b1b1, 0xb4b1b4b4, 0xafafb1b4, 0xb4b4b4b4, 0xafafafaf,
0xb4b1b1b1, 0xb1b1b1b4, 0xb1b1b1b1, 0xb1b1b4b1, 0xb1b1b1b1, 0xb1b1b1b1, 0xb1b1b1b1, 0xb1b1b1b1,
0xafb1b1b1, 0xb1b1b1b1, 0xafafafaf, 0xb1b1b1af, 0xafafafaf, 0xafb1b1af, 0xafafafb4, 0xafafafaf,
0xafb1b1b1, 0xafb1b1b1, 0xafb1b1b1, 0xafb1afaf, 0xafb1b1b1, 0xafb1afaf, 0xafb1b1b1, 0xafafafaf,
0xafafb1b1, 0xafafafaf, 0xafafb1b1, 0xafafafaf, 0xafafb1af, 0xafb1b1af, 0x87afafaf, 0xb1afb1af,
0xafb1afaf, 0x8282afaf, 0xafb1afaf, 0x8282a2af, 0xafafafaf, 0xaf82afaf, 0xafafafaf, 0xafa2afaf,
0xafafafaf, 0xafafafaf, 0xafafafaf, 0xafafafaf, 0xafafafaf, 0xaf82a2af, 0xafafafaf, 0xaf82a2af,
0xaf848482, 0xaeafafaf, 0xafafafaf, 0xafaeafaf, 0xae8484ae, 0xafafafaf, 0xaf8284af, 0xafafaeaf,
0xafaeafaf, 0xaeafafaf, 0xafaeafaf, 0xafafafaf, 0xaf828282, 0xafafafaf, 0xaf8282a3, 0xafafb1af,
0xafafafaf, 0xaf8484af, 0xafafafaf, 0xaf8482ae, 0x84afafaf, 0xaf8482af, 0xafafafaf, 0xafaf82af,
0xafafafaf, 0xafafafaf, 0xafafafae, 0xafafafaf, 0xafafafaf, 0xafafaeaf, 0xafafafaf, 0xafafafaf,
0xafafafaf, 0x8282aeaf, 0xafafafaf, 0x848284ae, 0xafafafaf, 0x84828482, 0xafafafaf, 0x8282af84,
0xafafafaf, 0x84aeafaf, 0xafafafb1, 0x84aeaeae, 0xaeaeafaf, 0x82aeae84, 0xafafafaf, 0xaeafafaf,
0x84848484, 0x84848484, 0x84848282, 0x84af8484, 0x84848282, 0xafae8484, 0x84828282, 0xaf8484ae,
0x84848282, 0x84848484, 0x84848482, 0x84ae8482, 0x828484ae, 0x84ae8484, 0x8484aeae, 0x848484af,
0x8484aeae, 0xaf848484, 0x82848484, 0x84848484, 0x84848484, 0x84828484, 0x848484af, 0xaf848181,
0x848484ae, 0xaf848484, 0x84848484, 0xaf848484, 0x82848484, 0x84848281, 0x84848484, 0xae828482,
0x848484ae, 0x84848484, 0x82848484, 0x84848484, 0x848484ae, 0x84848181, 0x828484af, 0x84818182,
0x8484afaf, 0x84848181, 0x8484afaf, 0x84848484, 0x84aeafaf, 0x84848482, 0x84afaeaf, 0x84848482,
0xafae8484, 0x84848484, 0x84848484, 0x84848484, 0x84848484, 0x84848484, 0x84848484, 0x84848184,
0x84848484, 0x84847d81, 0x84848484, 0x83838484, 0x84848484, 0x848484ae, 0x84848484, 0x84848181,
0x84848484, 0x83838484, 0x84838484, 0x84838484, 0x84848484, 0x83848484, 0x84848484, 0x84848b91,
0x84838484, 0x848b8484, 0x84848484, 0x84848484, 0x84848484, 0x84848484, 0x8484848b, 0x84848484,
0x84848484, 0x7f848383, 0x8384837f, 0x84848484, 0x83848484, 0x84848484, 0x83848484, 0x83848484,
0x84848484, 0x84848484, 0x8484847d, 0x84848484, 0x84848484, 0x84848484, 0x84848484, 0x848b8484,
0x84848483, 0x8b848484, 0x84848484, 0x84848484, 0x84848484, 0x8b848484, 0x84848483, 0x84848484,
0x84848484, 0x84848484, 0x84848484, 0x84848483, 0x84848484, 0x8b848484, 0x84848484, 0x84848484,
0x8484848b, 0x84848484, 0x84848484, 0x84848484, 0x84848b84, 0x84848484, 0x84848484, 0x84848484,
0x84848484, 0x84848491, 0x8484848b, 0x84848484, 0x84918484, 0x84848384, 0x84848484, 0x8484817d,
0x83848484, 0x7d7c8384, 0x84848483, 0x817d7d83, 0x7d818183, 0x8484837d, 0x7d818484, 0x84838484,
0x84818484, 0x83837d84, 0x84818484, 0x84847d83, 0x81838184, 0x83848181, 0x84848384, 0x84838484,
0x83848384, 0x8b848484, 0x84848484, 0x84848484, 0x83838484, 0x8b848383, 0x7d838484, 0x8b8b837d,
0x7c838484, 0x8b84837d, 0x7d848484, 0x8b847f7d, 0x81848484, 0x8b847f7d, 0x81848484, 0x8484837d,
0x8b8b8b8b, 0x7c848b8b, 0x8b8b8b8b, 0x7d838b8b, 0xb18b8b8b, 0x7c838b8b, 0xb184848b, 0x818491b1,
0x8b8b8484, 0x8184b18b, 0x8b8b8484, 0x81848b8b, 0x8b8b8484, 0x83848b8b, 0x8b8b8b84, 0x8383848b,
0x8b8a8b7f, 0x8b838b8b, 0xb08b847c, 0x8a8a8b8b, 0xb083837c, 0x8b8bb0b0, 0x8b8b7e7d, 0x838a8b8b,
0x8b8b7f7d, 0x8b8a8b8b, 0x8b83837d, 0x8b8b8b8b, 0x8b838383, 0x8b8b8b8b, 0x8b838383, 0x8b8b8b8b,
0x8b8b8b8b, 0x8b8a8383, 0x8b8bb08b, 0x8b8a8a8a, 0x8b8b8b8b, 0x8b8a8a8b, 0x8b8b8b8b, 0x8b8a8b8b,
0x8b8bb08b, 0x8b8a8b8b, 0x8b8b8b8a, 0x8a8a8b8b, 0x8b8b8b83, 0xb08b8b8b, 0x8b8b8b8a, 0x8b8a8b8b,
0x8a8bb0b0, 0x8a8a8b8b, 0x8b8b8b8b, 0x8a8a8b8b, 0x8b8bb08b, 0x8a8a8bb0, 0xbe8b8b8b, 0x8a8a8b8b,
0x8b8b8b8b, 0x8a8b8b8b, 0xb08b8b8b, 0x8a8b8b8b, 0xb08b8a8b, 0x838a8b8b, 0x8b8a8a8b, 0x83838a8b,
0xbabcbcbc, 0xadadadba, 0xbababcbc, 0xadbababa, 0xbabababa, 0xadadadba, 0xadadadba, 0xadadadad,
0xadadadb8, 0xadadadad, 0xadbabab8, 0xadadadad, 0xadbababa, 0xadadadad, 0xbabababa, 0xadb8baad,
0xadadadad, 0xaaadadad, 0xadadadad, 0xa9a9a9ad, 0xb8adbaad, 0xa9aaaaad, 0xaaadadad, 0xa7aaadaa,
0xa9aaaaad, 0x999da9aa, 0xaaa9a9ad, 0x9d9ca7aa, 0xadadaaa9, 0x9d9ca7aa, 0xacadacaa, 0x9d99a7aa,
0x9d9c9da9, 0xaaa99d9d, 0xaaa9aaaa, 0xa79d9c9d, 0xa9a79da7, 0x9d999da9, 0xa79d9d9d, 0x996d9da9,
0x9d9d9d9d, 0x9c9d9da7, 0x9d9d9c9d, 0x9daa9d9d, 0xa9a79d9d, 0x9daaa9a9, 0xa7a7a79d, 0x9d9da9a9,
0x9d9dacaa, 0x996d6d9d, 0x9ca7a9aa, 0x66666d9c, 0x63999c9d, 0x63666d63, 0x66666d6d, 0x666d6d6d,
0x6d996d9c, 0x6d6d6d6d, 0x6d9d9c9d, 0x6d6d6d6d, 0x6d6d999c, 0x6d6d999c, 0x6d9c996d, 0x6d999d9c,
0x6d6d999c, 0xaaaa9d9c, 0x63636d66, 0xaaa9a79c, 0x6d6d6663, 0xaaaaaa9d, 0x9c996d66, 0xacaaaaaa,
0x9c9d9c6d, 0xacaaaaa9, 0x9d9d9d6d, 0xa99d9d9d, 0x9d6d9999, 0x9d9d9d9d, 0x9d996d9c, 0x9d9d9c9d,
0x9ca7a7aa, 0x9c6d6d6d, 0x9daaaaaa, 0x9d9d9c9d, 0xa7a9aaaa, 0xa99d9ca9, 0xa9aaaaac, 0xa99d9da9,
0xa9a0aaad, 0xa99d9d9d, 0x9d9da9ac, 0xa9a0aaaa, 0x9c9d9da7, 0xa9a9aaa0, 0x9d9c9d9d, 0xa09c9c9c,
0xaaa99d9d, 0xa0aaaaaa, 0xa9a99d9d, 0xa09da9aa, 0xa0a9a9a0, 0x9d9d9da0, 0xaaa9a9a9, 0xa09da0a0,
0xa9a9a9a0, 0x9d9d9da0, 0x9da09da9, 0x7877779d, 0x9da0a0a9, 0x789d779d, 0x779ca0a0, 0x78777777,
0x789da0a0, 0x4747636b, 0x6b6b9da0, 0x4747636b, 0x77777877, 0x4047636b, 0x77789da0, 0x4147476b,
0x6b779d9d, 0x4748486b, 0x6b6b7878, 0x47476b6b, 0x6b6b7778, 0x4046486b, 0x6b786d77, 0x2d40476b,
0x486b6b6b, 0x476b4747, 0x47484747, 0x47474047, 0x6b484740, 0x47464747, 0x47474747, 0x40404748,
0x47474747, 0x46464647, 0x47464747, 0x40404040, 0x40404040, 0x2c2d2c40, 0x1d2d2c2d, 0x2c2d2c2c,
0x47474747, 0x40464775, 0x40474740, 0x46464747, 0x46464747, 0x47404046, 0x402d2d46, 0x2c2d4040,
0x1d2c2c40, 0x1d1b2d2d, 0x1d1d1b2c, 0x2d2c2c2c, 0x2c2c2c1d, 0x402d2d2c, 0x2c2d402c, 0x2d2d2d2c,
0x47476b46, 0x46476b47, 0x40474740, 0x6b474647, 0x2c404047, 0x47404040, 0x2d1d2d46, 0x2d2d1b1d,
0x2c1b2d2d, 0x2d2d1b2c, 0x402d2d1d, 0x2d2d1d2d, 0x2d2c2d2d, 0x2d1b1d2d, 0x1d1d1d1d, 0x2d1d1d2d,
0x6b476b46, 0x6b6b6b47, 0x476b7575, 0x40404047, 0x2d404047, 0x2d2d2d2d, 0x2c402c2d, 0x4040402d,
0x40402c2d, 0x40464040, 0x4040402d, 0x40404047, 0x2c2d2c2c, 0x40404646, 0x2d2d2d2d, 0x4040402d,
0x47474747, 0x63636b47, 0x40474747, 0x3c414040, 0x1b2a2d2d, 0x2a2d3c2a, 0x1b1b2d40, 0x2a2a2d2a,
0x1b1b1b40, 0x2a2a2a2d, 0x1b1b1b2c, 0x2a2a2a2d, 0x1b1b1d2c, 0x1b1b2a1b, 0x1b1b2d2d, 0x1b1b1b2a,
0x66666663, 0x98996c66, 0x4141413c, 0x6c66665e, 0x3c3c3b2a, 0x65656641, 0x3b3b2a2a, 0x655e653d,
0x3b2a2a2a, 0x665e5e3d, 0x3b2a2a2a, 0x5a3d3d3c, 0x2a2a2a2a, 0x3d3d3c3b, 0x2a2a2a2a, 0x5e5a3b3b,
0x66989898, 0x66989866, 0x666698a6, 0x98989595, 0x6666656c, 0x95959898, 0x6665605e, 0x95989566,
0x66656065, 0x66989565, 0x5e60605e, 0x98989565, 0x6666655e, 0x98989898, 0x9898665e, 0x98989898,
0x65606565, 0x60606065, 0x65659566, 0x5d656565, 0x98986665, 0x60989898, 0x98666566, 0x65659895,
0x65666666, 0x65659865, 0x95986698, 0x65659565, 0x65989898, 0x65656565, 0x95989898, 0x98659865,
0x65656565, 0x97979894, 0x97659565, 0x9ba6a6a6, 0x98659865, 0x98989b98, 0x65656698, 0x989b9898,
0x65606565, 0x97989798, 0x65656565, 0x97656065, 0x65656565, 0x98986560, 0x98989898, 0xa6976566,
0xa6989897, 0x989898a6, 0x6a97989b, 0xa6989897, 0x6a6a9898, 0xa6989865, 0xa6a69865, 0x9b986a97,
0xa69b9865, 0x98a6a6a6, 0xa69ba698, 0xa6a6a6a6, 0xa69ba6a6, 0xa6a6a6a6, 0x98a6a6a6, 0xa6a8a69b,
0x97979797, 0x9b9b97a6, 0x9797979b, 0xa6986aa6, 0x97976a9b, 0x9b979797, 0x979b979b, 0x9b989797,
0x9b9b9898, 0x9ba69b9b, 0x9b979898, 0xa6a8a6a6, 0x9b9898a6, 0xa6a8a8a6, 0xa6a6a8a8, 0xa6a6a8a8,
0x9ba8a8a6, 0xa6a8a8a6, 0xa6a8a8a8, 0x9ba8a8a6, 0x9b9ba69b, 0xa8a8a8a6, 0xa6a6a6a6, 0xa8a89b9b,
0xa6a69b9b, 0xa8a8a89b, 0x9b9b9ba6, 0xa8a8a8a6, 0x9b9ba69b, 0xa8a8a8a6, 0x98979797, 0xa8a69798,
0x9ba8a89b, 0x9ba8a8a8, 0x9ba8a89b, 0x9b9b9b9b, 0xa8a8a8a8, 0xa8a8a8a8, 0xa8a8a8a8, 0xa6a8a8a8,
0xa8a8a8a8, 0x9ba6a6a8, 0xa8a8a8a8, 0xa8a6a6a8, 0xa69ba8a8, 0xa8a6a8a8, 0xa8a6a6a6, 0xa8a8a8a8,
0xa89b9b9b, 0x9ba89ba8, 0xa89ba8a8, 0x9ba8a8a8, 0xa8a8a8a8, 0x9ba8a8a8, 0xa8a8a89b, 0xa8a8a8a8,
0xa8a8a8a8, 0xa8a8a8a8, 0xa8a8a8a8, 0xa8a8a8a8, 0xa8a8a8a8, 0xa8a8a8a8, 0xa8a8a8a8, 0xa89b9ba8,
0xa89b9fa8, 0x9fa89fa8, 0xa8a8a89b, 0xa8a8a89f, 0xa8a8a8a8, 0xa8a8a8a8, 0xaba8aba8, 0xa8aba8a8,
0xabababa8, 0xa8aba8a8, 0xababa8a8, 0xa8aba8ab, 0xaba8a8a8, 0xababa8ab, 0xaba8a8a8, 0xabababab,
0xaba8a8ab, 0xa8a8a8a8, 0xababa8ab, 0x9f9fa8a8, 0xabababab, 0xa89fa8a8, 0xababa8a8, 0xababa8ab,
0xabababa8, 0xaba8a8a8, 0x9fa8a8a8, 0xa8aba8a8, 0x9fa8a8a8, 0xa89f9f9f, 0x9fa8abab, 0xa89f9f9f,
0x9f9a9fa8, 0x9b9f9b9a, 0x9f9aa8a8, 0x72729fa8, 0x9f9f9fa8, 0x729b9a9f, 0x9fa89fa8, 0x9b9b729b,
0xa8aba8a8, 0x9f9f9b9f, 0x9fa8a8a8, 0xa89f9f9f, 0x9fa8aba8, 0x9f9b9a9b, 0xa8a8aba8, 0x9f9f9f9f,
0x72727272, 0x9f9f9b72, 0x729b9b6a, 0x9f9f9f72, 0x9b727272, 0x9f9f9f9b, 0x9b72729b, 0x9f9b729b,
0x9b729b9b, 0x9f9f7272, 0x9b9b9b9f, 0x9f9f9b9b, 0x9f9b9fa8, 0x9f9f9f9f, 0x9f9b9f9f, 0x9f9b9f9f,
0x729b9f9f, 0x9f9f9f72, 0x9b9b9f9f, 0x9f9b9b9f, 0x9b749b9f, 0x749b9b9f, 0x72729b9f, 0x749b9f9b,
0x729f9b9f, 0x9f9f9f72, 0x9b9b9b9f, 0x9f9f7272, 0x9f9f9f9f, 0x9f9b7272, 0x9b9f9f9f, 0x9f9b9b9b,
0x9f9f9f74, 0x9f9f9f74, 0x9f9b9b74, 0x9f9f7472, 0x9f9b9b9b, 0x749f7474, 0x9f9b9f9f, 0x9f9f7474,
0x9f9f9f9f, 0x9f9f7274, 0x9f9f9b9b, 0x74747274, 0x9b9b729f, 0x9f747272, 0x72727272, 0x9f747472,
0xa4a4a39f, 0x9f9fa3a3, 0xa3a49f9f, 0x9f9f9f9f, 0x9fa39f9f, 0x7474749f, 0x729f9f9f, 0x749f9f74,
0x9f9f9f9f, 0x9f9f7474, 0x9f9f7472, 0x9f747474, 0x9f9f9f9f, 0x74729f74, 0x74749f9f, 0x74747474,
0x9f9f9f9f, 0x72747474, 0x74747474, 0x72749f74, 0x74747472, 0x72747274, 0x74727474, 0x72749f74,
0x74727474, 0x72749f74, 0x9f747474, 0x7472749f, 0x7474749f, 0x72729f74, 0x74747474, 0x70707474,
0x74747474, 0x74747474, 0x74749f74, 0x74749f74, 0x74707474, 0x749f7474, 0x72727272, 0x70727472,
0x74727070, 0x70687072, 0x72676768, 0x72707070, 0x72727272, 0x72727272, 0x74727274, 0x72747472,
0x9f9f9f9f, 0x9f739f9f, 0x74747272, 0x74727272, 0x74727270, 0x74727274, 0x74737268, 0x72727474,
0x73707070, 0x72727272, 0x73707072, 0x72727270, 0x70727272, 0x72727272, 0x70727272, 0x72727270,
0x9f9f9f74, 0x9f749f9f, 0xa3a39f9f, 0x9f9f9f9f, 0x9f747474, 0x7273749f, 0x74707272, 0x7473749f,
0x74727072, 0x7374749f, 0x74747272, 0x74747474, 0x70707274, 0x73737472, 0x74727070, 0x74749f74,
0x9f9f749f, 0x9f9f9f74, 0xa39f749f, 0x9f9fa3a3, 0x72737474, 0x9f9f7474, 0x72727374, 0x9f9f7474,
0x74727272, 0x74737474, 0x72747273, 0x73727272, 0x72747372, 0x73727272, 0x9f9f7472, 0x727274a3,
0xa39f9f9f, 0xaba3a3a3, 0xa39fa39f, 0xababa39f, 0xa3a3a3a3, 0xa3a3a3a3, 0x9f9f9f9f, 0xa3a3a39f,
0x73737373, 0xa3a39f73, 0x73737373, 0xa3a3a39f, 0x9f747272, 0xababa39f, 0x9fa37272, 0xa3a3a39f,
0xa3a3aba3, 0xb4aba3ab, 0xaba3abab, 0xabababab, 0xa3aba3a3, 0xabababab, 0xaba3a3a3, 0xa3a3abab,
0xaba3a3a3, 0xa3a3abab, 0xaba3a3a3, 0xa3a3abab, 0xa3a3a3a3, 0xa3a3a3a3, 0xa3a3a3a3, 0xa3a3a3a3,
0xb4b4b4ab, 0xabb4abab, 0xabb4abab, 0xabababab, 0xa3a3a3ab, 0xababa3a3, 0xaba3a3a3, 0xababa3a3,
0xabababa3, 0xabababab, 0xa3ababa3, 0xabb4abab, 0xa3aba3a3, 0xababa3a3, 0xa3aba3a3, 0xabababa3,
0xb4b4b4ab, 0xababb4b4, 0xabababab, 0xabababab, 0xabababab, 0xabababab, 0xabababab, 0xabababab,
0xababa3ab, 0xabababab, 0xabababab, 0xabababab, 0xabababab, 0xabababab, 0xaba3a3a3, 0xabababab,
0xababb4b4, 0xabababab, 0xabababab, 0xa3ababab, 0xabababab, 0xabababa3, 0xabababab, 0xabababab,
0xabababab, 0x9f9fabab, 0xabababab, 0xab9f9eab, 0xabababab, 0xab9f9fab, 0xabababab, 0xa8a89fab,
0xabababab, 0xabababab, 0xababa3a3, 0x9fababab, 0xabab9f9f, 0x9e9e9e9e, 0x9fa39f9f, 0x9fabab9f,
0x9fa3aba8, 0x9fabab9f, 0xa3a3a89f, 0x9f9f9fab, 0x9f9f9f9f, 0x9e9e9e9f, 0xa3a39fab, 0x9e9e9e9f,
0xabab9fa3, 0xa2a3a3a3, 0xa3a3abab, 0x9e9ea3a3, 0xa3a3aba3, 0xa3a3a39e, 0x9f9ea3a3, 0xa3a39e9f,
0x9fa39f9f, 0xa39e9e9e, 0xa3ab9e9f, 0xa39f9ea3, 0xaba39e9e, 0xab9e9fa3, 0xababa3a3, 0xaba3a39f,
0xaba3a3a2, 0xa2a3a3a3, 0xa3a3a39e, 0xa2a2a3a3, 0xa2a2a3a2, 0x9ea2a3a3, 0xa2a2a3a2, 0xa2a2a3a3,
0xa2a3aba3, 0xa2a3a3a3, 0xa3a3a3ab, 0xa3a3a3a3, 0xa3a3a3ab, 0xa3a3a3a3, 0xa2a39ea3, 0xa3a3a3a3,
0xafa2a2a2, 0xafafafb4, 0xa3a2a2a3, 0xafafafb4, 0xa2a2a2a2, 0xafafa2a2, 0xa2a2a2a2, 0xaea2a29e,
0xa3a3a2a2, 0xafa2a2a2, 0xa3a3a3a3, 0xafa2a2a3, 0xafa3a3a3, 0xafb4afa3, 0xa3a3a3a2, 0xafafafa3,
0xb4afafaf, 0xafafafaf, 0xb4afafaf, 0xafafafb4, 0xb4afafaf, 0xafafb4b4, 0xb4afafaf, 0xafb4b4af,
0xafb4b4af, 0xafafafaf, 0xafb4b4af, 0xafafafaf, 0xafafafaf, 0xafafafaf, 0xb4b4b4b4, 0xafafafb4,
0xafb4afaf, 0xafafafaf, 0xafafafaf, 0xb4afafaf, 0xafafafb4, 0xb4b4afaf, 0xafafb4b4, 0xafb4afaf,
0xafafafaf, 0xafb4afaf, 0xafafafaf, 0xafafafaf, 0xafafafaf, 0xafafa2af, 0xafafafaf, 0xafafafaf,
0xafafafaf, 0xafb1b1af, 0xafafafaf, 0xb4b1afb1, 0xafafafaf, 0xafb1b1af, 0xafafafb4, 0xafafafaf,
0xafafafaf, 0xafafafaf, 0xafafafaf, 0xafafafaf, 0xafafafaf, 0xafafafaf, 0xafafafaf, 0xafafafaf,
0xafafafaf, 0xafafafaf, 0xafafafb4, 0xafafafaf, 0xafafafaf, 0x82afafaf, 0xafafafaf, 0xaeafafaf,
0xafafafaf, 0xafafafaf, 0xafafafaf, 0xafafafaf, 0xafafafaf, 0xafafafaf, 0xa3afafaf, 0xafafafa2,
0x8482a3af, 0xaeafafaf, 0xaf82afaf, 0x84afafaf, 0xafafafa3, 0xafaf84af, 0xafafa2af, 0xafaf82af,
0xafafafaf, 0xafafafaf, 0xafafafaf, 0xafafafaf, 0xafafa2af, 0x84afafaf, 0xafafafaf, 0xa282afaf,
0xafafaeaf, 0xafafafaf, 0xafafaf84, 0xafafafaf, 0xafafae84, 0xafaf8482, 0xafafafaf, 0xafafafaf,
0xafafafaf, 0xafaf8482, 0xafafafaf, 0xafafafaf, 0xafaf8284, 0xafafafaf, 0xafafa2a3, 0xafafafae,
0xafaf84af, 0xafafaeaf, 0xaeafaf84, 0xafafafaf, 0xafafafaf, 0xafae84af, 0x84afafaf, 0x84af8284,
0xafafafaf, 0xafafaf84, 0xafafafaf, 0xafafaf84, 0x84afafaf, 0xafaf8482, 0x82afafaf, 0xaf84af84,
0xafaeaeaf, 0x848484ae, 0x8484afaf, 0x84848484, 0x84aeafaf, 0x8484af84, 0x8484afaf, 0x8284ae84,
0xafafafaf, 0x84aeaeaf, 0xafafafaf, 0x84aeaeaf, 0xaf8487af, 0x8484afaf, 0xafafafaf, 0x84af87af,
0x82828484, 0xaf848484, 0x84818282, 0x84afafaf, 0x84848282, 0x84848484, 0x84848484, 0x84848484,
0x82848484, 0x84848282, 0x84848482, 0xae848484, 0x84848484, 0xae848484, 0x84848484, 0x84ae8484,
0x848484ae, 0x84af8484, 0xae84aeae, 0xaeae8484, 0x84aeaf84, 0x84848184, 0x8284af84, 0x84848484,
0x82848484, 0x8484ae84, 0x84848484, 0x848484ae, 0xaf8484ae, 0x848484af, 0xae848484, 0x84848484,
0xaeaeae84, 0x84848484, 0x8484aeae, 0x84848484, 0x8484b184, 0x84848484, 0x84848484, 0x84848484,
0xaf848484, 0x84848484, 0xaeaf8484, 0x848484ae, 0xaeae8484, 0x848484b1, 0x84848484, 0x8484b1b1,
0x84848491, 0x84848484, 0x84848484, 0x84848484, 0x84848484, 0x84848484, 0x84848484, 0x84848484,
0x84848484, 0x84848484, 0x84848484, 0x84ae8484, 0x84848484, 0x84848484, 0x84848484, 0x84848484,
0x84848484, 0x84918b84, 0x84848383, 0x84848484, 0x84848483, 0x84848484, 0x84848484, 0x84848484,
0x84848484, 0x84848484, 0x84848484, 0x8b847f84, 0x84848484, 0x84837f84, 0x84848484, 0x84848484,
0x848b8484, 0x84848484, 0x848b8484, 0x848b8484, 0x84848484, 0x84848484, 0x84848484, 0x84848484,
0x8b848484, 0x84848484, 0x8b8b8484, 0x848b8484, 0x84848484, 0x84848484, 0x848b8484, 0x84848484,
0x84848484, 0x84848184, 0x8b8b8484, 0x83817d84, 0x8b918483, 0x84817d84, 0x84848484, 0x84847d84,
0x84848484, 0x84848484, 0x84848484, 0x84848384, 0x84848483, 0x84848484, 0x84848484, 0x817d8184,
0x84848484, 0x84838481, 0x81848484, 0x84847d81, 0x817d8484, 0x84848184, 0x81818384, 0x84848484,
0x84818184, 0x84848384, 0x84848183, 0x84848484, 0x84848484, 0x84848481, 0x7d848484, 0x8181817d,
0x84848484, 0x7f838483, 0x84848483, 0x847f8483, 0x84848483, 0x83838384, 0x84848484, 0x84838484,
0x84848484, 0x84818184, 0x84848484, 0x837c8184, 0x84848484, 0x7d818184, 0x84848484, 0x81818284,
0x8b8b8b83, 0x8b838384, 0x8b8b8b84, 0x8b8b8b8b, 0x8b8b8b84, 0x8b8b8b8b, 0x848b8b84, 0xb1b18b8b,
0x8b848b84, 0xb0918b8b, 0x84848b84, 0x84919184, 0x848b8b84, 0x8491918b, 0x84918b84, 0x8384b191,
0x8b838383, 0x8b8b8b8b, 0x8b83838b, 0x8b8b8b8b, 0x8bb08b8b, 0x8b8b8b8b, 0x8b8b8b8b, 0x8b8b8b8b,
0x8b8b8b8b, 0xb0b08b8b, 0x8b8bb08b, 0xb08b8b8b, 0xb08b8b83, 0xb1b0b0b0, 0x8b8b8383, 0xb1b08bb0,
0x8bb08b8b, 0x8b8a8b8b, 0x8b8b8b8b, 0x8b8b8b8b, 0x8b8b8a8a, 0x8b8b8b8b, 0x8b8b8b8b, 0x8b8b8b8b,
0x8b8b8bb0, 0x8b8b8b8b, 0xb08b8bb0, 0x8b8b8b8b, 0xb08bb0b0, 0x8b8b8b8b, 0xb0b0b0b1, 0x8b8b8bb0,
0x8b8a8a8b, 0x838a8b8b, 0x8b8b8b8b, 0x83838a8b, 0x8b8b8b8b, 0x8383838b, 0x8b8b8b8b, 0x838a8a8a,
0x8a8b8b8b, 0x838b8b8b, 0x8a8a8b8b, 0x8a8b8b8b, 0x838a8b8b, 0x8a8b8b8a, 0x838b8b8b, 0x8a8b8b8a,
0xbabababa, 0xb8bab8ba, 0xbabababa, 0xadadadad, 0xb8bababa, 0xadadadad, 0xaaacadb8, 0xadadadac,
0xaaacadad, 0xaaadadaa, 0xadacaaad, 0xaaacadaa, 0xaaaaaaad, 0xacadadaa, 0xaaada99d, 0xacadadad,
0x9dacadad, 0x996d9c9c, 0x9daaadad, 0x9c996d6d, 0x9da9adad, 0xaa9d9d9d, 0xa9aaadac, 0x9d9da9a7,
0x9daaaaaa, 0x9c9c666d, 0xaaaaaaac, 0x9d9d6d99, 0xaaaaa9aa, 0x9da99d9d, 0x9da9a9aa, 0xa9a99d9d,
0xa7a7a79d, 0x9d9daa9d, 0x9da9a79c, 0xaaa9aaa7, 0xa79da9a9, 0xaaa9aaaa, 0xa99da9aa, 0xaaa9aaaa,
0xaaaa9d9d, 0xaaa9aaaa, 0x9d9d9d9d, 0xaaa99da9, 0xa99d9d9d, 0x9da09d9d, 0x9c9c9d9d, 0x9d9d9d9d,
0x9d9c9c9d, 0x9d9c9d9d, 0x9d9da9ac, 0x9c6d9d9d, 0x9daaaaaa, 0x6d6d9d9d, 0x9ca9aaaa, 0x666d9d9c,
0x9d9daaaa, 0x6d9c9d9d, 0x9d9d9d9d, 0x9c9d6d9d, 0x9d9d6d9c, 0x9d6d9c9c, 0x9d9d9d6d, 0x9d6d6d6d,
0x9c9d6d9d, 0x9d9c6d6d, 0x6d9d9c9c, 0x6d9c6663, 0x669d9c99, 0x9c666366, 0x6d9d9c6d, 0x9c6d6d6d,
0x6d9d9d9d, 0x9d9d9d9c, 0x6d669c66, 0x9d9d9d9d, 0x6d6d6d9c, 0x9d9d9c66, 0x6d6d6d9d, 0xa0a09d6d,
0x9d9d9d9d, 0x9d9c9d9c, 0x9c9da99c, 0x779c9c9c, 0x77779d9c, 0x6d777777, 0x77779d9c, 0x6b6d7777,
0x7777779d, 0x6d6d6d6d, 0x779d9d78, 0x6b6b6d77, 0x789d9d9d, 0x6b6b6d77, 0x779d9d9d, 0x636b6d6d,
0x9c9c9da9, 0x776d779d, 0x78779d9c, 0x6d6d9d9d, 0x6d6d776b, 0x6b6d7877, 0x78786341, 0x6b6b6d6d,
0x6d6d6341, 0x4741476b, 0x41636363, 0x41404041, 0x41414763, 0x47476341, 0x412c4141, 0x6b6b6b63,
0x6b6d6d6d, 0x2d40476b, 0x6b6b6b6d, 0x2c402d47, 0x47476b6b, 0x2d2d2c40, 0x4040416b, 0x2d2d2d2c,
0x40404147, 0x2c2d2c2c, 0x2c404141, 0x1b2c2c2c, 0x40404747, 0x1d2c2c2d, 0x40474748, 0x1d2c2d40,
0x2c2c1b2c, 0x2d2c2c1d, 0x2c2c2c2c, 0x402d2d1d, 0x2c2c2c2c, 0x1d2c2d1d, 0x2c2d2c1b, 0x2c2d2c2c,
0x2d2d2d2c, 0x2c2d2d2d, 0x2c2c1d1d, 0x1d1d2c2c, 0x2c2c1d1d, 0x1d1d1d1b, 0x2c1d1b1b, 0x1d2c1d1b,
0x2c2d2d2d, 0x2d461d1d, 0x1d2d2d2d, 0x2d1d1d2c, 0x2c2d2c1d, 0x1d1d1d2d, 0x2d402d2c, 0x1d1d2d2d,
0x1d1d1d1d, 0x1b1d2d1d, 0x1d2c1d1d, 0x1d2d1d1d, 0x2d2c1d1d, 0x2d2d1d1d, 0x2d2d1d1d, 0x2d462d2d,
0x1d1d1d1d, 0x1d1b1b1d, 0x1b1b1d1d, 0x1d1b1d1d, 0x1d1d1d1d, 0x1d1b1d1d, 0x1d2d1d0f, 0x1d1b1b1b,
0x0d1d0f1d, 0x0f1d0d0d, 0x0f1d0f1d, 0x0d1d1c0d, 0x0f1d1d1d, 0x0d1d0f0f, 0x1d2d1d1d, 0x1d1d1d2d,
0x1b1d1d2d, 0x2d402d1b, 0x2d2d2d1d, 0x2d2d1d1d, 0x1d2d2d1d, 0x2d1d2d2d, 0x1d1d1d1d, 0x1d1d1d2d,
0x1d1d1b1d, 0x1d1d1d2d, 0x1d1d1d0d, 0x1d1d1d2d, 0x1d1d1d0f, 0x1d1d1d1b, 0x1d1b1b0f, 0x1d0d1d1d,
0x1b1b1b1d, 0x1b1b1b1b, 0x1b1d1b1d, 0x1b1b1b1b, 0x1b1b0d1d, 0x1b1b1b1b, 0x1d1b0d1b, 0x2d1b1d1b,
0x1d1d0d1d, 0x2d1b1b1d, 0x2d1d1d1d, 0x1b1b1b1b, 0x1d1d1d1d, 0x1b1d1b1b, 0x1b0d1d1d, 0x1b1b0d0d,
0x2c3c3c2d, 0x5e5e4141, 0x5a41412c, 0x5e5e415a, 0x3c41632c, 0x655e415a, 0x5a636340, 0x655e5e5a,
0x416b412a, 0x665e6341, 0x63632d1b, 0x3d415e41, 0x632c1b1b, 0x3d5e6c66, 0x412d2a1b, 0x5e65665e,
0x9999665e, 0x98989898, 0x98985e5a, 0x98989898, 0x995e595e, 0x98986698, 0x985e6566, 0x98989598,
0x95666660, 0x95989898, 0x6666595e, 0x98656598, 0x655e3d5e, 0x98956698, 0x655e5e65, 0x98959898,
0x98989898, 0x98989895, 0x98989898, 0x98989898, 0x98989898, 0x98989898, 0xa6989898, 0x98989598,
0x65989895, 0x98659598, 0x95989595, 0x98989898, 0x98986598, 0x95989898, 0x98986598, 0x95659898,
0x98a6a6a6, 0x98659798, 0x98a6a698, 0x98989898, 0xa6989898, 0xa698a6a6, 0x98989898, 0x989898a6,
0xa6989898, 0x659898a6, 0x98989765, 0x98989898, 0x97979495, 0x98a69898, 0x94659494, 0x98989897,
0x9ba6a6a6, 0xa8a8a69b, 0xa6a69898, 0xa8a8a6a6, 0xa6a69898, 0xa8a8a6a6, 0xa6a69898, 0x9ba6a6a6,
0xa6a6a698, 0x9b9b9ba6, 0xa6a6a698, 0x9898989b, 0x98a69b98, 0x98979898, 0x98a69898, 0x97979897,
0xa6a6a8a8, 0x9ba6a6a6, 0xa6a6a8a8, 0x9ba6a6a6, 0xa6a69ba8, 0x98a6a6a6, 0xa69897a6, 0x9ba6a6a6,
0x9b979797, 0xa6a6a6a6, 0x9b979797, 0xa6a6a69b, 0x98989794, 0xa6a6a697, 0x6a979797, 0xa6a6a697,
0x97976a6a, 0x976a9797, 0x98986a6a, 0x98a69b9b, 0x9b979797, 0x97a6a6a6, 0x97979898, 0x9b979897,
0x979ba6a6, 0x97979797, 0x98a6a6a6, 0x9797979b, 0x9898a6a8, 0x97a6a69b, 0x979ba6a6, 0xa69ba6a6,
0x9b9b9b6a, 0xa6a8a69b, 0x9b9b9b97, 0xa8a69b9b, 0x9b979897, 0x97979b9b, 0x9b979797, 0x6a979b9b,
0x9b979797, 0x97979b9b, 0x9b9b9797, 0x976a9797, 0x989b9897, 0x97979797, 0x979b9797, 0x97979797,
0xa8a8a6a8, 0xa89b9ba8, 0xa8a8a8a8, 0xa8a8a8a8, 0xa89b9b9b, 0xababa8a8, 0x9b9b9797, 0xa89b9b9b,
0x976a6a97, 0x9a6a976a, 0x97979797, 0x9a9a976a, 0x97979797, 0x9797976a, 0x976a9797, 0x976a6565,
0xababa8a8, 0xabababa8, 0xa8a8a8a8, 0xab9fa8a8, 0xa8a8a8a8, 0xa8a8a8a8, 0xa8a89fa8, 0xa8a8a8a8,
0x9b9b9b9a, 0xa8a8a89b, 0x6a6a6a9a, 0x9a9a726a, 0x6a6a9797, 0x656a6a97, 0x6a976a6a, 0x6a6a9797,
0x9fababa8, 0x9f9f9f9f, 0xab9f9fa8, 0xa8a8a8ab, 0xaba89fa8, 0x9f9fa8a8, 0xa8a89fa8, 0xa8a89fa8,
0xa89f9fa8, 0xa8aba8a8, 0x9f9b9b9a, 0x9fa8a8a8, 0x9a9a6a6a, 0xa8a8a89b, 0x6a6a6a6a, 0x9f9f9b6a,
0xa8a8aba8, 0x9b9f9fa8, 0xababa8a8, 0x6a9b9f9f, 0xa89f9fa8, 0x9f9f9f9f, 0xa8a8a8a8, 0x9f9fa89f,
0x9fa8a8a8, 0x9f9f9f9f, 0x9fa8a8a8, 0x9f9f9fa8, 0x9fa89fa8, 0x9b9b9fa8, 0x9fa8a8a8, 0x729f9b9b,
0x9f9f9f9f, 0x9f9b9f9f, 0x9b9fa89f, 0x9f9f7272, 0x9b9f9b9b, 0x9f9b7272, 0x9b9b9b9f, 0x9b727272,
0x9f9fa89f, 0x9b9f9b9b, 0x9f9f9f9f, 0x9b729b72, 0x9f9f9f9b, 0x72729f9b, 0x9f9f9f72, 0x729b9f9b,
0x9b9b729f, 0x729b9f9f, 0x9f9b6a9b, 0x9b9b9f9f, 0x9b9f7272, 0x9f9b9f9f, 0x9f9f9b72, 0x9f9f9f9f,
0x9b9b9b9b, 0x9f749b9b, 0x72727272, 0x72727272, 0x72729b72, 0x72729b72, 0x9b9b7272, 0x9b9f9f9b,
0x9b727272, 0x72729f9b, 0x9f9b9b72, 0x72749f9f, 0x9b9b9f9f, 0x9f9f9f9f, 0x9f9b9f9f, 0x74749f9f,
0x9b9f749f, 0x9b9f9f9f, 0x72749b74, 0x9b9f7272, 0x9f9f9f9f, 0x729f9f72, 0x9f9b9f9f, 0x72749f9f,
0x74727272, 0x74747474, 0x74727272, 0x9f747272, 0x729f9f9f, 0x9f9f7474, 0x74727272, 0x74749f9f,
0x6a6a7472, 0x72727274, 0x68727472, 0x72686872, 0x676a726a, 0x68686868, 0x68686868, 0x6867686a,
0x9f9f9f9f, 0x68727474, 0x749f7474, 0x68727474, 0x70749f74, 0x68727472, 0x68727272, 0x67727472,
0x68686868, 0x44686868, 0x68686868, 0x44686868, 0x68686868, 0x44686868, 0x68446872, 0x67686768,
0x68687072, 0x68686867, 0x67677070, 0x44446767, 0x68446874, 0x67446768, 0x67444444, 0x67444444,
0x6744443e, 0x44444444, 0x68684444, 0x68686868, 0x67674444, 0x70686868, 0x45686744, 0x45454544,
0x72747468, 0x70727470, 0x70746844, 0x68707270, 0x67746868, 0x44676844, 0x45707067, 0x44446745,
0x67686870, 0x67443f44, 0x44446868, 0x44444444, 0x44446870, 0x44444444, 0x44444568, 0x45454545,
0x74726744, 0x74747472, 0x70674444, 0x72737270, 0x70444467, 0x68727270, 0x67454567, 0x68707270,
0x67676768, 0x67707070, 0x45454544, 0x67454545, 0x44444444, 0x45454544, 0x42444545, 0x47454444,
0x9f9f7473, 0x72707274, 0x72727270, 0x73706770, 0x70706868, 0x73726768, 0x70706867, 0x70686768,
0x68707045, 0x70686870, 0x70677067, 0x68454568, 0x68454467, 0x67454445, 0x45454545, 0x67454545,
0x73737272, 0xa39f7373, 0x72727273, 0x9f747373, 0x70707072, 0x73747370, 0x67707072, 0x73747370,
0x67687272, 0x72727270, 0x67677070, 0x72727270, 0x67676770, 0x74727470, 0x68676767, 0x72747270,
0xa3a3a39f, 0xa3a3a3a3, 0xa39f7373, 0xa3a3a3a3, 0xa39f7372, 0xaba39f9f, 0x9f9f7373, 0x9f9f9f73,
0x9f747473, 0x9f9f9f9f, 0x74747474, 0x74727374, 0x74747474, 0x9f747474, 0x72727272, 0x73737272,
0xa3aba3a3, 0xabababa3, 0xa3a3a3ab, 0xaba3aba3, 0xa3a3a3a3, 0xaba3a3a3, 0xa3a3a3a3, 0xa3a3a3a3,
0xa3a3a39f, 0xa3a3a3a3, 0xa3a3a39f, 0xa39fa3a3, 0xa39f9f9f, 0xa3a39fa3, 0x9f9f9f9f, 0xa3a3a39f,
0xa3ababa3, 0xabababab, 0x9fababab, 0xabababab, 0xa3a3abab, 0xabababab, 0xa3a3a3a3, 0xabababa3,
0x9fa3abab, 0xababa3a3, 0xa3a3abab, 0xabababab, 0xa3a3a39f, 0x9f9fa3a3, 0x9fa39f9f, 0x9f739f9f,
0xabababab, 0x9f9f9fab, 0x9fa3abab, 0x9f9f9f9f, 0x9e9fabab, 0x9f9f9f9e, 0x9faba3ab, 0x9f9f9fa3,
0xa8aba3ab, 0x9f9f9f9f, 0x9f9fabab, 0x9f9f9f9f, 0x9f9faba3, 0x9f9f9f9f, 0x9f9f9f9f, 0x9f9f9f9f,
0x9fababab, 0x9f9e9e9e, 0x9e9fa89f, 0x9e9f9e9e, 0x9f9f9f9f, 0x9a9f9e9e, 0x9f9f9f9f, 0x9e9f9e9f,
0x9f9f9f9f, 0x9e9e9e9e, 0x9f9f9f9f, 0x9e9e9e9e, 0x9f9f9e9f, 0x9e9e9e9e, 0x9f9e9e9f, 0x9e9a9a9e,
0xabababa3, 0x9fa3aba3, 0xa3ab9f9f, 0x9e9e9f9e, 0x9f9e9f9e, 0x9f9f9e9e, 0x9f9f9e9e, 0x9e9e9e9f,
0x9e9f9f9e, 0x9e9eabab, 0xa39e9e9e, 0x9e9ea39f, 0xa39f9e9e, 0x9f9e9f9f, 0x9f9e9f9e, 0x9f9e9f9f,
0xa2a39e9e, 0xa3a3a3a2, 0x9ea39e9e, 0xa3a3a39e, 0x9ea39e9e, 0xa29e9e9e, 0x9e9e9e9e, 0x9e9e9e9e,
0x9e9e9e9f, 0x9e9e9e9e, 0x9fab9fab, 0x73739e9e, 0x9fab9fa3, 0x7271719e, 0x9e9e9e9e, 0x9e719a9a,
0xa3a3a29e, 0xafafafaf, 0xa3a3a3a3, 0xa3b4b4af, 0xa3a3a3a3, 0xafafafb4, 0xa3a3a3a3, 0xb4afa3a3,
0xa3a3a3a2, 0xafa3a29e, 0x9ea2a29e, 0xafa3a29e, 0x9e9eab9e, 0xa3a29e73, 0xaba2a3a3, 0x9e9e739e,
0xb4b4b4af, 0xafafb4b4, 0xb4b4b4af, 0xa3b4b4b4, 0xb4b4b4af, 0xa3afafaf, 0xb4b4b4b4, 0xa3b4b4b4,
0xb4b4afaf, 0xafafb4b4, 0xafb4b4a3, 0xafafafaf, 0xafa3a3a2, 0xafafafaf, 0xa3a2a2a2, 0xa3a3a3a3,
0xafafafa2, 0xafafafaf, 0xafafafa3, 0xafafafaf, 0xafafafa3, 0xafb4afa3, 0xa3a2a3a3, 0xafafafa3,
0xa2a2afaf, 0xa3a2afaf, 0xa3a3afaf, 0xa3a3a3a3, 0xa2a3a3af, 0xa3a3a2a2, 0xa3a3a2a2, 0xa3a3a3a3,
0xafafafaf, 0x82afafaf, 0xa2a3afaf, 0xafafafaf, 0xa3afafa3, 0xafafafaf, 0xafafafa3, 0xafafafaf,
0xafa3a3a3, 0xafafafaf, 0xafa3a3a2, 0xafafafaf, 0xafa3a3a2, 0xafafafaf, 0xa3a3a3a2, 0xafafafaf,
0xafafa2af, 0xafafafaf, 0xafafafaf, 0xafafafaf, 0xafafafaf, 0xafafafaf, 0xafafafaf, 0xafafafaf,
0xafafafaf, 0xafafa3a2, 0xafafafaf, 0xa3afafaf, 0xafafafaf, 0xa3afafaf, 0xafafafaf, 0xa2a3a3af,
0xafafa2af, 0xafafafaf, 0xafafa3af, 0xafafafaf, 0x82afa3a2, 0xafafafaf, 0x82a2afaf, 0xafafa282,
0xa282a2a3, 0x82afafaf, 0xa3a3a2a2, 0xa28282a2, 0xafafa2a2, 0xa2a282a2, 0xafafa3a3, 0xa3a3a2af,
0x82a2afaf, 0xaf848282, 0xafafafaf, 0xafaf8482, 0xafafafaf, 0xafafafaf, 0xafafafaf, 0x87afaf82,
0x82afafa2, 0xafafaf82, 0x82afafaf, 0xafa2af82, 0xa2a3afa3, 0xafa382a2, 0xa3a3afa3, 0xafa3a2a2,
0x84afafaf, 0xafafafaf, 0xafaf87af, 0x8484af84, 0xafafafaf, 0xafaf8484, 0x84afaf84, 0x84afaf84,
0x828282a2, 0x84afaf84, 0x84828282, 0xafaf84af, 0xafa28282, 0x848482af, 0xa28282a3, 0xafaf87af,
0xafafafaf, 0x84afafaf, 0xafafaf84, 0x8484afaf, 0xafafafaf, 0x8484afaf, 0xafaf8484, 0xaf8484ae,
0xafafaf84, 0x828484af, 0xaf848784, 0x6f8282af, 0xafae8282, 0x828182ae, 0xafaf82a2, 0x8282a2af,
0x82848484, 0x84848482, 0x84848284, 0x84848484, 0x8484aeae, 0x84848484, 0x8484aeaf, 0x84848482,
0x828284af, 0x84828282, 0x84828284, 0x84828284, 0x84828484, 0x848284ae, 0x84828282, 0x82848484,
0x84848484, 0x84848484, 0x84848484, 0x84828284, 0x84848484, 0x848484ae, 0x84848482, 0x84848484,
0xae848484, 0x84848484, 0x84828484, 0x84848484, 0x84828284, 0x84848484, 0x84828282, 0xae848484,
0x84848484, 0x8484afb1, 0x8484ae84, 0x84848484, 0x84848484, 0x84848484, 0x84848484, 0xae848484,
0x848484ae, 0x84afae84, 0x848484ae, 0x8484ae84, 0x84848484, 0xae848484, 0x84848484, 0x84848484,
0x84848484, 0x84848484, 0x8484b184, 0x84b18484, 0x84848484, 0x84b18484, 0x84848484, 0x84848484,
0x84848484, 0x84848484, 0x84848484, 0x84848484, 0x848484ae, 0x84848484, 0x84848484, 0x84b18484,
0x84848484, 0x84848484, 0x84848484, 0x84848484, 0x84848484, 0x84848484, 0x84848484, 0x84848484,
0x84848484, 0x84848484, 0x84848484, 0x84848484, 0x84848484, 0x84848484, 0x84848484, 0x84848484,
0x84848484, 0x84848484, 0x84848484, 0x84848484, 0x84848484, 0x84af8484, 0x84848484, 0x84848484,
0x84848484, 0xb1848483, 0x84848484, 0xb1848484, 0x84848484, 0x84848484, 0x8484847f, 0x84848484,
0x84848484, 0x84818284, 0x84848484, 0x84848484, 0x84848484, 0x81848484, 0x84848484, 0x81848484,
0x848484b1, 0x84848484, 0x847d8484, 0x84848484, 0x84848484, 0x84838183, 0x84848484, 0x81818484,
0x817d8484, 0x7d7d8481, 0x817d8184, 0x84818484, 0x817d8184, 0x84848484, 0x84818181, 0x84848484,
0x84848183, 0x84848484, 0x81818484, 0x84848484, 0x817d8484, 0x84838184, 0x817d8484, 0x84848381,
0x84818484, 0x7c6f8184, 0x84838484, 0x6f6f6f81, 0x84848481, 0x7d6f7d82, 0x84848181, 0x817d8284,
0x84838184, 0x7d828484, 0x82848484, 0x81828484, 0x84818181, 0x81818484, 0x84848484, 0x84848484,
0x8b84847d, 0x81849191, 0x848b8b84, 0x7384918b, 0x84848b84, 0x8184918b, 0x84848484, 0x82848b8b,
0x91848383, 0x82848b91, 0x84848383, 0x82848b84, 0x83848483, 0x82848b84, 0x83848483, 0x82878484,
0x8b8b836f, 0xb1b08bb0, 0x8b8b7c6f, 0xb1b0b0b0, 0xb18b814a, 0xb08bb0b0, 0x8b83816f, 0xb08b8b8b,
0x83836f4a, 0x8b8b8383, 0x8b846f6f, 0x8bb0b08b, 0xb0836f73, 0xb08b8bb0, 0x8b836f73, 0xb0b0b0b0,
0xb08bb0b0, 0x8b8bb0b1, 0xb08bb1b1, 0x8b8bb0b0, 0xb0b0b0b0, 0x8b8bb0b1, 0xb0b08bb0, 0x8bb0b0b1,
0xb08b8b8b, 0x8b8b8bb0, 0xb1b1b1b1, 0x8b8b8b8b, 0xb1b0b1b1, 0xb08b8b8b, 0xb0b0b1b1, 0xb08b8b8b,
0x8a8b8b8b, 0x8b8b8b8b, 0x8b8bb08b, 0x8b8b8b8b, 0x8b8b8b8b, 0x8bb08b8b, 0x8b8b8b8b, 0x8b8b8b8b,
0xb0b0b08b, 0xb08bb08b, 0xb08b8b8b, 0xb08bb08b, 0xb0b08bb0, 0xb0b08b8b, 0xb0b08bb0, 0x8bb08b8b,
0xacadaaaa, 0xacaaacad, 0xacacaaaa, 0xaaa9aaad, 0xacaaaaa9, 0xaaa7a9aa, 0xadac9d9d, 0xa9a9aaad,
0xacaaa99d, 0xa9aaaaaa, 0xaaaaaaa9, 0x9da9aaa9, 0xaaaaaaaa, 0xaaaaaaaa, 0xa99d9d9d, 0xa1aaaaa9,
0x9daaa9aa, 0x9c9d9d9c, 0x9d9daaaa, 0x9d9da99d, 0xa99d9da9, 0xa99d9daa, 0x9d9da79d, 0x9d9d9d9d,
0x779da09d, 0x6d6d6d6d, 0x6d9d9d9d, 0x779d9d6d, 0x6d789daa, 0x77779d6d, 0x6d6e6ea1, 0x6d786b6d,
0x9c9c9d9d, 0x9d9d9d9d, 0x9d6d9c9d, 0x9d9d9d9d, 0x9d9d9d9c, 0x9d9d6d9d, 0x9d9c9d9d, 0x9d9d9c9d,
0x6d9d9d77, 0x6d9d6d9d, 0x9d6d7877, 0x9d9d9d9d, 0x9d666d78, 0x9d9d6e9d, 0x6d636d6d, 0x78787878,
0x9d9d9c6d, 0x6d9d6d6d, 0x9d9d9d9c, 0x6d9d9d9d, 0x9c9d9d9d, 0x9d9c9d9d, 0x9c9d9d9d, 0x9d9c9d9d,
0x77779d6d, 0x9d779d9d, 0x789d7878, 0x776d9d78, 0x9d9d9d9d, 0x6d779d9d, 0x7878776d, 0x786d7877,
0x9d9d6d9d, 0xa0a0a09d, 0x6d6d9d9d, 0xa0a09d77, 0x6d9c6d9c, 0xa0a0a09d, 0x9d6d9c9c, 0x78777777,
0x6d6d776d, 0x6d6d6b6d, 0x6d6d786d, 0x6d6d636b, 0x63636b78, 0x6d6b6363, 0x476b6d6d, 0x6b6b6b63,
0x6d77779d, 0x636b6b6d, 0x6d6d789d, 0x416b6d6d, 0x6d787877, 0x2c476b6d, 0x6b777877, 0x2c2c476b,
0x6b6d776d, 0x4040476b, 0x6b6b6b6d, 0x40474741, 0x476b6d6b, 0x2c404747, 0x47476b47, 0x2c2c4147,
0x412c2c2c, 0x47636b63, 0x63412c2c, 0x40416363, 0x41404140, 0x40476363, 0x47414747, 0x40414747,
0x40474747, 0x2c2c4040, 0x2c2c2c40, 0x40402c2c, 0x2c2c402c, 0x40404040, 0x47404040, 0x46404040,
0x47474747, 0x1d2c2d40, 0x40474747, 0x2c2c4046, 0x40474747, 0x2d2d4040, 0x40404040, 0x2c2d4040,
0x462d2c40, 0x2d2d2d40, 0x4040402d, 0x2d2d402d, 0x40404640, 0x2d2c2d40, 0x40404040, 0x2d2c2c40,
0x1d1d1d1d, 0x1d2d2c1b, 0x1d1d2c1d, 0x1d1d1d1d, 0x1d2c2c2d, 0x2d1b1d1d, 0x1d1d2c2c, 0x1d0d0f0f,
0x1d1d1d2c, 0x1b0d0d1b, 0x1d2d2c2c, 0x1d1d1d2d, 0x1d2d2d2c, 0x1d1d2d1d, 0x1d1d2c2d, 0x2d2d1d1b,
0x1d2d2c1d, 0x2d2d2d2c, 0x1d2d1d1d, 0x2d1d2d1d, 0x2d2d1d1d, 0x2d1d2d2d, 0x2d1b0d1b, 0x1d1d2d2d,
0x0d1b0d0d, 0x2d1d2d1d, 0x0d0d0d0d, 0x2f2d461d, 0x1b1d1d1d, 0x2d2d1d1b, 0x1d2d2d2d, 0x1d2d1d1d,
0x1d1d2d2d, 0x1d2d2d2d, 0x2d2d2d2d, 0x1d2d2d2d, 0x1d2d2d2d, 0x1d1d1d2d, 0x1d2f2d1d, 0x0f1d2d2d,
0x2d2d2d2d, 0x0f0d1c2d, 0x1d1d1d46, 0x0f1d0d1c, 0x1d1d1d2d, 0x1d1d1d1d, 0x2d1d1c1d, 0x2d2d2d2d,
0x2d1d1d1d, 0x1d1d1d2d, 0x2d2d1d1d, 0x1d2d2f46, 0x462d2d1d, 0x1d1d2d2f, 0x462d1c0d, 0x1d1d2f2f,
0x2d1d0d0d, 0x2d1d1c2d, 0x1c0d0f2d, 0x0d0d0d1d, 0x1c1d1d2d, 0x0d0d0d0d, 0x1c1c2d2d, 0x0d1c1c1c,
0x1d1b1d1d, 0x1b1b0d0d, 0x1d1d2d2d, 0x0d0d1b1b, 0x2d2d1d1d, 0x0d1d1d1b, 0x1d1c0d1d, 0x1b2d2d1d,
0x2d1c0d1d, 0x402d2d1d, 0x0d0d0d0d, 0x402d1b1c, 0x0d0d1d0d, 0x1d1b0d1c, 0x0d0d1d0d, 0x2d1b1b2d,
0x3c2d401b, 0x5e665e41, 0x2a2d401b, 0x666c6541, 0x1b2a401b, 0x6c66412a, 0x2a2a2d1b, 0x655e3d3b,
0x3c2a1b2d, 0x3d413c3c, 0x412a1b1b, 0x3d3b3b3c, 0x5a2d2a1b, 0x3d3b3b3c, 0x3c2c2d2d, 0x653d5a3c,
0x60656665, 0x95656665, 0x6660655e, 0x65656665, 0x66606666, 0x98669866, 0x60606666, 0x98656565,
0x655e6c5e, 0x98656066, 0x953d3d3d, 0x98666065, 0x665e3b3d, 0x98956065, 0x985e3d5e, 0x98666065,
0x98986598, 0x95959898, 0x98989595, 0x98989898, 0x98989895, 0x94959598, 0x98989598, 0x94959595,
0x98989898, 0x97959595, 0x98989898, 0x98989898, 0x98989898, 0x98989898, 0x98a69895, 0x94959898,
0x97949865, 0x98979465, 0x65656595, 0x98986565, 0x65946594, 0x98656065, 0x94979794, 0x97656594,
0x94986598, 0x97976594, 0x94989898, 0x65946594, 0x98989898, 0x97989498, 0x98a69494, 0x98989898,
0x98989898, 0x97949798, 0x98989898, 0x94949798, 0xa6989898, 0x97979798, 0x98989897, 0x97979898,
0x98989765, 0x97989898, 0x98986565, 0x979898a6, 0x97976598, 0x9798a698, 0x98979798, 0x98a69898,
0x65979897, 0xa69b9794, 0x94979898, 0x98989765, 0x98989897, 0xa69b9797, 0x9b9b9894, 0xa69b9898,
0x97979794, 0x97989797, 0x97979897, 0x97976598, 0x94989797, 0x97979794, 0x97989898, 0x98986594,
0x989b98a6, 0x9797979b, 0x98989798, 0x97979798, 0x9b9b9ba6, 0x9797979b, 0xa6a6a6a6, 0x97979797,
0x9b9b9b9b, 0x97979898, 0xa69b9897, 0x97979b9b, 0x9b989797, 0x97979b9b, 0x98979797, 0x9b9b9898,
0x97979797, 0x9b9b9797, 0x979b9897, 0xa69b9b98, 0x979b9897, 0x9b979797, 0x97979797, 0x9797976a,
0x97659797, 0x97976a97, 0x97979797, 0x976a9797, 0x9797979b, 0x976a9797, 0x9797989b, 0x97979797,
0x9797979b, 0x6a65656a, 0x979797a6, 0x97979797, 0x98979ba6, 0x9797979b, 0x989b9b9b, 0x97979797,
0x97979797, 0x97979797, 0x97979797, 0x6a979797, 0x97979797, 0x97979797, 0x97989897, 0x9b979797,
0x97976a6a, 0x6a97976a, 0x97979797, 0x656a9797, 0x9b979797, 0x656a979b, 0x97979797, 0x6a6a9797,
0x6a6a9797, 0x6a6a656a, 0x656a6a6a, 0x6a6a6a6a, 0x6a97656a, 0x6a6a6a65, 0x976a6a9b, 0x65656a6a,
0x6a6a656a, 0x729a6a6a, 0x6a6a6a6a, 0x6a6a6a69, 0x9797976a, 0x6a6a6a6a, 0x976a9797, 0x6a6a6a6a,
0x6a979797, 0x6a6a9a6a, 0x9a9a9797, 0x9a9a9a6a, 0x9797976a, 0x9b9b9a9a, 0x6a6a6565, 0x9a6a6a6a,
0xa8a8a89b, 0x9a9b9ba8, 0xa8a89b9b, 0x9f9f9fa8, 0x9fa89f9b, 0xabababa8, 0x9f9f9b6a, 0xaba89f9f,
0x9a6a6a65, 0x9f9b9a6a, 0x6a6a6a64, 0x726a6a6a, 0x6a6a6a6a, 0x6a6a6a6a, 0x6a6a9a6a, 0x6a6a6a6a,
0x9f9f9f9b, 0x9f9f9f9f, 0xa89f9f9f, 0x9f9f9fa8, 0xa8a8a8a8, 0x9f9f9fa8, 0xa8a8a8a8, 0x9fa8a8a8,
0xabababa8, 0x9f9fa8a8, 0xa8a89f9a, 0xa8ababa8, 0x9b726a6a, 0x9f9ba89f, 0x6a6a6a6a, 0x6a6a6a6a,
0x9f9f9b9b, 0x9f9f9f9b, 0x9b9f9b9f, 0x749f9f9b, 0x9f9f9f9f, 0x6a9f749b, 0x9f9f9f9f, 0x729f9f9f,
0x9f9f9f9f, 0x9f9f9f9f, 0x9fababab, 0x9f9f9f9f, 0xababa89f, 0x9f9f9f9f, 0x9b9b7272, 0x9f72749b,
0x72729f9f, 0x7272749f, 0x7272729b, 0x726a6a72, 0x72747272, 0x6a6a6a72, 0x72729b9f, 0x68686868,
0x7272729f, 0x6a6a6a6a, 0x74749b9f, 0x6a68686a, 0x9b749b9f, 0x726a7272, 0x9f9b9f9f, 0x72727472,
0x686a6a68, 0x6872726a, 0x72726a6a, 0x70747272, 0x7272726a, 0x70727472, 0x72726a68, 0x70747270,
0x7272726a, 0x70727472, 0x72727272, 0x68687268, 0x6872726a, 0x68686868, 0x72687272, 0x67686868,
0x70676870, 0x68454468, 0x67686868, 0x67444444, 0x68686868, 0x45444444, 0x70686868, 0x45446770,
0x70707070, 0x44424445, 0x45676868, 0x67684444, 0x45676868, 0x45456867, 0x45676868, 0x68686845,
0x45686744, 0x44684545, 0x44454544, 0x44444445, 0x44444447, 0x44454445, 0x45444545, 0x45474544,
0x45454545, 0x45454444, 0x47684445, 0x47454544, 0x70684444, 0x45454747, 0x70706868, 0x45456868,
0x68444544, 0x45454568, 0x68444544, 0x43444545, 0x47454444, 0x423e4244, 0x70474544, 0x44434547,
0x45454544, 0x43434447, 0x47474445, 0x44454747, 0x44454745, 0x45454747, 0x45456847, 0x44454747,
0x44444468, 0x45454444, 0x44454344, 0x44434545, 0x45454442, 0x45454543, 0x45454544, 0x68704545,
0x45454543, 0x68454545, 0x42434443, 0x45454543, 0x42424568, 0x68454242, 0x44434547, 0x45454443,
0x45454545, 0x45444445, 0x45454545, 0x45454545, 0x70707045, 0x68474568, 0x70707068, 0x45454545,
0x70456870, 0x45454445, 0x68454545, 0x70706845, 0x68707070, 0x70707068, 0x70707068, 0x70454570,
0x67456745, 0x70707070, 0x45454545, 0x67707068, 0x45676768, 0x45676868, 0x70454545, 0x67456770,
0x706f4545, 0x67456770, 0x70737070, 0x67707070, 0x70737070, 0x67677070, 0x70707070, 0x45454545,
0x68677070, 0x73737270, 0x67676767, 0x73727267, 0x67677067, 0x72727067, 0x67676867, 0x70707070,
0x70687068, 0x72727070, 0x70707070, 0x72727270, 0x70676770, 0x70707070, 0x67676767, 0x70706767,
0x9f747474, 0x9fa3a39f, 0x73747474, 0xa39f9f73, 0x73727474, 0xa3a39f74, 0x74727272, 0x9f9f9f74,
0x74727272, 0x74747474, 0x74727272, 0x74747474, 0x74747472, 0x74747474, 0x72727472, 0x74747472,
0xa3a3a39f, 0x9f9f9f9f, 0x9f9fa39f, 0x9f9fa39f, 0x9f9fa39f, 0x9f9f9f9f, 0x9fa3a39f, 0x9f9f9f9f,
0x9f9f9f74, 0x739f9f9f, 0xa3747474, 0x72739f9f, 0x9f747474, 0x9f9f9f9f, 0x74747474, 0x9f9f9f9f,
0x9fa39fab, 0x9e9f9f9f, 0x9fa39fa3, 0x9f9f9f9f, 0x9fab9f9f, 0x9a9a9e9f, 0x9f9fa39f, 0x9f9a729f,
0x9a9f9f9f, 0x9f9f729f, 0x9f9f9f72, 0x9f9f9f9f, 0x9f9f9f73, 0x9f9f9f9f, 0x9f9f9f74, 0x72729f72,
0x9a9f9f9f, 0x9e9a9a9a, 0x9e9f9f9f, 0x9e9a9e9e, 0x9f9f9f9e, 0x9e719a9f, 0x9f9f9f9f, 0x9a72729f,
0x9f9a9a9f, 0x9a72729f, 0x9a9a9e9e, 0x9e9a9a9a, 0x9a9f9f9f, 0x9a727272, 0x729a9f9f, 0x9e9a7272,
0xa39e9e9e, 0x9e9e9fa3, 0x9f9e9e9f, 0x9a729e9e, 0x9f9f9f9f, 0x9e9a9e9e, 0x9e9fa39f, 0x9e9e9e9e,
0x9e9f9f9e, 0x9a9a9a9a, 0x9e9e9e9e, 0x729f9f9e, 0x9e9e9a9e, 0x9a9e9f9e, 0x9a9e7272, 0x729a9e9e,
0x719a9e9e, 0x9e9e9e9a, 0x72719a9a, 0x9e9f9f9e, 0x9e9e9e9e, 0x9a9e9e9e, 0x9e9e9e9e, 0x9a9e9f9f,
0x9e9f9e9e, 0x9e9f9e9f, 0x9fa39e9a, 0x9f9f9e9f, 0x9f9f9e9e, 0x9f9f9e9f, 0x9f9f9e9e, 0x9e9f9f9f,
0xa3a29e9e, 0x9e9e9e9e, 0xab9e9e9e, 0x9e9e9e9e, 0xab9e9a71, 0x9e9e9e9e, 0x9f9e9e9a, 0x9e9e9f9e,
0x9e9e9f9e, 0x9e9e9e9f, 0x9e719e9f, 0xab9f9e9f, 0x9a719e9f, 0x9f9e9e9e, 0x9a719e9e, 0x9e9e9a9a,
0xa2a2a3a2, 0xa3a3a3a3, 0xa2a3a2a3, 0xa3a3a3a3, 0x9ea39e9e, 0xa2a3a39e, 0x9e9ea29e, 0xa3a3a273,
0x739e9e9e, 0xa3a3a273, 0x9e9e9e9f, 0xa2a3a273, 0x9e9e9e9e, 0xa3a3a29e, 0x9e739a9e, 0xa3a3a3a3,
0xa3a3a2a2, 0xa3a3a3a3, 0xa3a2a3a3, 0xa2afa3a3, 0xa3a3a3a3, 0xa2a3a3a3, 0xa3a3a3a3, 0x73a2a3a3,
0xa3a2a2a2, 0x9ea2a3a3, 0xa3a3a3a3, 0x9ea29e9e, 0xa3a3a3a3, 0x73739ea2, 0xa3a3a3a2, 0x9ea273a2,
0xa2a3a2a2, 0xafafafaf, 0xa3a3a3a2, 0xafafafa3, 0xa2a2a3a3, 0xafafa3a3, 0xa2a2a2a2, 0xafa3a2a2,
0xa2a3a2a2, 0xafaf8282, 0xa2a2a2a2, 0xafafa3a2, 0xa2737373, 0xafafa3a3, 0x73739e73, 0xafafa3a2,
0xafafafaf, 0xa2afa3af, 0xafafafaf, 0xa2a3a2af, 0xafafafaf, 0x82a2a2af, 0xafafafaf, 0x82a3a2af,
0xafafafaf, 0x8282afaf, 0xafafafaf, 0xa3afafaf, 0xafafafaf, 0xa2a3a3af, 0xafafafaf, 0xa3a3afaf,
0xafafa282, 0xa2a3afaf, 0xa3a38273, 0x82a282af, 0x82828282, 0x82828282, 0x82828282, 0xa2828282,
0xa3afa2a3, 0xa28282a2, 0xa3a3a2af, 0x82a2a3a2, 0x828282a3, 0x73828282, 0x82828282, 0x73828282,
0xa3a3afa2, 0xa3a2a3a3, 0x82738282, 0xafafa3af, 0x82738282, 0xa3a3afaf, 0x827382a2, 0xa2a2afa2,
0x827382a2, 0xa3a2afa2, 0x82738282, 0xa2a2afa2, 0x82a2a382, 0x82a2afa2, 0x8273a382, 0x82a2a2a3,
0x8282a2a3, 0xafafafaf, 0x828282af, 0xafafafaf, 0x82a28282, 0xafafaf82, 0xa2a28282, 0xafa282af,
0x828282a2, 0x8282a3a2, 0x8273a2a2, 0x82afa382, 0x8282a282, 0x82a382a3, 0x82828282, 0xa2a2a3a2,
0xaea2a2af, 0x828282a2, 0x8282afaf, 0x82828282, 0x8282a2af, 0x8282a282, 0xa28282a2, 0x82a2a282,
0xa3a38282, 0x828282a2, 0xa282afa3, 0x828282a2, 0xa3a2a3a2, 0x82a28282, 0xafa3a3a2, 0x82a28282,
0x84828181, 0x82828484, 0xaeae7381, 0x82818282, 0x82ae8282, 0x84818181, 0x81828282, 0x84828273,
0x81737382, 0x82828281, 0x82818282, 0x82828282, 0x8182a282, 0x82ae8282, 0x8182a282, 0x82828482,
0x84828282, 0x84848484, 0x82828284, 0x84848484, 0x82828284, 0x84848482, 0x82828282, 0x84848484,
0x82828182, 0x84848484, 0x84828282, 0x84848484, 0x84828282, 0x84848484, 0x82828282, 0x84848484,
0x84848484, 0x84ae8484, 0x84afaf84, 0x84afae84, 0xafaf8484, 0x84afaf84, 0x84848484, 0x84848481,
0xaeae8484, 0x84848484, 0x84848484, 0x84848484, 0x81848484, 0x84848481, 0x84aeae84, 0xae848484,
0x84848484, 0x84848484, 0x84848484, 0x84848484, 0x8484ae84, 0x84848484, 0x84848484, 0x84848484,
0x84848483, 0x848b8484, 0x8484817d, 0x84918484, 0x84848484, 0x84848484, 0x84848484, 0x84848484,
0x84848484, 0x84848484, 0x83848484, 0x84848484, 0x84848484, 0x84878484, 0x84848484, 0x84848484,
0x84848484, 0x84848484, 0x84848484, 0x84848484, 0x84848484, 0x84848484, 0x84848484, 0x84848484,
0x84848484, 0x84878484, 0x84848484, 0x84b1b184, 0x84848484, 0x8484b184, 0x84848484, 0x84848b84,
0x84848484, 0x84848b91, 0x84848484, 0x91848484, 0x84878484, 0x84848484, 0x87848484, 0x84848487,
0x84848484, 0x81818484, 0x84848484, 0x81818181, 0x84848484, 0x84848484, 0xae848484, 0x84848484,
0xae848484, 0x84848484, 0x84848484, 0xafb18484, 0xae848484, 0x8484ae84, 0x84848484, 0x8484aeaf,
0x84818483, 0x84848484, 0x81818484, 0x84848484, 0x81818484, 0x84848481, 0x81848484, 0x817d8381,
0x81848484, 0x847d8181, 0x7d828484, 0x84848281, 0x817d8184, 0x84848381, 0x817d8184, 0x84848381,
0x84848484, 0x81848484, 0x84848484, 0x81818284, 0x84848484, 0x81848184, 0x8484af84, 0x84848184,
0x8184afae, 0x84848181, 0x84848484, 0x84848484, 0x84818184, 0x84818484, 0x84848484, 0x84848484,
0x83848481, 0x82b18483, 0x83848481, 0x84b18481, 0x81838381, 0x84b18483, 0x83838381, 0xb1918484,
0x84848183, 0xb18b8483, 0x83818484, 0xb18b8483, 0x83818184, 0xb1848484, 0x84818484, 0x84848484,
0x8b836f73, 0xb1b08bb0, 0x8b836f81, 0xb08b8b8b, 0x8b838181, 0x8b8b8b8b, 0x8b848282, 0xb0b1b0b0,
0x8b8381af, 0xb0b1b08b, 0x837d81ae, 0xb1b08b8b, 0x836f8184, 0xb18b8b83, 0x83818184, 0xb0b08b83,
0xb08bb1b1, 0xb08b8b8b, 0xb0b0b1b1, 0xb0b0b08b, 0xb0b0b0b0, 0xb1b18b8b, 0xb08b8b8b, 0xb0b0b0b0,
0xb1b08bb0, 0xb0b1b1c1, 0xb0b0b0b0, 0xb0b1b1b0, 0xb0b0b1b1, 0xb0b0b1b0, 0xb1b0b1b0, 0xb0b0b0b0,
0xb0b08bb0, 0x8bb08b8b, 0xb08b8bb0, 0x8bb08b8b, 0xb08b8bb0, 0x8bb0b0b0, 0xb08bb0b0, 0x8bb0b0b0,
0xb08bb0b0, 0x8bb0b0c1, 0xb08b8bb0, 0x8b8bb0b0, 0xb08bb0b0, 0x8b8bb0b0, 0xb0b0b0b0, 0xb08bb0b1,
0xaaa99d9d, 0xa19da1aa, 0xaa9d9c9d, 0x9d9da0aa, 0x9d9d6e6d, 0xa0a0aaa0, 0x9d786d6d, 0xa1a1a178,
0x9d9d789d, 0x78786d6b, 0xa078789d, 0x787878a1, 0x78786d77, 0x787878a1, 0x6d6b6d78, 0x6b787878,
0x6d6b78a1, 0x6b6d7878, 0x7878a19d, 0x6b777878, 0x78787878, 0x47637878, 0x6b78a19d, 0x47476b78,
0x7ba5a178, 0x6b757878, 0x6e787878, 0x7878786b, 0x4878a178, 0x75786b6b, 0x6b6b6e6b, 0x756e6b6b,
0x6d6d6d6d, 0x7878786d, 0x6d787878, 0x7878786d, 0x6b6b6b6b, 0x6b776b6b, 0x6b6b6b6b, 0x786b4847,
0x476b6b75, 0x75484740, 0x466b6b6b, 0x48474840, 0x48486b48, 0x46464847, 0x4846486e, 0x40404848,
0x78776d6b, 0x786b7878, 0x77776b6b, 0x6b757878, 0x6b6b6b6b, 0x6b756b6b, 0x486b6b6b, 0x48484847,
0x486b4848, 0x46484848, 0x6b6b4748, 0x47484848, 0x48484846, 0x2d404848, 0x46464848, 0x1d2c4048,
0x636b6b6b, 0x6b6b6b6b, 0x40476b6b, 0x40464748, 0x47476b6b, 0x2d2c2c40, 0x40474847, 0x2c2c2c2d,
0x2c404047, 0x2d2d2d2d, 0x1d1d2d40, 0x2c2c2c2c, 0x2c2c1d1d, 0x2c2c2c2c, 0x4040401d, 0x2c2c402c,
0x40404047, 0x402c4040, 0x2c2c2d2c, 0x2c2c402c, 0x2c2c1d2c, 0x2c2c2c2c, 0x402c2c2c, 0x2c2c4040,
0x402c2c2c, 0x2c2c4040, 0x2c2c2c2c, 0x2c2c2d2d, 0x1d1b1d1d, 0x2c2a2c1b, 0x1b1b1b1d, 0x2d1b1b1b,
0x47474040, 0x40404748, 0x48474040, 0x40404648, 0x47404040, 0x402d2d40, 0x402c2c40, 0x402d2d40,
0x402c2c40, 0x40404040, 0x402c2c2c, 0x40404040, 0x402c2c2c, 0x2c404646, 0x4040402c, 0x2c2d4040,
0x2c2d2d2d, 0x2d2c2c2c, 0x2c2c2d2c, 0x2d2d2c2d, 0x2d2c2c2c, 0x2d2d402d, 0x2d2c2c40, 0x2d2c2c2c,
0x2d2c2c2c, 0x2d1d1b1d, 0x2c2c2c2c, 0x2c1d1d1d, 0x1b1d1d2c, 0x1d1d1d1d, 0x1d1d2c2c, 0x2d1d1d1d,
0x1d1d1d2c, 0x2d2d1d0d, 0x1b0f1d2d, 0x1d1d1d0d, 0x0f1d2d2d, 0x0d0d1d0d, 0x0d1d1d2d, 0x0d0d0d1d,
0x0f1d1d2d, 0x1d1c0d0d, 0x1d1d1d1d, 0x1d0d0d1d, 0x1d1d1d1d, 0x1d0d0d1c, 0x1d1d1d1d, 0x0d1c1c2d,
0x1d1d1d2d, 0x1d1d2d1d, 0x2d1d1d2d, 0x1d1d2d2d, 0x2d1d1d1d, 0x2d2d2d2d, 0x2d1d2d1d, 0x2d2d2d2d,
0x1d1d1d1d, 0x2d2f2d2d, 0x1d0d0d1d, 0x2f2d1d1c, 0x0d1c1d1d, 0x2f2d1d1c, 0x1c0d0d1c, 0x2d1c2d2d,
0x2d1d0d1d, 0x2d2d2d2d, 0x1c0d0d1d, 0x1d1c1d1d, 0x0d1c1d1d, 0x1c1d0d0d, 0x1d1d1d1d, 0x1d1d1c0d,
0x2d1d1d1d, 0x0f1c1c1c, 0x2d2d2d2f, 0x0d1c1d1c, 0x2d2d2f2f, 0x1d1d2d2d, 0x2f2d2f2f, 0x2f2d2d2f,
0x0f1c1d1d, 0x2d1d0d0d, 0x1d0f0d1c, 0x1c0d0d1d, 0x1d1d0d07, 0x0d1c0d1d, 0x0d1c0d0d, 0x0d0d1c0d,
0x0d0d0d1d, 0x0d0d0d1c, 0x1c0d0d1c, 0x1c1c0d1c, 0x0f0d0f1d, 0x0d0d0f0d, 0x1d1d1c1d, 0x1c1c2d1c,
0x0d0d1d1c, 0x6b2d0d2d, 0x1b0d0d0d, 0x77470d1b, 0x0d0d0d1c, 0x6b2d0d0d, 0x0d0d0d1c, 0x472d0d1b,
0x0d060d1d, 0x401b0d0d, 0x0d0d0d1d, 0x2b0d0d1b, 0x0d0d1c1c, 0x1b0d0d0d, 0x1c0d0d0d, 0x0d1b0d1c,
0x413d3c3c, 0x6c5e5a3b, 0x5e413c2d, 0x6c653d41, 0x5e5e3c65, 0x98666565, 0x65414163, 0x996c665e,
0x65636541, 0x98665e5e, 0x6c633c2a, 0x98665e66, 0x653c2a2d, 0x665e5e98, 0x5e413c2a, 0x65596598,
0x98986565, 0x95989565, 0x989c6565, 0x98989495, 0x98985e66, 0x98959598, 0x98666598, 0x95959595,
0x98959998, 0x98959495, 0x98989899, 0x95659598, 0x98989898, 0x65959898, 0x9898986c, 0x98989498,
0x98989595, 0x98989898, 0x98989895, 0x98989898, 0x95989898, 0x94989895, 0x65989898, 0x94949894,
0x9598a6a6, 0x94949465, 0x98989898, 0x65656595, 0x98989898, 0x94949498, 0xa69898a6, 0xa6989898,
0x98989494, 0x98989898, 0x98949498, 0x98989898, 0x94659498, 0x9898a698, 0x94949494, 0x98989898,
0x65656565, 0x98949798, 0x65656565, 0x94946565, 0x65656594, 0x98949465, 0x65949494, 0x98989465,
0x97979898, 0xa6989797, 0x98989898, 0x98979797, 0x98989898, 0x9798a698, 0x98989898, 0x98989898,
0x98989898, 0x98a69898, 0x97989898, 0x98989798, 0x98989898, 0x97979797, 0x98989494, 0x97979498,
0x97979798, 0x97989797, 0x97979798, 0x97979494, 0x9798a698, 0x97976565, 0x97a6a698, 0x94949465,
0x98989798, 0x65949765, 0x97979897, 0x94979794, 0x65659497, 0x97979465, 0x97979798, 0x97979497,
0x986a976a, 0x9b989898, 0x97976a6a, 0x97979797, 0x6a976a97, 0x65659897, 0x6a976565, 0x9797986a,
0x656a9465, 0x9797976a, 0x65979794, 0x97979765, 0x6a659798, 0x65979797, 0x656a9898, 0x65976a6a,
0x97979797, 0x97979797, 0x97979797, 0x97979797, 0x97989797, 0x9797976a, 0x97979797, 0x97979797,
0x97979797, 0x656a9797, 0x97976a65, 0x65979797, 0x65979765, 0x6a979797, 0x65979797, 0x6a979765,
0x979b9b97, 0x97979797, 0x97986565, 0x97979797, 0x97976597, 0x97979798, 0x6a979797, 0x979b9897,
0x65659797, 0x9797976a, 0x65979765, 0x9797976a, 0x97979765, 0x6a659797, 0x97656565, 0x65659797,
0x6a6a9797, 0x656a6a6a, 0x6a6a9b97, 0x64656a6a, 0x97976a97, 0x656a9797, 0x9b976a97, 0x6a6a979b,
0x97979797, 0x97979b97, 0x97979797, 0x6a979797, 0x6a979797, 0x976a9797, 0x97976a65, 0x6a6a9797,
0x6a656a6a, 0x6a6a976a, 0x6a6a6a65, 0x6a6a6a6a, 0x97976a6a, 0x6a6a6a6a, 0x6a9a6a6a, 0x6a976a6a,
0x9a9a9797, 0x6a6a6a65, 0x9765656a, 0x6a6a6a6a, 0x6464656a, 0x646a646a, 0x64646a65, 0x6a6a6464,
0x6a6a6997, 0x6a6a6a6a, 0x6a6a6a6a, 0x6a6a6a6a, 0x9a6a976a, 0x9a6a6a6a, 0x9a9a9a6a, 0x6a9a9a9a,
0x9a9b6a6a, 0x6a6a726a, 0x9a9a6a6a, 0x9a6a6a6a, 0x6a6a646a, 0x729a9a6a, 0x64646264, 0x729a726a,
0x726a6a6a, 0x6a6a6a72, 0x9b9a9b9a, 0x72726a6a, 0x9a9b9a9a, 0x6a727272, 0x9a72726a, 0x9b9b9a72,
0x6a726a6a, 0x9b727272, 0x72726a6a, 0x6a72726a, 0x9a9b9a72, 0x72726a72, 0x9a9a9a9a, 0x9b9b7272,
0x72726a6a, 0x9f9f6a6a, 0x7272726a, 0x74747272, 0x729b7272, 0x6a726a72, 0x729b729b, 0x72727272,
0x9b9b729b, 0x7272729b, 0x9b9b7272, 0x749f9f9f, 0x9b729b9b, 0x749b9b9b, 0x72729b9f, 0x9b727472,
0x9f9fa89f, 0x726a729f, 0x9f9f9f9f, 0x749f9f9f, 0x749f9b72, 0x749f9f9f, 0x729b7272, 0x72749f74,
0x729b7272, 0x686a6872, 0x72727274, 0x626a686a, 0x7472729b, 0x686a6a6a, 0x7272729b, 0x7274726a,
0x68686872, 0x68686868, 0x68727272, 0x68707268, 0x68687274, 0x67687272, 0x74746a6a, 0x68747474,
0x74746868, 0x70747474, 0x74727267, 0x70727474, 0x68676768, 0x68626868, 0x62687268, 0x62446862,
0x45687068, 0x70707045, 0x70706868, 0x74747068, 0x70747068, 0x74747470, 0x70727470, 0x70704568,
0x68686870, 0x45704568, 0x70706768, 0x47707045, 0x70747068, 0x44444545, 0x68706844, 0x70454545,
0x68707070, 0x45454545, 0x47687070, 0x47454745, 0x47687070, 0x43434745, 0x45477070, 0x45456845,
0x68476868, 0x45454545, 0x47684747, 0x45454443, 0x68474747, 0x45474745, 0x47704745, 0x43474745,
0x45454768, 0x45454745, 0x45454547, 0x45454745, 0x45474547, 0x43424345, 0x70707047, 0x3e434570,
0x45474545, 0x43454543, 0x43454547, 0x45434242, 0x43434547, 0x45434243, 0x43454543, 0x47434343,
0x45474768, 0x45454544, 0x47474747, 0x45454545, 0x70474544, 0x70707070, 0x70454542, 0x45707070,
0x47454544, 0x45457070, 0x70474745, 0x45707070, 0x43454747, 0x45454545, 0x45454570, 0x43434343,
0x70457045, 0x70704545, 0x70704545, 0x45707070, 0x70704545, 0x45457045, 0x45454545, 0x45457070,
0x45707047, 0x45454545, 0x70704545, 0x45454570, 0x70704545, 0x45454570, 0x45704545, 0x45454545,
0x45707070, 0x45454545, 0x45454570, 0x45454545, 0x45454545, 0x45454545, 0x45454545, 0x45454545,
0x45704545, 0x45704545, 0x45704570, 0x45454545, 0x45707045, 0x45454545, 0x45454545, 0x45454343,
0x67676745, 0x70707067, 0x67454545, 0x68676767, 0x45454445, 0x67454545, 0x45454545, 0x67674545,
0x45454545, 0x67674545, 0x45454545, 0x45454545, 0x45454545, 0x45454545, 0x45454545, 0x45454545,
0x72727272, 0x74727272, 0x70727070, 0x70706f70, 0x70707067, 0x70707070, 0x70706868, 0x67687070,
0x67676767, 0x67676767, 0x67676867, 0x67674567, 0x68687070, 0x68674545, 0x45456767, 0x67676745,
0x72727472, 0x9f9f7472, 0x72707070, 0x749f9f72, 0x70706867, 0x74747472, 0x70706767, 0x74727270,
0x67676745, 0x72726767, 0x67674567, 0x72706767, 0x67674545, 0x70707070, 0x68674545, 0x68676770,
0x9f9f9f9f, 0x729a9f72, 0x9b9b7474, 0x9a9f9b9f, 0x72727274, 0x729b729b, 0x72729f9f, 0x7272749b,
0x72727272, 0x72727474, 0x72727272, 0x72727272, 0x67727072, 0x72727272, 0x72676772, 0x72727172,
0x9a9a9f9f, 0x9a9e9f72, 0x9a9b9b9b, 0x9a9e9f9a, 0x9f9b9a9a, 0x9a729a9b, 0x9f9b7272, 0x9e72729b,
0x9f9b7272, 0x9f9e729a, 0x9b727272, 0x9e9a9a9b, 0x9b727272, 0x9a9a9a72, 0x72727272, 0x9a9f9a72,
0x7272729a, 0x9a9a9e9a, 0x729a9a9f, 0x9a729f9a, 0x9a9a9e9f, 0x9a72729a, 0x7272729e, 0x9e9a7272,
0x7272729a, 0x72727272, 0x72727272, 0x72727272, 0x72727272, 0x72727272, 0x72727272, 0x72727272,
0x9f9f9f9e, 0x9e9e9e9f, 0x9f9e9e9e, 0x9e9e9e9e, 0x9f9e9f9f, 0x9a9e9e9e, 0x9e9a9f9f, 0x729a9e9e,
0x9e9e9e72, 0x9e9e9e9e, 0x9a9e9e72, 0x9a9e9e9e, 0x9a9f9f9a, 0x9f9e9e72, 0x9a9a9f9e, 0x9f9f9f9f,
0x9e71729a, 0x9e9e9a9a, 0x9e729a9a, 0x9a9a9a9e, 0x9a729e9a, 0x71729a72, 0x72727272, 0x9a729a72,
0x71729a9a, 0x9a729e71, 0x9a9e9a72, 0x9a719e9a, 0x9e9f9a9a, 0x72719e9e, 0x9a72729a, 0x9a719a9e,
0x9e729a9a, 0xa2a3a3a3, 0x7372729a, 0xa3a2a39e, 0x73727272, 0xa2a2a273, 0x71727172, 0x9e9e9e73,
0x719a729a, 0x9e9e9e9e, 0x719e9e9e, 0x9e9e9e9e, 0x9e9f9e9a, 0x9e9e9e9e, 0x9f9e9e9a, 0xa39e719e,
0xa3a39e9e, 0xa2a2a2a3, 0xa3a3a2a2, 0x7373a2a2, 0xa3a3a29e, 0x9e9ea2a3, 0xa2a2a2a2, 0xa2a3a2a2,
0xa29ea3a2, 0xa3a29ea2, 0x9e9e9ea2, 0xa29e9e9e, 0x73739e9e, 0xa2737371, 0x9e9a729f, 0x9e737271,
0x739e9e73, 0xafafa273, 0xa2a27373, 0xafa3a2a2, 0xa3a2a29e, 0xafa3a2a2, 0xa2a2a3a2, 0xafa282a2,
0xa2a2a2a2, 0xa3a2a2a3, 0xa2a2a2a2, 0xa2a2a2a3, 0xa3a3a2a2, 0x827373a2, 0xa2a2a2a2, 0xa29e9e9e,
0xafafafaf, 0xafafafaf, 0xafafafaf, 0xafafafaf, 0xafafafaf, 0xafafafaf, 0xafafafaf, 0xafafa3af,
0xafafafaf, 0xa3a3a2a3, 0xafafafaf, 0xafafa3a3, 0xa3afafaf, 0xafafafaf, 0xa382a3a3, 0xafa3afaf,
0xa382afaf, 0x8282a3a3, 0xa3afafaf, 0x8282afaf, 0x82a3afaf, 0x8282a382, 0x8282a3af, 0x8282a3a3,
0xaf8282a3, 0xafa3afaf, 0xafafafaf, 0xafafafaf, 0xafafafaf, 0xafafafaf, 0xa3afafaf, 0xafafafaf,
0x8273a382, 0x82a2a2a2, 0x8273a382, 0x82a282a2, 0x8282a3a2, 0xa2a2afa2, 0x8282a3a3, 0xa2afa282,
0x8282a2a3, 0xa3afa282, 0xa3a3a2a3, 0xa3a3a2a2, 0xa2a3afaf, 0xa2a3a3a2, 0xa2a3a2af, 0x82a3a3a3,
0x82828282, 0x8282afa2, 0x82828282, 0x8282a382, 0x7382a2a2, 0x82828282, 0x828282a2, 0xa2828282,
0xa282a2a2, 0xafa282a2, 0xa2a2a2a3, 0xa2827373, 0x82a2a2a2, 0x82827373, 0xa2a2a282, 0x8282a2a2,
0xa2a2a2a2, 0x82afa382, 0xa2a282a2, 0x82828282, 0xa2a3a282, 0x82828282, 0xa2a2a3a3, 0x82828282,
0xa2a2a3a3, 0x82828282, 0x828282a2, 0x82828282, 0xa2828282, 0x82a282a2, 0x828282a2, 0x82aea2a3,
0x82828282, 0x82828282, 0x82828282, 0x82aeae82, 0x8282a282, 0x82ae8482, 0x82828282, 0x84828282,
0x818282a2, 0x84828281, 0x818182a2, 0x82828282, 0x82818182, 0x84aeaeae, 0x82828282, 0xae848484,
0x82828282, 0x84848482, 0x81818282, 0x84848181, 0x81818282, 0x84828281, 0x82828282, 0x84818482,
0x82828284, 0x84848484, 0x82828282, 0xae848482, 0x82828282, 0x8484ae84, 0x82828282, 0x84848282,
0x84afae84, 0x84848484, 0x84b18484, 0x84848484, 0x8484ae84, 0x84848484, 0x84848484, 0x84848484,
0xaf848484, 0x8484aeaf, 0xae848484, 0x848484af, 0x84848484, 0x84b1b1af, 0x84848484, 0xafb1b184,
0x84848484, 0x84848484, 0x84848484, 0x84848484, 0xae848484, 0xb1848484, 0x84848484, 0x84848484,
0x84848184, 0x84848484, 0x84848184, 0xb1848484, 0x84848181, 0xb1b18484, 0xae848184, 0x87b18484,
0x84848484, 0x87848484, 0x84848484, 0x84848784, 0x84848484, 0x84848484, 0x84848484, 0x81848484,
0x84848484, 0x84848484, 0x8484b184, 0x84848484, 0x8484b0b0, 0x84848484, 0x8484b184, 0x84848484,
0x84848484, 0x84848487, 0x84848484, 0x84848484, 0x84848484, 0x84b18487, 0x91848482, 0x84b18b87,
0xb1848484, 0x84b1b184, 0xb1878484, 0x84b1b184, 0xb1878487, 0x84849184, 0x84848484, 0x8484b187,
0x84ae8484, 0x8484aeae, 0x84af84ae, 0x8484aeae, 0x84ae8484, 0x8484af84, 0x848484ae, 0x84aeafae,
0x848484af, 0x84ae8484, 0x84848484, 0x848484ae, 0x84ae8484, 0xb1b184af, 0x84ae8487, 0x84ae8484,
0x84828484, 0x84848481, 0x84828484, 0x84848484, 0x82818484, 0x84818481, 0x84848484, 0x817d8184,
0x848484ae, 0x847d8182, 0x8484afb1, 0x84818182, 0x8484b1b1, 0x84848184, 0x8484aeb1, 0xae847d81,
0xae848484, 0x83848484, 0x84848484, 0x81838184, 0x84848484, 0x81818184, 0xae848484, 0x81838484,
0x84848484, 0x84848484, 0x84848484, 0x8484ae84, 0x84818484, 0x848484ae, 0x848484af, 0x8484ae84,
0x8484ae84, 0xb1848484, 0xb084ae83, 0xb184848b, 0xb0848484, 0xb08384b1, 0x84ae8484, 0x84848b8b,
0x84aeb0ae, 0x8484b1b0, 0x84aeaeae, 0x8484b08b, 0x848384ae, 0x84b0b0b1, 0x848184b0, 0xb1b1b1b0,
0x848181ae, 0xb1b08b84, 0x838484b1, 0xb1b08b8b, 0x838484b1, 0xb1b08b8b, 0x8384b0b1, 0xb1b08b8b,
0x8384b0b1, 0xb0b08b8b, 0x84b0b084, 0xb1b1b08b, 0xb0b08b84, 0xb1b1b1b1, 0xb1b08bb0, 0xb1b1b1b0,
0x8b8bb0b1, 0xb0b08383, 0x84b0b0b1, 0x838b8b83, 0x84b08bb1, 0x8b8b8b83, 0xb0b08bb0, 0x8b8b8384,
0xb0b0b0b0, 0xb08b8383, 0xb0b0b0b1, 0xb0b0838b, 0xb0b0b0b1, 0xb0b0848b, 0x8b8bb0b0, 0xb1b08b84,
0xb0b0b0b0, 0x8b8bb0b0, 0x8bb0b08b, 0x838bb0b0, 0x8ab0b08b, 0x8ab0b0b0, 0x8bb0b08b, 0xb0b0b0b0,
0xb0b0b08b, 0x8bb0b0b0, 0xb0b08b83, 0x8ab0b0b0, 0xb0b0b08b, 0xb0b08b8b, 0xb0b1b0b0, 0xb0b0b0b0,
0x786d6b78, 0x6b787878, 0x6b636b6d, 0x6b78786b, 0x6b6b6b6b, 0x6b6b6b63, 0x6b6b6b6d, 0x6b636363,
0x6d63636d, 0x6b63636b, 0x6b636b6e, 0x786b636b, 0x6d6d6b6d, 0x6b63636b, 0x6b776d6b, 0x6b6b6b6b,
0x6b6b7878, 0x4848486b, 0x6b6e786b, 0x4848486b, 0x6e786b6b, 0x4848486b, 0x78756b48, 0x48486b6e,
0x756b4748, 0x4646486b, 0x6b6b486b, 0x48486b6b, 0x6b486b6b, 0x4848486b, 0x6b486b48, 0x48484848,
0x46464848, 0x40404046, 0x48484848, 0x48404848, 0x48484647, 0x48404848, 0x48464046, 0x48464848,
0x46484848, 0x40464648, 0x46484848, 0x40464040, 0x48484848, 0x40404046, 0x48484848, 0x40404046,
0x40464848, 0x2c1d1d40, 0x2c404848, 0x401d2c40, 0x2c1d4648, 0x402d2c2c, 0x2c1d4048, 0x402d1d2c,
0x402c4040, 0x402c1d2d, 0x402c4040, 0x2c1d1d40, 0x40404040, 0x1d1d1d2d, 0x40404046, 0x1d1d2c40,
0x2c2c2d2c, 0x1b1d2c40, 0x2c1d4040, 0x2c1d1d2c, 0x1d2c4640, 0x1d2c1d1d, 0x2c2c4640, 0x1d1d2c2c,
0x2c2c2c40, 0x2c2c1d2c, 0x1d2c2c2c, 0x1d2c1b1d, 0x2c402d2c, 0x1d1d1d2c, 0x2c402d2c, 0x1d2c1d2c,
0x1d1b1b1b, 0x402c2d1b, 0x1b1d1d2c, 0x4640401d, 0x2d2c1d2c, 0x4640402d, 0x2c1d2c2d, 0x46404040,
0x1d2c1d1d, 0x4040402d, 0x2c2c1b1b, 0x4040402d, 0x2d2d1b1b, 0x2d40402d, 0x2d2c1d1d, 0x2d2d2d2d,
0x40464640, 0x2c2c4040, 0x40464646, 0x2d404040, 0x2d404646, 0x2d2d2d1d, 0x2c404046, 0x1d1d1d1b,
0x2c404040, 0x1b1d1d1d, 0x1d2d2d2d, 0x1b1d2d2d, 0x1d2d2d2c, 0x1d1d2c2c, 0x1d1d2d2c, 0x1d1d1d1d,
0x1d1d2c2c, 0x1d1d0f1b, 0x1d1d1d1d, 0x1d1d0f1d, 0x1d1d1d1d, 0x2d1d1d1d, 0x1d1d1d1b, 0x2d1d1d1d,
0x1d1d1d1b, 0x1d1d1d1d, 0x1d2d2d1b, 0x1d1d2d1d, 0x1d2d2c1d, 0x1d0f2d2f, 0x1d1d1d1d, 0x1d2d2d2d,
0x1d0f1d1d, 0x1c1c1d2d, 0x2d1d1d1d, 0x2d1c1d2d, 0x1d0f0d2d, 0x2d0d1d1d, 0x0d0d1d2d, 0x2d1c1d1d,
0x0d0f2d1d, 0x1d1d1d0d, 0x1c2d2d2d, 0x1c1c1c1c, 0x2f2d1d2d, 0x0d1c1d2d, 0x2d1d1d2d, 0x2d2d1d2d,
0x2d1c0d1d, 0x2f1d1c1d, 0x2f1c1c1d, 0x2d2d2d2f, 0x2d2d2d2d, 0x0d2d2d2d, 0x2d2f2d1d, 0x1c2d2d1c,
0x2f2d2d2d, 0x1c2d2d2d, 0x2f2d2d2d, 0x1c1c1c2f, 0x2d2d2d0f, 0x2f2d2d2d, 0x1c0d1c1d, 0x1e1c1c1c,
0x2d1d2d2d, 0x2d2f2f2d, 0x2f2d1d1c, 0x1d2d2f46, 0x2d2d1c0d, 0x2d2d2d2d, 0x1c2d2d1c, 0x2d2d2d2d,
0x1c1c2f1c, 0x2d2d2d2d, 0x1d1c2d2d, 0x2d0d0d1c, 0x2d2d2f2f, 0x2d0d072d, 0x0d1c1c1c, 0x1c0d0d1c,
0x1d2d2f1d, 0x1c0d1c1d, 0x2d2d2f2d, 0x1c1c0d1d, 0x1d2d2d2f, 0x1d1d1d2d, 0x2d2f2d2d, 0x2d2d2d2d,
0x2d2d1d2d, 0x2d2d1d1d, 0x1d1d1d1d, 0x2d1b0d1b, 0x2d2d2d2d, 0x2d1b1b2d, 0x2d1d2d2d, 0x1b1b2d2d,
0x0d0d0d0d, 0x1b1c0d1b, 0x0d1d1c0d, 0x1b2d0d0d, 0x1c2d2d0d, 0x1b1d0d0d, 0x1c1c0d0d, 0x1b1b1b1b,
0x2b1b0d0d, 0x2a1b2a2d, 0x413c2a1b, 0x412d3c47, 0x41413c2d, 0x5e415d5e, 0x5e5e5d3c, 0x655e5e5e,
0x65412a1b, 0x655e9866, 0x3d3b2a1b, 0x605e6566, 0x5e415d1b, 0x605e5e66, 0x5e5d412d, 0x60656565,
0x3b3d3d2a, 0x6066665d, 0x3d3d5d3c, 0x5e959865, 0x6665653d, 0x6595986c, 0x9866655e, 0x65959898,
0x60606065, 0x98956560, 0x60606059, 0x94605f60, 0x6565605d, 0x98946565, 0x65656665, 0x95989865,
0x65656565, 0x98956565, 0x65956565, 0x95656560, 0x65956666, 0x65656565, 0x95986065, 0x65659495,
0xa6989898, 0x9898a6a6, 0x98986560, 0x98989894, 0x94956595, 0x94989865, 0x65949898, 0x98989898,
0x949598a6, 0x65659494, 0x9898a6a6, 0x65656594, 0x9898a698, 0x65946594, 0x94989894, 0x94656594,
0x94989898, 0x98986565, 0x98989898, 0x98986565, 0x94989898, 0x98946594, 0x989898a6, 0x94949498,
0x98989898, 0x94949498, 0x98989894, 0x94949898, 0x98989894, 0x94949898, 0x94949494, 0x94989898,
0x98946594, 0x97979898, 0x97656594, 0x97979898, 0x98946594, 0x97989797, 0x94949494, 0x97979794,
0x94949494, 0x97979494, 0x65656594, 0x65949494, 0x65605f65, 0x65659465, 0x65656094, 0x65656565,
0x94979494, 0x94659765, 0x65949494, 0x94656597, 0x65946594, 0x65949465, 0x94949797, 0x65949465,
0x94659498, 0x65949794, 0x94979897, 0x65949794, 0x65949465, 0x94949765, 0x94949465, 0x94659465,
0x6a989898, 0x97979765, 0x6a979797, 0x9797976a, 0x97979765, 0x656a6a6a, 0x97989765, 0x97979797,
0x97989765, 0x97979797, 0x97976565, 0x65656a6a, 0x655f6494, 0x64659798, 0x64659494, 0x65659765,
0x97979797, 0x976a9797, 0x97976a65, 0x976a9797, 0x97979765, 0x976a9797, 0x65656a65, 0x65979797,
0x6464656a, 0x6a97976a, 0x6464646a, 0x97976a65, 0x65656565, 0x976a6465, 0x65656a65, 0x656a976a,
0x656a6a97, 0x6597976a, 0x65976a97, 0x6a976a65, 0x656a9797, 0x6a976a6a, 0x97979797, 0x6a656597,
0x97976597, 0x6a656597, 0x656a6597, 0x65656a97, 0x65976a97, 0x65656597, 0x6a659797, 0x65656497,
0x976a6465, 0x6a6a976a, 0x65656565, 0x6a6a6a6a, 0x65656565, 0x6a6a6565, 0x656a6565, 0x6a656264,
0x656a6565, 0x65646465, 0x64656565, 0x65646465, 0x65656565, 0x64646464, 0x6565656a, 0x64646465,
0x6a6a6a6a, 0x6a6a6a6a, 0x6a6a6a6a, 0x656a6a6a, 0x6a6a6a64, 0x6a6a9a6a, 0x9765646a, 0x6a6a6a6a,
0x6a6a976a, 0x6a6a6a6a, 0x6a976a65, 0x6a6a6a6a, 0x976a6a64, 0x6a6a9b9a, 0x6a6a6a64, 0x6a6a6a6a,
0x6a64646a, 0x9a6a6a6a, 0x646a6565, 0x6a6a726a, 0x6a6a6565, 0x6a6a6a6a, 0x6a6a6a64, 0x6a6a6a64,
0x646a6a6a, 0x69646264, 0x64646a6a, 0x64646464, 0x6a6a6a6a, 0x64646462, 0x646a6a6a, 0x64626264,
0x9a9a729a, 0x72729a9b, 0x6a6a9a9a, 0x7272726a, 0x6a9a726a, 0x6a6a6a6a, 0x6a726a6a, 0x6a6a6a6a,
0x726a6a6a, 0x72726a6a, 0x6a6a6a6a, 0x6a6a6a6a, 0x726a6a69, 0x6a676a6a, 0x726a6964, 0x726a6a72,
0x9b727272, 0x7272729f, 0x9f749b6a, 0x9b72729b, 0x9b9b9b72, 0x6a727272, 0x9b726a6a, 0x6a72729b,
0x726a676a, 0x6a6a7472, 0x6a676a6a, 0x686a7272, 0x72726a6a, 0x6a6a6a6a, 0x6a726a72, 0x67676267,
0x74747272, 0x7267686a, 0x9b727274, 0x6a6a7274, 0x6a727272, 0x7272726a, 0x72727272, 0x74726a6a,
0x726a6a6a, 0x7267686a, 0x68676a68, 0x68686867, 0x67676a6a, 0x62686262, 0x62626762, 0x72684467,
0x72727272, 0x443f4468, 0x68687268, 0x44447068, 0x70677274, 0x44687072, 0x68686872, 0x3e627268,
0x68676772, 0x3f626862, 0x62686868, 0x5d444444, 0x68686862, 0x44444444, 0x62676872, 0x443e4444,
0x44443e3e, 0x47444542, 0x44444344, 0x45454544, 0x3e444344, 0x45433e2d, 0x43444444, 0x2b2b2b2b,
0x4542422d, 0x1c2d1c3e, 0x2d2b2b2b, 0x2d2d4244, 0x1b1b2b3e, 0x1c1c1c1c, 0x3e423e5d, 0x0e0e0e1c,
0x47707070, 0x43454442, 0x47454547, 0x47454545, 0x44474543, 0x45434445, 0x43423e2d, 0x45434343,
0x2d2b1c1c, 0x4343433e, 0x1c1c1c3e, 0x43433e1c, 0x2b2d3e3e, 0x2d2d2b1c, 0x43432d1b, 0x1b2d3e2d,
0x43454543, 0x70454343, 0x43454545, 0x47454343, 0x45434245, 0x45454545, 0x45704543, 0x45477045,
0x70704543, 0x45707070, 0x70454545, 0x45454545, 0x43434545, 0x43434543, 0x7045432d, 0x43434545,
0x45434345, 0x43434545, 0x43434345, 0x43434370, 0x43434343, 0x70457070, 0x43434343, 0x45457070,
0x43434345, 0x70434545, 0x43434343, 0x70434343, 0x43434343, 0x43434343, 0x43434343, 0x43434343,
0x45454543, 0x45454343, 0x45454543, 0x43434543, 0x45707045, 0x43434543, 0x43454545, 0x43454543,
0x43434343, 0x45434343, 0x43434343, 0x43424243, 0x43434342, 0x43434343, 0x43434242, 0x43434343,
0x45434345, 0x45434245, 0x45454345, 0x42434243, 0x42424343, 0x42424242, 0x43454543, 0x42424342,
0x43434545, 0x42424243, 0x43424343, 0x43424343, 0x43424342, 0x43424343, 0x42424342, 0x42434242,
0x45424245, 0x45454545, 0x45434242, 0x45454545, 0x43454542, 0x45454545, 0x43454343, 0x45454543,
0x45454345, 0x45454342, 0x43434345, 0x45454543, 0x43424243, 0x43454542, 0x43454342, 0x45454243,
0x45454545, 0x45686845, 0x45454545, 0x45454545, 0x45454545, 0x45454545, 0x45454545, 0x45454545,
0x45454545, 0x45454545, 0x42424345, 0x45454545, 0x42424242, 0x45454543, 0x45434243, 0x45434545,
0x67674545, 0x67444567, 0x67674545, 0x44444445, 0x45454568, 0x44444445, 0x45454545, 0x44444545,
0x45454545, 0x45444445, 0x45454545, 0x45454542, 0x42454245, 0x67454545, 0x45454343, 0x45704545,
0x68676767, 0x72726767, 0x67676767, 0x72746867, 0x67676767, 0x72726867, 0x68676745, 0x72676767,
0x72686745, 0x69676767, 0x72674567, 0x67677272, 0x67676768, 0x67727270, 0x67676745, 0x71726767,
0x72727272, 0x729f7272, 0x72727272, 0x729a7272, 0x72727272, 0x72727272, 0x72727272, 0x72729b9b,
0x72727272, 0x72727272, 0x72727171, 0x72727272, 0x72727269, 0x72727272, 0x72727271, 0x72727272,
0x72727272, 0x72717272, 0x72727272, 0x72727272, 0x72729a72, 0x72729a9a, 0x729b9a9a, 0x729b9b9b,
0x729b9b9b, 0x72729b9b, 0x729b9a9a, 0x72729f9f, 0x72727272, 0x72727272, 0x72727272, 0x72727272,
0x7272729a, 0x9e9a9f9a, 0x9f9f9a72, 0x9f9f9f9f, 0x9f9f9f72, 0x9f9f9f9f, 0x9f9f9e72, 0x9f9f9f9f,
0x9f9f9f72, 0x729f9f9f, 0x9f9f9f9b, 0x729f9f9f, 0x72729f72, 0x69719a9f, 0x72727272, 0x72696972,
0x719e9f9f, 0x9e9e9e72, 0x729f9f9f, 0x9e9f9f9f, 0x9a9f9f9f, 0x9a9e9f9f, 0x9e9f9f9f, 0x9a9f9f9f,
0x9a9f9a72, 0x9a9e9f9e, 0x729a7269, 0x9a9f9f9f, 0x72726969, 0x9b9a9f9a, 0x72727272, 0x9a729f9e,
0x9e9e7272, 0x9e9e9e9e, 0x9f9f9a72, 0x9e9e9e9f, 0x9e9f9e9a, 0x9f9f9f9f, 0x9a9f9a9a, 0x729f9f9a,
0x729b9f9a, 0x9b9f9f72, 0x729f9f9f, 0x9b9f7272, 0x729a9b9f, 0x9b9b6972, 0x72727272, 0x9f72696a,
0x6972729f, 0x72727169, 0x9a9a9f9f, 0x71716969, 0x9a9b9b9f, 0x71696972, 0x9a9a7272, 0x72717272,
0x9a9a9b72, 0x72726969, 0x9a9b9b72, 0x7269696a, 0x72727272, 0x9a726a72, 0x9b72729b, 0x9a729b9b,
0x9e9e9e9e, 0x9ea2739e, 0x9e737373, 0x7373739e, 0x729e9e9e, 0x9e9e9e9e, 0x71729a72, 0x71739e73,
0x72719a72, 0x71727171, 0x72719a9b, 0x73717172, 0x69729a9a, 0x9e717171, 0x69727272, 0x9e726969,
0xafa3a273, 0xafafafaf, 0xafafa3a2, 0xa3afafa3, 0xafafa2a2, 0xa3afafaf, 0xa3a3a373, 0xa3afafaf,
0xa3827371, 0x82afafaf, 0xa3a27373, 0xa3afafa3, 0x73737173, 0xafafafa2, 0x73737173, 0xafafa373,
0xafafafaf, 0xafafafaf, 0xafafafaf, 0xafafafaf, 0xafafafaf, 0xafafafaf, 0xafafafaf, 0xafafafaf,
0xafafa3a3, 0xafafafaf, 0xafa3afaf, 0xa3afafaf, 0xaf82a3a3, 0xa382a3af, 0xafa38282, 0xafafafaf,
0xa3a282a3, 0xa2a2a2a2, 0xa2a3afaf, 0xa2a2a2a3, 0x82a3afaf, 0x8282a2a3, 0xa2a3afaf, 0x7382a2a3,
0xa3a2a3af, 0x82a2a3af, 0xa3a2a2af, 0xa2a2a3a3, 0xa2afa3a2, 0xa2a2a2a3, 0xa3a3a3af, 0x828282a2,
0xafa3a3a2, 0x828282a3, 0xa3a3afa3, 0xa2a2a2a3, 0xafa3afa2, 0xa2a2a2a3, 0xa3afa282, 0xa2a3a3a2,
0xafaf8282, 0x82a3afa3, 0xa2afa282, 0x82a2a3a2, 0xa28282a2, 0xa3a3afaf, 0xa3a2a282, 0x82a3a3a3,
0xafa2a2a2, 0xafa2a2af, 0x82a3a2a2, 0x82828282, 0x82a2a282, 0x82828282, 0xa3a28282, 0xa28282a2,
0xa2a28282, 0xa2828282, 0xa2a2a282, 0xa2828282, 0x8282a2a3, 0xa28282a3, 0x82738282, 0x82aea2a2,
0x828282a2, 0xaeaeae82, 0x82ae8282, 0x84848482, 0xa2828282, 0xaeaeaeae, 0xae828282, 0x82aeaeae,
0x8482ae82, 0x82afaeae, 0x84828282, 0x8282aeae, 0xae828282, 0x84aeae82, 0x82828282, 0xaeaeae82,
0x82828284, 0x84848282, 0x82828284, 0x8484ae82, 0x82828484, 0x8484ae84, 0x82828282, 0x8484ae84,
0x82848284, 0x84848482, 0x82848282, 0x84828484, 0x848482ae, 0x84848484, 0x84848484, 0x84aeae84,
0x84848484, 0x848484af, 0x84afae84, 0x84ae8484, 0x84afae84, 0x84848484, 0xaf848484, 0x84aeaf84,
0x84848484, 0x84848484, 0xaf848484, 0xb1af8484, 0xafaf8484, 0xaf848484, 0x84848484, 0xaeae8484,
0x84848184, 0x84848484, 0x84848484, 0x84848484, 0x84848484, 0x84b18484, 0xb1848484, 0x8484b1b1,
0xb18784af, 0xafb1b184, 0xb1b1b1b1, 0x84b18484, 0xae84b1b1, 0x84af8484, 0xaeaeafae, 0x84848484,
0x84848484, 0x84848484, 0x84848484, 0x84848484, 0xb1848484, 0x8484afaf, 0x848484b1, 0xb1b18484,
0x84848484, 0xb1b1ae84, 0x84848484, 0xb1afae84, 0xae84ae84, 0xafafafaf, 0xb1b1b1af, 0xb1afafaf,
0xb1918481, 0x84848484, 0xb1b18484, 0x84848487, 0xb1b18784, 0x84848487, 0x87af84af, 0x84848484,
0xafaf8484, 0x84848484, 0xafaf8484, 0x84848284, 0x84afaf84, 0x84848284, 0x848487b1, 0x84828484,
0xafb1af84, 0xb1afae84, 0xafb1b184, 0x84848484, 0xaeb1af84, 0x84848484, 0xb1b1afaf, 0xb184ae84,
0x84afae84, 0xb1b1b184, 0x84afae84, 0xb1b1b1b1, 0x84afae84, 0x848484af, 0x84afb184, 0xb1b18484,
0x8484aeae, 0x84848181, 0x84848484, 0x84848483, 0xb1ae84ae, 0xaf848484, 0xb1b1b1b1, 0xb1b1b1b1,
0x84b1b1b1, 0xafb1af84, 0x84afb1b1, 0x8484ae84, 0xaeafb1b1, 0xafafb184, 0xafafb1b1, 0xb1b1b1b1,
0x838184af, 0x84aeb184, 0x83818484, 0x84b18484, 0x848484af, 0xb1b1afb1, 0x8484afaf, 0xb1b1b1b1,
0x84b1b1b1, 0xb1b1b1af, 0xaeafb1af, 0xb1b1b1b1, 0xafafb1b1, 0xb1b1b1b1, 0xae84aeb1, 0xb1b1b1b1,
0x8484aeae, 0x84b08b84, 0x8181b1b0, 0xb0b08483, 0x84aeb0b1, 0x8bb08484, 0xaeb1b1b1, 0xb0b18b84,
0xb0b1b1b1, 0xb1b18b84, 0xb0b1b0b0, 0xb1b18484, 0x848bb0b1, 0xb1b1b084, 0x848bb084, 0xb1b1b1b0,
0xb0b08b8b, 0xb1b1b08b, 0xb0b18484, 0xb1b0b0b1, 0xb0b08484, 0xb1b0b1b0, 0x8bb0b0b0, 0xb1b0b08b,
0xaeb0b1b1, 0xb1b0b084, 0x84b1b1b1, 0xb1b08483, 0x84b0b1b1, 0xb1b08383, 0xaeb0b1b1, 0xb0818184,
0xb0b0b0b0, 0xb0b0848b, 0xb1b1b0b0, 0xb08b84b1, 0xb0b0b0b1, 0xb08b8bb0, 0xb0b0b0b1, 0xb08b83b0,
0x8483b0b1, 0xb08b84b0, 0x84b0b0b1, 0x8b8b83b0, 0x83b0b0b1, 0x8b8b8b84, 0x8384b0b1, 0xb0b08b83,
0xb08b8bb0, 0xb0b0b0b0, 0xb08bb0b0, 0xb0b0b0b0, 0xb0b0b0b0, 0xb0b08b8b, 0xb0b0b0b0, 0xb0b083b0,
0xb0b0b0b0, 0xb08383ae, 0xb0b0b08b, 0xb0838383, 0xb0b0b083, 0x8a83aeae, 0xb0b08b84, 0x8a8383b0,
0x637878a1, 0x6b6b4763, 0x6b6d789d, 0x6b6b6b63, 0x786d6b6d, 0x6b6e7878, 0x6b6b6b6e, 0x6b6b6b6b,
0x6363636d, 0x6b6b6b63, 0x6b636b78, 0x6b6b6b6b, 0x6d6b6b78, 0x6b6b6b6b, 0x786d6b6d, 0x6b6b7878,
0x6b484848, 0x4848486e, 0x4848486b, 0x46486e6e, 0x6b48486b, 0x48486b6b, 0x48486e6e, 0x48484647,
0x48486b6b, 0x48484848, 0x4040476b, 0x48484848, 0x48474848, 0x48484848, 0x6b48486b, 0x48484848,
0x40484848, 0x46404040, 0x46404040, 0x40484640, 0x40464046, 0x2c464640, 0x46484046, 0x2c1d4040,
0x48484040, 0x402c1d40, 0x48484640, 0x40401d40, 0x48484848, 0x402c1d46, 0x48484040, 0x2d1d4046,
0x40404040, 0x2c1d1d40, 0x40484640, 0x2d1d1d1d, 0x46484640, 0x402c1d2c, 0x40484040, 0x2c1d1d2c,
0x4046402d, 0x1d1b1d2d, 0x4640402d, 0x1d0f1d2d, 0x40404040, 0x1d1b1d1d, 0x2c40402c, 0x1d1d1d1d,
0x40404040, 0x1d2c2c2c, 0x2c2d4040, 0x1d2c2c2c, 0x2d404040, 0x2c1d1d2c, 0x2c2d4040, 0x2d1d2c2c,
0x40404040, 0x40404040, 0x402c2c2c, 0x46464640, 0x402c2c2c, 0x46464640, 0x402d2c2c, 0x40404040,
0x2d2c2c2c, 0x1d1d1d2d, 0x402d2c2c, 0x2c1d2c2d, 0x2d2d2d2c, 0x1d1d2d2d, 0x2d2d2d40, 0x1d1b2c2d,
0x40404640, 0x1d1d1d2c, 0x2d404640, 0x1d1d1d1d, 0x2c2d4646, 0x1d1d1d1d, 0x1d2d4040, 0x0f0f0f1d,
0x1d1d1d1d, 0x1d1d1d1d, 0x1d1d1d2c, 0x0f0f0f0f, 0x1d2d1d1d, 0x0f1d1d0f, 0x0f1d1d1d, 0x0f1d1d1d,
0x0f1d1d0f, 0x0d0f1d0f, 0x1d1d1d1d, 0x0f1d1d0f, 0x0f0f1d0f, 0x1d0f0f0f, 0x0f0f0f0f, 0x0f0f0f0f,
0x1d0f1d1d, 0x2d461d0f, 0x0d0f2d2d, 0x1d1d1d0f, 0x0d0f0f0f, 0x0d1c1d0f, 0x1d0d0f1d, 0x1c0d0f2d,
0x0f0d2d1d, 0x1c1c2d1d, 0x1c1c0f0d, 0x071c1c1c, 0x0f0f1d0f, 0x1c1c1c2d, 0x1d0f0f0f, 0x1c1c1c1c,
0x2d2d1c2d, 0x1d2f2d2d, 0x2d2d1d2d, 0x2d1c1c2d, 0x2d2d1c0f, 0x0d0d0d1c, 0x1c0d0d1c, 0x071c1c1c,
0x0d060d1c, 0x1c2d1c0d, 0x1c0d0d1c, 0x1d1c1c0d, 0x1c1c0d07, 0x1c1c1c07, 0x06061c1c, 0x1c06060d,
0x1c1d1d0d, 0x2f1c1c1c, 0x1c2d1c0d, 0x2f2d1c0d, 0x060d1d1c, 0x1c060606, 0x1c1c2d1c, 0x1c06061c,
0x2d2d2d2d, 0x2d2f2d2d, 0x2d1c1c2d, 0x1c2f2d1c, 0x1c1c061c, 0x1e2f1c0d, 0x060d0d1c, 0x1e1e1c06,
0x0d0d1c1e, 0x0d1c2d2d, 0x2f2d1e2d, 0x1c1d2d2f, 0x1e1e2d1c, 0x0d0d1c1e, 0x1c06060d, 0x1d2d1c1c,
0x0d061c1e, 0x2d1c0606, 0x1c0d061c, 0x06060d1c, 0x2f1c0d2d, 0x1c1c1c2d, 0x1c0d0e1c, 0x2f1c1c1c,
0x1d1b0d0d, 0x2a1b1b2d, 0x1b0d0d0d, 0x2a1b2d2d, 0x1b0d1c0d, 0x3c2a2a1b, 0x2b2d1b1b, 0x3c2a2a1b,
0x2a402d1c, 0x3c3d3c2d, 0x41412b1b, 0x41414141, 0x413c2b0d, 0x65656541, 0x2d2b1b1c, 0x5d656541,
0x5e5d3d3c, 0x655e655e, 0x5d5d3d3c, 0x605e655e, 0x5e415d3c, 0x5e5d5d5d, 0x5d3d3d3c, 0x655e593d,
0x5d3d3c3b, 0x6660593d, 0x5d3d3c3c, 0x665e5e5e, 0x655d3c3d, 0x665e5e5e, 0x66655d41, 0x66606565,
0x9898655e, 0x65989898, 0x98986665, 0x65669598, 0x98989865, 0x65659898, 0x98989866, 0x65669898,
0x98989565, 0x65989898, 0x95986665, 0x65669898, 0x95989598, 0x65659598, 0x98986598, 0x65659895,
0x98956565, 0x65656598, 0x98986565, 0x65656595, 0x98989565, 0x94656595, 0x98959560, 0x65659498,
0x9465605f, 0x60949565, 0x65605f5f, 0x65989565, 0x65605f60, 0x94989895, 0x605f5f60, 0x94989895,
0x94986565, 0x98656565, 0x65656565, 0x94659494, 0x60659565, 0x65989894, 0x5f659494, 0x94949865,
0x60609465, 0x98949465, 0x60656560, 0x94946565, 0x65656065, 0x65949498, 0x65606094, 0x98989494,
0x98989498, 0x98989898, 0x94949494, 0x98989894, 0x65659465, 0x94656560, 0x94989465, 0x97659494,
0x98989494, 0x94949898, 0x98989898, 0x94979898, 0x94989898, 0x98989794, 0x94949898, 0x98986560,
0x60656598, 0x65656565, 0x60606598, 0x65656560, 0x65659498, 0x65656560, 0x65659897, 0x65656565,
0x94989497, 0x60606565, 0x94946565, 0x65606565, 0x94946594, 0x65656594, 0x94656594, 0x65656594,
0x65656565, 0x65656565, 0x65656565, 0x5f659465, 0x60656065, 0x65659765, 0x6565655f, 0x65656465,
0x65656060, 0x64656465, 0x65656465, 0x5f5f5f65, 0x65656565, 0x645f6465, 0x64656565, 0x655f5f5f,
0x94949765, 0x65979765, 0x6565655f, 0x976a6565, 0x64656464, 0x97656564, 0x6565645f, 0x65656465,
0x655f5f5f, 0x65656594, 0x645f5f5f, 0x65656565, 0x5f5f5f5f, 0x656a6565, 0x5f5f5f65, 0x65655f5f,
0x64646465, 0x65979765, 0x6464646a, 0x976a6564, 0x64646465, 0x64646565, 0x64646565, 0x64659765,
0x65656565, 0x6a6a9765, 0x65656a65, 0x6a656564, 0x65656564, 0x64646464, 0x64656465, 0x64646565,
0x65979765, 0x6a656a97, 0x656a6465, 0x65656a65, 0x65646464, 0x64646465, 0x65656564, 0x64656465,
0x6597656a, 0x6465656a, 0x6a979797, 0x64656597, 0x97976a97, 0x65659797, 0x65646565, 0x65979797,
0x65656597, 0x64646564, 0x6a656565, 0x65656465, 0x65656564, 0x64656565, 0x65656465, 0x646a6a65,
0x64646464, 0x656a6465, 0x5d5d6465, 0x646a6564, 0x5d646565, 0x65655d5d, 0x64646565, 0x64625c62,
0x6a6a6a65, 0x646a6a6a, 0x6a6a6464, 0x646a6a6a, 0x64646464, 0x646a6464, 0x64646464, 0x64646464,
0x64646464, 0x64646464, 0x64646264, 0x64646464, 0x64646565, 0x64646464, 0x646a6a6a, 0x62646462,
0x6a64646a, 0x62626464, 0x62646262, 0x646a6a64, 0x6464626a, 0x64646262, 0x646a646a, 0x64626464,
0x62646264, 0x64646462, 0x62646262, 0x64626262, 0x62646464, 0x64626464, 0x64626264, 0x69646464,
0x6a696964, 0x6a6a6a6a, 0x6a696264, 0x6a6a6a67, 0x6a696964, 0x6a676a67, 0x62696264, 0x67676769,
0x69696469, 0x62676262, 0x69626269, 0x62626262, 0x6a696969, 0x67626269, 0x6a6a6a69, 0x6262696a,
0x6a6a6a6a, 0x68676867, 0x6a6a6a6a, 0x6767676a, 0x6a6a6767, 0x6a62676a, 0x6a676267, 0x6767676a,
0x62676767, 0x62626762, 0x62626767, 0x62626762, 0x62626767, 0x62676762, 0x62676262, 0x62676262,
0x67676262, 0x72686768, 0x6a676762, 0x67676868, 0x67686767, 0x44446267, 0x67686268, 0x44446267,
0x67676262, 0x62446267, 0x44626262, 0x62624444, 0x62626267, 0x44443f62, 0x62626762, 0x44443f62,
0x44446768, 0x67444467, 0x3f626867, 0x3e3e3c3e, 0x44444462, 0x3e3e4444, 0x44444444, 0x443e4468,
0x3c3f4444, 0x443e443f, 0x3e3e3e44, 0x45443e3e, 0x44443f44, 0x44444444, 0x68674444, 0x3e446868,
0x42433e44, 0x0e0e0e2d, 0x3e443e3e, 0x1e42423e, 0x4343443e, 0x422d4243, 0x43444444, 0x1e423e43,
0x3e434344, 0x4243433e, 0x2d434444, 0x1e422d2d, 0x1b2d3e42, 0x1e2d1e0e, 0x1e2d3e3e, 0x4242421e,
0x3e1c0e0e, 0x42434543, 0x1b1c1c1c, 0x4343422d, 0x1b1c1c1e, 0x432d1c1c, 0x42422d2d, 0x1c1c1c2b,
0x2d2d1c2d, 0x1e1e1e1e, 0x2d2d1e2d, 0x2d421e1c, 0x4242422d, 0x1c1e2d2d, 0x2e2d2d43, 0x1e2d2d42,
0x2d421e1c, 0x42422d2d, 0x061c4243, 0x2e2d1c1c, 0x1c1e4345, 0x1e0e1c1c, 0x4343421e, 0x42422d43,
0x1e1c1c2b, 0x2d43422d, 0x1c1c2d2d, 0x2e1e1c0e, 0x2e422d2d, 0x1e1c1c2d, 0x1e1e1c1e, 0x1e1e2d2d,
0x43434343, 0x43434543, 0x4343422e, 0x42434343, 0x2e2e1e1e, 0x43424342, 0x1c1c1e2d, 0x2e2e2e1e,
0x1e1c2e2d, 0x1e1e0e1c, 0x1e1e2e43, 0x1e1e1e1e, 0x2e2e1e2d, 0x1e2e432e, 0x1e0e060e, 0x1e2e432e,
0x4243432e, 0x43424343, 0x4243432e, 0x43434342, 0x43422e2e, 0x43434343, 0x43432e42, 0x43434243,
0x4343422e, 0x43434242, 0x2e422e1e, 0x2e422e2e, 0x2e1e1e1e, 0x2e2e2e2e, 0x1e1e1e1e, 0x2e2e2e2e,
0x43424343, 0x43454343, 0x43434343, 0x42454343, 0x43424242, 0x43434545, 0x42434343, 0x45454543,
0x43424242, 0x43434343, 0x43424243, 0x43434342, 0x42424243, 0x35434343, 0x2e42422e, 0x43432e2e,
0x45454545, 0x43434342, 0x43434343, 0x42434343, 0x43434545, 0x45434545, 0x43434345, 0x45434545,
0x43434343, 0x45434545, 0x43434545, 0x43434343, 0x43434345, 0x43424242, 0x43434243, 0x42434242,
0x45454243, 0x43434543, 0x43454343, 0x45434342, 0x45454345, 0x43454545, 0x45454545, 0x43454545,
0x45457045, 0x43434345, 0x43457045, 0x43434343, 0x43454343, 0x43434343, 0x4335432e, 0x35354343,
0x45434343, 0x45454245, 0x45454345, 0x45454545, 0x45454343, 0x45454545, 0x45454243, 0x45454545,
0x70454342, 0x45454545, 0x70454343, 0x43434345, 0x45424243, 0x42424345, 0x43424243, 0x42434343,
0x67676745, 0x72676772, 0x67674545, 0x72727274, 0x70454545, 0x72727474, 0x706f4545, 0x74727472,
0x45454243, 0x74727045, 0x45454242, 0x70727045, 0x42424242, 0x67674545, 0x45424242, 0x6f674545,
0x72727272, 0x72727272, 0x74727272, 0x72727272, 0x72727272, 0x6a727272, 0x72727273, 0x6a747272,
0x729f7473, 0x72747272, 0x72747270, 0x72727272, 0x72726767, 0x74727272, 0x74727070, 0x72687274,
0x72727472, 0x72727272, 0x72727272, 0x72727272, 0x7272726a, 0x6a687272, 0x726a6867, 0x62687472,
0x7472726a, 0x68747474, 0x74747274, 0x74747474, 0x74747474, 0x74727474, 0x72747272, 0x74747272,
0x69727272, 0x9a726969, 0x72727274, 0x72727272, 0x72727272, 0x72727272, 0x72747272, 0x74727272,
0x74747472, 0x6a6a7272, 0x74687472, 0x686a7474, 0x74747474, 0x6a6a6a74, 0x72726874, 0x6a6a686c,
0x7272729b, 0x72729b9f, 0x72727272, 0x696a7272, 0x72727272, 0x6a727272, 0x74727474, 0x72727272,
0x74747468, 0x72726a6a, 0x7274726a, 0x726a6a72, 0x74746a6a, 0x6a6a6872, 0x726a6868, 0x68687274,
0x72729b72, 0x9f727272, 0x9b9f7472, 0x9a697272, 0x9b746a67, 0x9b6a7272, 0x726a6769, 0x726a7272,
0x726a6772, 0x6a727272, 0x6a6a6a6a, 0x696a6a69, 0x676a6a67, 0x6a726a67, 0x69696767, 0x6a726a67,
0x7272729f, 0x6967696a, 0x6a676a9b, 0x69696769, 0x67616272, 0x6a696969, 0x67677272, 0x72726969,
0x726a7272, 0x7269696a, 0x6a726a69, 0x726a6a67, 0x6a6a7269, 0x72726767, 0x676a726a, 0x6a6a6161,
0x69727272, 0x71716769, 0x6a729b6a, 0x6767696a, 0x72727269, 0x61676972, 0x729f726a, 0x7172696a,
0x729b9b72, 0x72727272, 0x729a729a, 0x71727272, 0x72727272, 0x67676772, 0x67677272, 0x67676772,
0x9e737373, 0xa3a3a273, 0x73737171, 0xa3827373, 0x71717171, 0xafa37373, 0x73737371, 0xafa27373,
0x73727272, 0x82827373, 0x73726f71, 0x82737373, 0x73736769, 0x82a27373, 0x9e737171, 0xa2a37373,
0xafa3a3af, 0xafafafaf, 0xaf82a3af, 0xafa3afaf, 0xafafafaf, 0xafafafaf, 0xafa3afaf, 0xa3afa3af,
0xafafaf82, 0xa2a2a2a3, 0xa3afaf82, 0x82a2a3a3, 0xa3afafa3, 0x73a3a3a3, 0xa3a2a3a3, 0x7373a3a2,
0xa282a3af, 0xa2a382a3, 0xafa3a2af, 0xa2a2a2af, 0xa2a2a3a3, 0xa2a2a2a2, 0x82a3a3a2, 0xa3a3a282,
0x82a2a282, 0xa2a2a273, 0xa3a38273, 0xa3a3a3a2, 0x82a2a273, 0xa2a3a3a3, 0xa2a3a2a2, 0xa2a2a2a3,
0xa2a2a3a2, 0x82a2a2a3, 0xa3a3a3a2, 0xa28282a2, 0xa3a3a3a2, 0x82a2a2a2, 0xa3a2a2a2, 0x82a3a2a3,
0xa2a2a282, 0xa28282a3, 0xa3a3a2a2, 0xa28282a2, 0xa2a282a2, 0xa3a282a2, 0x8282a2a2, 0xa3a38282,
0x828282a2, 0x82828282, 0x828282a2, 0xa2828282, 0x8282a2a3, 0x82a28282, 0x73a2a2a2, 0x82a2a273,
0x73a2a2a2, 0x8282826f, 0x73a282a2, 0x81828273, 0x73a2a2a3, 0x81827373, 0x7373a3a3, 0x82828273,
0x82828282, 0xae828282, 0x8282aea2, 0x828182a2, 0x818282a2, 0x82818282, 0x81828282, 0x81818282,
0x82828282, 0x81818282, 0x82828282, 0x82828282, 0x82828282, 0x82828282, 0xaea28282, 0x848282ae,
0x84848484, 0x8484ae84, 0xaf848484, 0x848484ae, 0x84848484, 0x84aeaeaf, 0xaeaf8482, 0x8484afb1,
0xafaf8482, 0xafae84af, 0xafafae82, 0xaf8484af, 0xaeaf8484, 0x84848484, 0x84ae8282, 0x84848484,
0x84848484, 0xafaf8484, 0x84848484, 0x87af8784, 0x84848487, 0x84878787, 0x848484af, 0xafb18784,
0x848484af, 0xafb1af84, 0xafaf8487, 0xb1afafaf, 0xaf84af84, 0xaf8784af, 0xafafaf84, 0x848484af,
0xafafafaf, 0x8484b184, 0xaf848787, 0x848487b1, 0x84848484, 0xb1848484, 0x8487b1b1, 0xb184b184,
0x84b1b1b1, 0xb1b1b1af, 0x84b1b1b1, 0xb1b1b184, 0x87b1b1af, 0xb1b1b1b1, 0xb1afb187, 0xb1b1b1b1,
0xb1b1b184, 0xb1af84b1, 0xb1b1b1b1, 0xb1b184b1, 0xb1b184b1, 0xb1b1b1b1, 0xb1b1b184, 0xb1b1b1b1,
0xb1b1b18b, 0xb1b1b1b1, 0xb1b1b1b1, 0xafb1b1b1, 0xb1b1b1b1, 0xb1b1b1b1, 0xb1b1b1b1, 0xb1b1b1b1,
0xaf8484af, 0x848484af, 0xafafafb1, 0xaf84afaf, 0x84afb1b1, 0x84848484, 0x84aeb1b1, 0x848484af,
0x84b1b1b1, 0x84afafaf, 0x84afb1b1, 0x8484aeaf, 0xafafb1b1, 0xae84afaf, 0xaf8484b1, 0xaf84afaf,
0x84aeb184, 0xb1b1b1ae, 0x8484afaf, 0xb184b184, 0x8484afae, 0xb1b1b1af, 0x84848484, 0xb1b1b1b1,
0xafaf8484, 0xb1b1b1b1, 0x84af8484, 0xb1b1b1b1, 0x84848484, 0xb1b1b1b1, 0xae848484, 0xb1b1b1b1,
0x8484b1b1, 0xb1b1b1ae, 0x84aeb1b1, 0xb1b1b1ae, 0xb1b1b1b1, 0xb18491b1, 0xb1b1b1b1, 0xb1b1b1b1,
0xb1b1b1b1, 0xb1b1b1b1, 0xb1b1b1b1, 0xb1b1b1b1, 0xb1b1b1b1, 0xb1b184b1, 0xb1b1b1b1, 0xb1b184b1,
0x8484afb1, 0xb1b1b1af, 0x8484b1b1, 0xb1b1b184, 0xb1afb1b1, 0xb1b1b184, 0xb1b1b1b1, 0x84b1b1af,
0xafb1afb1, 0xaeb1b1b1, 0xb1b1afb1, 0x84aeb1b1, 0xafafafb1, 0x8484afb1, 0xafb1b1b1, 0x8484af84,
0x8bb0b084, 0xb1b1b1b1, 0xb1b1b1b1, 0xb1b0b1b1, 0xb1b1b1b1, 0xb1b1b1b0, 0xb1b1b1b0, 0xb1b1b1b1,
0xb1b1b1b1, 0x84b1b0b0, 0xb1b084b1, 0x84b1b0b0, 0xb1848484, 0xaeb1b1b1, 0xb184afae, 0xaeb0b1b1,
0xb0b0b0b1, 0x836f81ae, 0xb0b1b1b1, 0x8384aeb0, 0xb1b0b1b1, 0x84b0b0b1, 0xaeaeb0b1, 0xb0b0b0b0,
0x84aeae84, 0xb0b0b0ae, 0x81848484, 0x84848483, 0x8183aeae, 0x84b08481, 0x83aeae84, 0x84b0ae83,
0xaeb0b0b1, 0xb0b08b84, 0xb0b0b084, 0xb0b0b08b, 0xb0b08b83, 0xb0b1b1b1, 0xb1b084ae, 0xb1b0b0b0,
0xb0b0b0ae, 0xb0b0b0b0, 0x8b8bb0ae, 0xb0b0b0b0, 0xb0b0b084, 0xb0b0b0b0, 0xb1b0b08b, 0xc1c1b0b0,
0xb08bb0b0, 0x8a8383ae, 0x8484b0b0, 0x8b83aeb0, 0x83aeb0b0, 0xb08a83b0, 0x83b0b0b0, 0xb0b0b0b0,
0xb0b0b0b0, 0xbeb0b0b0, 0xb1c1b1b0, 0xc1b0b1b1, 0xc1c4c4c1, 0xc1c1c1b1, 0xc1c4c1c1, 0xc1c4c1c1,
0x6e6b636e, 0x7878789d, 0x6e63636d, 0x7578789d, 0x7863636b, 0x7578789d, 0x9d789d6d, 0x6b6b789d,
0x9d9d9d78, 0x786d789d, 0x78779da0, 0xa1789d9d, 0x9d9daaac, 0x7878a19d, 0xa19da1aa, 0x6b79aaaa,
0x486b486b, 0x40484040, 0x4848486b, 0x40484048, 0x6b48486b, 0x4848486e, 0x6b6b486b, 0x4848486e,
0x486b6e78, 0x2c40486b, 0x48487579, 0x40484840, 0x48486e6e, 0x486e4848, 0x48486b6b, 0x48756e6e,
0x4848402c, 0x2c2c1d1d, 0x4048402c, 0x2d402d1d, 0x40404040, 0x2c404040, 0x40484848, 0x1d2c4040,
0x46484840, 0x2c464040, 0x40404048, 0x48404640, 0x40404048, 0x48464840, 0x46404040, 0x48484640,
0x2d401d1d, 0x1d1d2c2c, 0x2d401d2c, 0x2c1d2d40, 0x2c401d1d, 0x2c1b2d2d, 0x1d2c2c2c, 0x2c1d402c,
0x40404040, 0x40404040, 0x46464848, 0x401d1b40, 0x40404046, 0x46401d40, 0x1d1d2d40, 0x402d2c2c,
0x40402d2c, 0x2d2d4040, 0x40402c2c, 0x2d404040, 0x40404040, 0x46404046, 0x46404646, 0x40404046,
0x46464640, 0x2d404040, 0x46464646, 0x2c404040, 0x46464646, 0x2c2d2d40, 0x40464646, 0x1d2d2d2d,
0x1d2d2d2d, 0x1d0f0f0f, 0x0f1d1d2d, 0x0f1d0f0f, 0x1d1d2d2d, 0x0f0f0f0f, 0x2d2d4640, 0x0f0f0f0f,
0x1d2d4046, 0x0f0f0f1d, 0x0f0f1d1d, 0x0f0f0f0f, 0x0f1d1d1d, 0x070f0f0f, 0x0f0f0f1d, 0x0f0f0f0f,
0x0f0f0f1d, 0x1c0f1d2d, 0x0d0f0f0f, 0x0f0f0f0f, 0x0d0f0f0f, 0x070d0d0d, 0x070d0707, 0x0d1c0d07,
0x07070d07, 0x0707070f, 0x07070f0f, 0x0607070d, 0x0707070d, 0x07070707, 0x070d0d0f, 0x07071c07,
0x1c1c1c1c, 0x060d0d1c, 0x1c2d0f1c, 0x1c1c1c07, 0x0d1c1c0d, 0x1c2d1c07, 0x1c1c0d06, 0x06070706,
0x06060707, 0x06060606, 0x06060d06, 0x06060606, 0x06070706, 0x06060706, 0x06070706, 0x06060606,
0x06061c1c, 0x1c060606, 0x062d0707, 0x0d1c2d1c, 0x062d0606, 0x1e1c2d2d, 0x1c1c1c06, 0x1c0e1c06,
0x1c061c1c, 0x1c1c061c, 0x1c06061c, 0x0606061c, 0x06060606, 0x06060606, 0x06060303, 0x06060306,
0x0d1c0d1c, 0x1c1c1c1c, 0x1c06061c, 0x0606060d, 0x0d1c1c1e, 0x1c060d1c, 0x1c1c0d06, 0x1e1c060d,
0x0e0e1c06, 0x1c060606, 0x06060606, 0x2d061c1c, 0x06060606, 0x06060606, 0x060e0606, 0x06060306,
0x061e1e1c, 0x2f0d1c1c, 0x1c2f2f1e, 0x2d0d1c2d, 0x1c2d1e1c, 0x2d1c1c1e, 0x1c1c1c1c, 0x1c1c1c0d,
0x1e1e1e1e, 0x1c1c0606, 0x2f2f2f1c, 0x061c061c, 0x1c1e0e06, 0x0d0e0e0e, 0x06060603, 0x06061c06,
0x411b1b1c, 0x6c6c6365, 0x2b1c0d1e, 0x6c6b6b41, 0x1b0d061c, 0x6c74472d, 0x0d060606, 0x6b6b402b,
0x06060606, 0x652d2d0d, 0x0d0d0d0d, 0x472b0d0d, 0x0d0d0606, 0x2b0d0d0d, 0x06060603, 0x1b060606,
0x66655e65, 0x65656665, 0x5e5e6565, 0x65656566, 0x65656563, 0x66986c66, 0x5d5e6565, 0x98986c5e,
0x5e656c74, 0x9866655d, 0x65666c6c, 0x986c655d, 0x656c6c6b, 0x6c656565, 0x986c6c41, 0x655e6566,
0x98956598, 0x65959895, 0x655d6566, 0x65959465, 0x5e606565, 0x65946565, 0x5d656698, 0x65656560,
0x60656698, 0x60656060, 0x65959898, 0x6060605d, 0x95989898, 0x605f6065, 0x989b9866, 0x5f5f6094,
0x605f5d5f, 0x94949865, 0x605d595f, 0x94946560, 0x5d59595d, 0x94946560, 0x5d5f5d5f, 0x65656060,
0x605d5f60, 0x94606060, 0x5f5f5f60, 0x6560605d, 0x60606060, 0x6060605f, 0x60606060, 0x605f6060,
0x65606065, 0x98989865, 0x65605f60, 0x94949494, 0x65606060, 0x60659494, 0x65659494, 0x5f656560,
0x94949494, 0x5f5f6060, 0x94946594, 0x605f6065, 0x65946565, 0x65659465, 0x94946594, 0x94946560,
0x94949894, 0x94656060, 0x65656565, 0x65656065, 0x605f5f5f, 0x65606565, 0x5f5f5f59, 0x605f6060,
0x6065605f, 0x605f605f, 0x6565655f, 0x65655f60, 0x60606060, 0x655f5f60, 0x5f5f5f60, 0x5f5f595f,
0x98946594, 0x65949494, 0x94949498, 0x65659494, 0x65949894, 0x97656560, 0x94659465, 0x94656065,
0x9494655f, 0x65606597, 0x65606565, 0x65659494, 0x65646565, 0x65949465, 0x65656560, 0x64659465,
0x94656565, 0x65646565, 0x94656565, 0x64646565, 0x65656594, 0x65656465, 0x5f646594, 0x65656565,
0x655f6594, 0x94949464, 0x65949465, 0x5f5f6565, 0x65656565, 0x5f5f6564, 0x64656565, 0x65656565,
0x65656565, 0x65655d5d, 0x5f64645f, 0x65646464, 0x5f5f5f64, 0x64656465, 0x64646565, 0x6597645f,
0x655f5f65, 0x5f655f5f, 0x65645f5f, 0x5f5f5f5f, 0x5f5f5f5f, 0x655f5f5d, 0x65646565, 0x64655f5f,
0x65976a97, 0x6464656a, 0x6a6a6565, 0x64649797, 0x64656464, 0x6a979765, 0x64656464, 0x6a979765,
0x6464645f, 0x97979764, 0x64645d5f, 0x65656464, 0x64646464, 0x64646464, 0x5f646464, 0x5d645d5c,
0x64646564, 0x6a6a6565, 0x64646464, 0x65656464, 0x6464656a, 0x65646464, 0x64646a97, 0x64646464,
0x65656497, 0x64646465, 0x65656565, 0x64646464, 0x65646a64, 0x64646565, 0x6565645d, 0x656a6564,
0x64656565, 0x625d5d64, 0x65656a97, 0x62656464, 0x6a646a65, 0x62656465, 0x65646464, 0x62626464,
0x62646464, 0x64656a65, 0x62626264, 0x64656a64, 0x64646464, 0x6a646564, 0x6a5d5d64, 0x6464646a,
0x6a6a6a64, 0x62626264, 0x6a6a6462, 0x64626a6a, 0x6a6a6462, 0x64646a6a, 0x64656464, 0x6a6a6a6a,
0x645d5d62, 0x646a6464, 0x62626464, 0x64626262, 0x62646a64, 0x62646262, 0x62646a6a, 0x62625d62,
0x62626262, 0x64626262, 0x62646462, 0x62626262, 0x62625d62, 0x62626262, 0x62646462, 0x62626262,
0x64646464, 0x69626469, 0x62626a64, 0x69626a6a, 0x62626464, 0x6a696a64, 0x62646462, 0x6a696962,
0x6a6a6a69, 0x62626769, 0x6a696969, 0x67676762, 0x69696969, 0x6a676762, 0x6a6a6262, 0x676a6967,
0x6a696269, 0x6a676769, 0x67676769, 0x6a6a6767, 0x69696769, 0x6a676767, 0x6967696a, 0x67676969,
0x62626262, 0x62676262, 0x62626767, 0x67626262, 0x67626267, 0x68676767, 0x3f676262, 0x72676261,
0x3f446162, 0x72686744, 0x3f3f6767, 0x6762623f, 0x3f626868, 0x67626762, 0x62626868, 0x62624444,
0x44626262, 0x443f3f3f, 0x62444462, 0x44444462, 0x68676267, 0x67626267, 0x72726872, 0x62626872,
0x726a6767, 0x44446768, 0x62626767, 0x67446768, 0x67676867, 0x67707070, 0x70676762, 0x45706770,
0x68676767, 0x3e3e4545, 0x44674444, 0x2d3e4242, 0x443f4462, 0x2d454544, 0x44444462, 0x2d424545,
0x44434544, 0x2d434243, 0x423e3e44, 0x1c1e1e1e, 0x42424567, 0x10201e1e, 0x101e4245, 0x10101f10,
0x2d2d3e3e, 0x2d422d1e, 0x2d1e1c1e, 0x1c1e1e2d, 0x421c1e2d, 0x1c1e2d2e, 0x1e2d2d2d, 0x2e2e1e1e,
0x1e2e2e1e, 0x2e2e1e1c, 0x1e2e210e, 0x0e1e2e2e, 0x101e1e08, 0x2e1e0e1e, 0x202e2010, 0x1010080a,
0x1e2d2d1e, 0x1c1c1c2d, 0x1e1e1c1c, 0x1e0e1c1e, 0x1e1c1c1c, 0x1e1e1c0e, 0x1e432e2e, 0x1e1e1e0e,
0x0e2f1e2e, 0x1e1e0e0e, 0x1e1e2e2e, 0x2e0e0e1e, 0x0e100e2e, 0x0e08080e, 0x08080808, 0x10080808,
0x1e1c0e1c, 0x1c1c1e1e, 0x0e0e0e1c, 0x0e0e1c0e, 0x1e1e0e1e, 0x0e1c1e1e, 0x1e211e0e, 0x0e1e1e1e,
0x1e211e1e, 0x0e0e1e1e, 0x200e0e1e, 0x0e0e0e21, 0x2e1e2f0e, 0x10081021, 0x10101020, 0x08080810,
0x06060e1c, 0x1e2e1e0e, 0x0e0e0e0e, 0x1c0e0e0e, 0x1e1c0e0e, 0x0e1e1e2e, 0x1e2e1e0e, 0x2e421e1e,
0x1e1e211e, 0x1e101e1e, 0x0e100e0e, 0x1e2e1e1e, 0x0e0e1e0e, 0x202e1e21, 0x2008101e, 0x2e1e1e21,
0x2e422e1e, 0x1e1e2e42, 0x43422e1e, 0x2e2e2e42, 0x2e1e0e0e, 0x2e2e422e, 0x1e1c0e0e, 0x2e2e201e,
0x0e0e1e2e, 0x201e1e0e, 0x1e2e2e20, 0x101e1e1e, 0x2e2e1e20, 0x1e2e2e42, 0x2e20202e, 0x43432e2e,
0x43432e1e, 0x42432e42, 0x43432e1e, 0x43434343, 0x2e422e1e, 0x43422e2e, 0x2e43432e, 0x2e2e2e2e,
0x35432e2e, 0x2e2e2e43, 0x2e2e201e, 0x2e2e202e, 0x2e2e1e1e, 0x422e2e2e, 0x2e2e432e, 0x2e2e2020,
0x42432e42, 0x43434343, 0x43434343, 0x432e4335, 0x2e2e4343, 0x2e2e4343, 0x4243422e, 0x2e2e2e43,
0x43432e2e, 0x2e2e2e2e, 0x432e2e2e, 0x2e422e35, 0x2e2e2e43, 0x2e2e2e2e, 0x202e2e2e, 0x2e202020,
0x43434343, 0x43353543, 0x43434343, 0x43434343, 0x43434343, 0x43432e43, 0x42434342, 0x2e2e2e2e,
0x2e2e2e2e, 0x432e2e2e, 0x2e2e2e2e, 0x2e43432e, 0x2e2e2e2e, 0x4343432e, 0x2e424343, 0x432e2e2e,
0x35434343, 0x42424343, 0x43433543, 0x422e4243, 0x2e433543, 0x422e4335, 0x2e2e4243, 0x2e427035,
0x2e2e4335, 0x42423542, 0x35434343, 0x43424235, 0x70353535, 0x35434235, 0x35357035, 0x704f4343,
0x70454543, 0x70704545, 0x45457045, 0x6f704545, 0x42424343, 0x45454542, 0x42424542, 0x45454542,
0x70454343, 0x42424345, 0x45703543, 0x42424235, 0x42353535, 0x2e354542, 0x35354243, 0x2e433545,
0x72707272, 0x72687070, 0x45456f45, 0x68707070, 0x42454545, 0x44454545, 0x43454343, 0x44444342,
0x42434343, 0x3e424342, 0x42434342, 0x42434242, 0x4242422e, 0x42424242, 0x42434342, 0x1e2e4242,
0x68687272, 0x7272726a, 0x68676868, 0x68686868, 0x67674544, 0x68686867, 0x62676768, 0x67686867,
0x44454442, 0x62676242, 0x4442423e, 0x67444444, 0x42424242, 0x62444444, 0x42424242, 0x44444342,
0x68686868, 0x68686868, 0x62686868, 0x68686262, 0x68686868, 0x68686244, 0x68676768, 0x62624468,
0x68686868, 0x68676868, 0x62626868, 0x686a6867, 0x44446868, 0x68686267, 0x44446267, 0x3e444468,
0x68686868, 0x6768726a, 0x68686868, 0x62686868, 0x68686868, 0x62686862, 0x68686862, 0x67686762,
0x67626262, 0x62676267, 0x62676262, 0x68686262, 0x68686868, 0x68674468, 0x65656562, 0x62626262,
0x67676762, 0x726a6767, 0x67676268, 0x72726762, 0x67676767, 0x72726762, 0x67676868, 0x726a6a67,
0x67676762, 0x72696767, 0x67686767, 0x9b726767, 0x68686a68, 0x74726768, 0x68676762, 0x7272686a,
0x6a72726a, 0x6a6a6267, 0x6a676a72, 0x67676a6a, 0x67676a74, 0x676a6a6a, 0x67676772, 0x67686a6a,
0x72727272, 0x62626874, 0x72747272, 0x6a6a6768, 0x67727474, 0x6a6a6762, 0x72729f9f, 0x6767626a,
0x6767726a, 0x7167676a, 0x67626762, 0x67616767, 0x67626767, 0x67676767, 0x67676a6a, 0x69676761,
0x696a6a67, 0x69676161, 0x67676767, 0x67676967, 0x6262676a, 0x696a6761, 0x67686768, 0x69676262,
0x73737272, 0xa3a2a273, 0x716f6767, 0xa39e9e73, 0x73676767, 0xa2a2a273, 0x71676771, 0x73a27373,
0x71717272, 0x73737371, 0x71727171, 0x73737371, 0x71676769, 0x9e737372, 0x69696767, 0x9e737371,
0xa28282a3, 0xa273a2a2, 0xa2a2a273, 0xa2a27373, 0xa3a2a273, 0x73a2a282, 0xa3a37373, 0x73a2a3a3,
0xa3a27373, 0x73a2a2a3, 0xa2a2a29e, 0xa2a2a29e, 0x9e737373, 0x9e9e739e, 0x71717373, 0x73737171,
0xa3a3a3a3, 0xa2a3a3a3, 0xa3a2a2a3, 0x73a3a382, 0xa3a28282, 0x73a2a2a2, 0xa3a3a282, 0xa2a273a2,
0xa2a27373, 0x9ea2a2a2, 0xa2737373, 0xa2a3a2a2, 0xa2737373, 0x9ea273a2, 0xa2737373, 0xa2a2a273,
0x73738282, 0xafa28282, 0x82737373, 0xa3a28282, 0xa2a27373, 0x82a28282, 0x8282a2a3, 0x82a2a3a2,
0xa2a2a2a2, 0xa2a2a282, 0x82a2a2a2, 0xa2828282, 0x8282a29e, 0xa3a2a282, 0xa282739e, 0xa2a2a2a2,
0x7373a2a3, 0xa2828282, 0xa2a282a2, 0xaf8282a3, 0x82828282, 0xafafa3a3, 0xa3a3a3a3, 0xafafafa3,
0xa3a2a3af, 0xafafafa2, 0xa282a2a3, 0xafafafaf, 0xafafa2a3, 0xafafa2a2, 0xa2afa3a3, 0xafaf82a2,
0xafaeafaf, 0x828282ae, 0xafaeafaf, 0x848282ae, 0xafafafaf, 0xaea2a2ae, 0x84afafaf, 0x82828282,
0xae84af84, 0xa2828282, 0xaf84afaf, 0xa2aea2af, 0xafafafaf, 0xa2aeaeaf, 0xafafaf84, 0x8282aeaf,
0x84848282, 0xae848282, 0xaeae8482, 0xaf847382, 0xaeae82ae, 0xae848182, 0x82848282, 0xaf848181,
0x82848282, 0xaf84ae82, 0xaeae8273, 0xafafafae, 0xaeae8273, 0x8484af84, 0xae828173, 0xaeaeae84,
0xafafafaf, 0x8484afaf, 0xaf84afaf, 0x84afafaf, 0xb1afaf84, 0xafafafaf, 0xafafafaf, 0xafb1afae,
0xafafafaf, 0x84afafae, 0xafafafae, 0xaeaf8484, 0xafafafaf, 0xafaf8482, 0xafafafaf, 0xafafaf82,
0xb1b1b187, 0xb1b1b1b1, 0xb1b1af87, 0xb1b1b1b1, 0xb1b1afaf, 0xb1b1b1b1, 0xaf84af84, 0x84ae8484,
0x8184af84, 0xaf848484, 0x8484afae, 0x84848484, 0xaf84aeaf, 0x84848484, 0xafafafb1, 0x84aeaeaf,
0xb1b1b1b1, 0xb1b1b1b1, 0xb1b1b1b1, 0xb1b1b1b1, 0xb1b1b1b1, 0xb1b1b1b1, 0xb1b1b1b1, 0x84b1b1b1,
0xb1b1b1b1, 0xb1b1b1b1, 0xb1b1afaf, 0xb1b1b1b1, 0xb1b1afaf, 0xb1b1b1b1, 0xb1b1b1af, 0xb1b1b1b1,
0x8484aeb1, 0xafafafaf, 0xb184aeb1, 0xaeaeafb1, 0xb1afb1b1, 0xafafb1af, 0xb1afb1b1, 0xaf84afaf,
0xafafb1b1, 0xafafafae, 0xafafaeb1, 0xaeafafb1, 0xafafaeb1, 0x82aeafb1, 0xafafaeaf, 0x828282af,
0xaf8482ae, 0xb1b1b1b1, 0x848482ae, 0xb1b1b1b1, 0x84828282, 0xb1b1b1b1, 0x848181a2, 0xb1b1ae84,
0x848182ae, 0xb1b1b184, 0x828282a2, 0xb1b18484, 0x81a2a282, 0xb1b18481, 0x82a281a2, 0xb1b1af81,
0xb1b1b1b1, 0xb1b1b1b1, 0xb1b1b1b1, 0xb1b1b1b1, 0xb1b1b1b1, 0xb1b1b1b1, 0xb1b1b1b1, 0xb1b1b1b1,
0xb1b1b1b1, 0xb1b1b1b1, 0xb1b1b1b1, 0xafb1b1b1, 0xafafb1b1, 0xaeaeaeb1, 0x84aeafb1, 0x828284ae,
0xb1b1ae84, 0x84af8484, 0xafb1b184, 0x84af8484, 0x84afb1b1, 0x82aeaf84, 0xb1b1b1b1, 0xaeaeb1b1,
0xb1b1b1af, 0xaeafb1b1, 0xb1b1b1ae, 0xaeb1b1b1, 0xb1b1ae84, 0xaeb1b1b1, 0xb1b18484, 0xaeb1b1b1,
0xb1aeaf84, 0xaeb1b0b1, 0x84848481, 0x84b1b1b1, 0x84818181, 0xb0b1b18b, 0x81818182, 0xaeb1b184,
0x8181816f, 0xb0b1b184, 0x84818184, 0xb0b1b1b1, 0xb08484ae, 0xb0b1b1b1, 0xb1b1afb1, 0xb1b1b1b1,
0x84838484, 0x84b0b0ae, 0xae848484, 0xaeb0b1b0, 0xb0aeaeae, 0x8484b1b1, 0xaeaeaeb0, 0xb0b0b0b0,
0x84aeb0b1, 0xb1b0b0b0, 0xb0aeb0b0, 0xc1b1b0b0, 0xb0aeaeb0, 0xc1b1b1b1, 0xb084b0b1, 0xc1b1b1b1,
0xb0b1b0b0, 0xc1c1c1c1, 0xc1c1b1b0, 0xc4c4c4c6, 0xc4c4c1b1, 0xc6c6c6c4, 0xc6c4c1b1, 0xc2c6c6c6,
0xc6c4c1c1, 0xc6c6c6c6, 0xc6c4c1c1, 0xc6c6c6c6, 0xc4c4c4c1, 0xc6c6c6c6, 0xc4c1b1b1, 0xc6c6c6c4,
0xc1c4c6c1, 0xc6c4c4c1, 0xc6c6c6c6, 0xc6c6c6c6, 0xc6c6c6c6, 0xc6c6c6c6, 0xc6c6c6c6, 0xd4d4c7c6,
0xc6c6c6c7, 0xd4d4d4c7, 0xc7c7c6c6, 0xd4d4d4d4, 0xd4d4c6c6, 0xd4d4d4d4, 0xd4d4c7c6, 0xd4d4d4d4,
0x9d9da0a1, 0x78789d9d, 0xa1aaa1aa, 0x7ba19da0, 0x9da1aaaa, 0x7879a1a0, 0xa1aaaaaa, 0x486b78a1,
0xaaaaa19d, 0x6b7878a1, 0xaaaaa09c, 0x6e78a1aa, 0xaaaaaa9d, 0x6b6378a1, 0xaaaaaaaa, 0x48639da1,
0x4847486e, 0x48484848, 0x2c486b78, 0x48484040, 0x2c40486e, 0x40484840, 0x48404848, 0x40484648,
0x486b6b6b, 0x40484048, 0x486b6b48, 0x4046486e, 0x6e78796e, 0x1d40486b, 0x6b6e786e, 0x1d404848,
0x40464040, 0x4640401d, 0x1d404040, 0x4040401d, 0x1d2d4040, 0x1d2d4040, 0x40401d1d, 0x1d1d4046,
0x1d1d1d1d, 0x1d2d1d1d, 0x1d1d4040, 0x1d1d1d1d, 0x0f1d1d1d, 0x1d1d0f1d, 0x0f1d401d, 0x0f0f0f1d,
0x2c1d1d40, 0x402d2d2d, 0x1d1d2c40, 0x2d40402d, 0x1d2c2c1d, 0x2d2c2c2d, 0x1d402d1d, 0x40402d1d,
0x2c2c1d1d, 0x1d2d2d1d, 0x1d1d1d1d, 0x2d2c1d1d, 0x1d0f1d1d, 0x1d1d0f0f, 0x1d1d401d, 0x1d1d0f1d,
0x2d404640, 0x0f1d1d1d, 0x1d2d402d, 0x1d1d1d1d, 0x2c2d2d2d, 0x1d2d2d2c, 0x1d2d2d40, 0x1d1d1d1d,
0x1d1d1d1d, 0x1d1d1d1d, 0x1b0f0f0f, 0x1d1d1d1d, 0x0f0f0f0f, 0x2d2d1d1d, 0x0f070f0f, 0x1d1d1d0f,
0x0f0f0f0f, 0x0f0f0f0f, 0x07070f1d, 0x0f070f0f, 0x07070f1d, 0x0f07070f, 0x0f070f0f, 0x0d07070f,
0x0f0f0f0f, 0x0707070f, 0x0f0f1d0f, 0x0f0f0f0f, 0x070f1d2d, 0x070f0f0f, 0x0f1d1d1d, 0x070f0f07,
0x1c1c0f1d, 0x0d070707, 0x07070d07, 0x1c0f0706, 0x0f1c070d, 0x1c0f1c0f, 0x0f0f0f0f, 0x1c0d1c0f,
0x07071c07, 0x1c1c1c1c, 0x1c07071c, 0x1c071c1c, 0x0706070f, 0x1c1c1c0d, 0x070f0f1c, 0x07061c1c,
0x06060606, 0x03060606, 0x0606060d, 0x06060606, 0x1c061c1d, 0x06060607, 0x1c1c1c1c, 0x03060706,
0x1c1c2f2f, 0x06061c1c, 0x1c1c2d2f, 0x0606062d, 0x1c1c1c1c, 0x1c1c1e21, 0x06060707, 0x061c1c1c,
0x06060303, 0x0e060306, 0x06060306, 0x06060606, 0x06060303, 0x06060306, 0x03030603, 0x06030303,
0x06060303, 0x06060306, 0x06060303, 0x06060306, 0x06060606, 0x06030306, 0x06060e06, 0x03060303,
0x060e0e0e, 0x06060606, 0x06060606, 0x06060606, 0x06060606, 0x0606060e, 0x030e0e06, 0x06060303,
0x03030303, 0x0e1c0606, 0x03030606, 0x2d1c0303, 0x06060606, 0x06030603, 0x0e060603, 0x2f1c0e0e,
0x06060603, 0x06060606, 0x0e060303, 0x06060606, 0x06030306, 0x06060606, 0x0e0e0606, 0x06030306,
0x0e0e0606, 0x06060306, 0x060e0e06, 0x1c0e0606, 0x061e1e0e, 0x0e030606, 0x030e2f21, 0x06030303,
0x060d0d06, 0x0d06060d, 0x06030606, 0x0d060606, 0x0d060606, 0x0d060606, 0x0d060606, 0x0d0d0606,
0x0d060306, 0x0d060606, 0x0d0d0306, 0x0d060606, 0x1c1c0606, 0x06060606, 0x060d0306, 0x0d0d0606,
0x6c66652b, 0x6060666c, 0x6c5d5d2d, 0x6065986c, 0x98655d2d, 0x65669898, 0x65655d2a, 0x65669865,
0x5e5d3b1b, 0x5d656c65, 0x5e3d2a1b, 0x595d5d65, 0x5d3d3b1b, 0x595d5d5d, 0x3d5d2a0d, 0x5d593d3d,
0x98989865, 0x60606595, 0x9865605d, 0x60609498, 0x94656065, 0x59596065, 0x65656565, 0x60606565,
0x605f605e, 0x94959594, 0x94603d59, 0x94949895, 0x9595605d, 0x94659498, 0x9565605d, 0x60656565,
0x60605f59, 0x60606060, 0x605f5959, 0x655f5f60, 0x5f59595f, 0x605f6060, 0x59595d60, 0x605f5f5f,
0x59595f60, 0x60605f5f, 0x5f605960, 0x5f595959, 0x60605f5f, 0x5f595959, 0x6059595f, 0x59595960,
0x65606094, 0x94656065, 0x5f606560, 0x65606060, 0x5f5f6060, 0x9460605f, 0x6060605f, 0x605f605f,
0x9460605f, 0x5f60605f, 0x94655f5f, 0x60606060, 0x94605f5f, 0x60949494, 0x605f5f5f, 0x94946560,
0x5f606594, 0x605f5f5f, 0x65949494, 0x65605f60, 0x65656065, 0x65656065, 0x65656065, 0x97976560,
0x5f949460, 0x97976560, 0x65606060, 0x98946060, 0x97606060, 0x94659494, 0x94606060, 0x6597a697,
0x65656565, 0x605f6594, 0x65606594, 0x5f606565, 0x65606565, 0x5f656565, 0x65656594, 0x64646565,
0x65656594, 0x5f5f6565, 0x94656597, 0x5f656565, 0x94659497, 0x65656065, 0x65949765, 0x5f5f5960,
0x65656565, 0x65656564, 0x65655f5f, 0x65655f5f, 0x5f5f5d5d, 0x655f5f5f, 0x5d58595f, 0x645d5f5d,
0x59595d5f, 0x5f5d5d5d, 0x595f5f5f, 0x5f58595d, 0x5f5f5f64, 0x5f595d5f, 0x5d5f6594, 0x59585964,
0x655f6565, 0x65655f65, 0x5f5f6465, 0x655d5f65, 0x64656464, 0x645d5f5f, 0x5f646464, 0x645d5f65,
0x5f5f5f64, 0x5f5d5f65, 0x5d5f5f5d, 0x5f5d5d5f, 0x5d5d5d5d, 0x5d645f5f, 0x5f5d5d5d, 0x5d645f5d,
0x5c646465, 0x645d5f5d, 0x64646465, 0x64645d5d, 0x6565645d, 0x5d5d6464, 0x65646464, 0x5d646464,
0x645d5d64, 0x5c646564, 0x5d5d5d5d, 0x64656464, 0x64645d5c, 0x65646464, 0x5d64645f, 0x65645d5d,
0x64645d5d, 0x65656464, 0x5d5d5d64, 0x6564645d, 0x5d5d5c5d, 0x65646464, 0x5d5d5c5d, 0x6464645d,
0x645d5d5d, 0x5d5d645d, 0x64645d64, 0x5d5d645d, 0x5c5d5d64, 0x5c5d5d5d, 0x5c5d6464, 0x5d645d5d,
0x64626264, 0x64655d64, 0x5d646465, 0x6a6a6462, 0x62646565, 0x65645d5d, 0x64656465, 0x645d6264,
0x64646464, 0x625d6264, 0x6462645d, 0x5d5c6264, 0x625d5d5c, 0x62646464, 0x5d5c5c5c, 0x64656262,
0x64646464, 0x6262626a, 0x64646262, 0x62646264, 0x64626262, 0x62626264, 0x62646262, 0x62626264,
0x62626262, 0x62626464, 0x6462625d, 0x6264646a, 0x62625c5d, 0x62646a64, 0x62625d5d, 0x62646262,
0x62626262, 0x6a626262, 0x62626262, 0x67626262, 0x62626262, 0x67626262, 0x62626262, 0x69696464,
0x62626262, 0x69696464, 0x62625c5c, 0x62626262, 0x5c3f5d62, 0x61696261, 0x3f626262, 0x6262625c,
0x61626a6a, 0x696a726a, 0x61626769, 0x72726967, 0x67676262, 0x72676269, 0x67696267, 0x67626767,
0x67676967, 0x67626969, 0x62626767, 0x676a6a67, 0x61626762, 0x67676762, 0x61626161, 0x67726761,
0x626a7272, 0x44443f44, 0x62677272, 0x44444444, 0x62676772, 0x44444444, 0x62676a72, 0x44444444,
0x67676a67, 0x45444467, 0x67676868, 0x42443e44, 0x67677267, 0x3e3e3e44, 0x67444467, 0x42444467,
0x6745443e, 0x42454567, 0x6f674544, 0x42424570, 0x6f674544, 0x2e424570, 0x42454545, 0x2e424542,
0x1e423e44, 0x2e422e1e, 0x0e1e4242, 0x1f2e2e1e, 0x0e1e1e1e, 0x08101010, 0x0e1e1e42, 0x09080e0e,
0x1f102e42, 0x10101f13, 0x10091010, 0x0a0a1212, 0x0b041010, 0x09090b12, 0x0b091010, 0x0909120b,
0x0b0b131f, 0x0b0b150b, 0x0b120a10, 0x150b120b, 0x1509120a, 0x0b0b0b15, 0x0b090404, 0x040b0b09,
0x13201010, 0x08100a20, 0x0a0a0a12, 0x0a0a0a0a, 0x131f3012, 0x0a0a0a13, 0x1f12230b, 0x0a0a0a1f,
0x0a090b12, 0x1313130a, 0x0b121215, 0x0a0a0a0a, 0x12240b12, 0x0a04040b, 0x04091209, 0x0b0a0a0a,
0x10100804, 0x0808100e, 0x1010100a, 0x08080a13, 0x0a0a1313, 0x0a08080a, 0x0a0a100a, 0x0a13100a,
0x130a0a0a, 0x20202020, 0x10130a0a, 0x492e2010, 0x100a0a0a, 0x202e2013, 0x20130a13, 0x13201313,
0x08081008, 0x08080810, 0x080a0a0a, 0x0808080e, 0x080a0a0a, 0x0e0e0808, 0x080a0a0a, 0x200e1008,
0x08081010, 0x08080a08, 0x0a0a0a13, 0x0a080e10, 0x0a0a1313, 0x0810100a, 0x0a131313, 0x0a130a0a,
0x10080e0e, 0x201e0e0e, 0x100e0808, 0x20200e0e, 0x200e0e08, 0x2e201e0e, 0x20200e20, 0x1e1e1e10,
0x08100a10, 0x10101310, 0x080a1320, 0x1010130a, 0x0a100a08, 0x1310100a, 0x0a0a0808, 0x1313130a,
0x2e2e2e20, 0x2e2e1e1e, 0x202e2020, 0x2e2e1e1e, 0x21200e20, 0x201e202e, 0x2e212020, 0x2e212e2e,
0x2021200e, 0x2e202020, 0x20212013, 0x20202013, 0x20211313, 0x20202013, 0x13202013, 0x1f201f13,
0x2e43432e, 0x2e2e2e2e, 0x42422e2e, 0x2e2e4242, 0x2e2e2e2e, 0x35422e2e, 0x2e352e2e, 0x352e202e,
0x2e432e2f, 0x2e2e2e2e, 0x2e202e20, 0x2e2e2e2e, 0x2e2e2e20, 0x2e333320, 0x1f202e20, 0x33303320,
0x432e2e2e, 0x2e2e2e2e, 0x2e2e2e2e, 0x2e43432e, 0x2e2e4243, 0x4335432e, 0x2e2e4242, 0x4343432e,
0x43352e2e, 0x2e2e4335, 0x35352e2e, 0x2e424343, 0x35352e20, 0x35352e2e, 0x2e352e2e, 0x2e2e2e2e,
0x2e424343, 0x432e2e2e, 0x2e2e4343, 0x3543432e, 0x2e433543, 0x70353543, 0x2e437035, 0x3535352e,
0x43424243, 0x42433543, 0x35422e2e, 0x35353545, 0x43434243, 0x70354535, 0x35434242, 0x35353535,
0x4f704f35, 0x35703535, 0x70707070, 0x2f354335, 0x35353570, 0x2e2e2e43, 0x35354370, 0x352e4335,
0x70704235, 0x3535354f, 0x354f4f35, 0x2e357035, 0x2e354f70, 0x35352e2e, 0x432e4970, 0x2e353543,
0x35422e2e, 0x2e2e2e35, 0x35352e2e, 0x2e2e2e35, 0x2e35352e, 0x2e2e2e2e, 0x2f353535, 0x2e2e2e2e,
0x35353535, 0x2e2e2e35, 0x4f492e2e, 0x2e35354f, 0x35332e2e, 0x352e354f, 0x4f35332e, 0x2e2e2e49,
0x4343432e, 0x2e424242, 0x2e2e2e2e, 0x43434343, 0x2e202e2e, 0x42437070, 0x2e20202e, 0x2e353570,
0x2e202020, 0x2e70352e, 0x2e20212e, 0x2f432e2e, 0x212e2e35, 0x2e2e2120, 0x2e2e2e2e, 0x2e2e2021,
0x42434342, 0x423e423e, 0x42454343, 0x3e43423e, 0x42434242, 0x43454442, 0x1e2e2e2e, 0x44454342,
0x1e2e2e2e, 0x4444422d, 0x42422e2e, 0x44434242, 0x422e4343, 0x47454343, 0x432e2e2e, 0x47434343,
0x45444444, 0x3e446868, 0x44444442, 0x44426868, 0x44444545, 0x43444444, 0x44434445, 0x42444342,
0x44434344, 0x3e434442, 0x47474345, 0x3e424344, 0x47704747, 0x423e3e43, 0x68454747, 0x423e1e44,
0x68444444, 0x62626267, 0x68444444, 0x62626268, 0x44444444, 0x67624444, 0x44444444, 0x68444444,
0x44444443, 0x44444468, 0x44444442, 0x44444444, 0x44444444, 0x44684444, 0x4444433e, 0x44686844,
0x67626262, 0x72726a67, 0x67626262, 0x676a6767, 0x67626262, 0x62676767, 0x62446268, 0x62626767,
0x67444467, 0x62626767, 0x67444444, 0x67686868, 0x44674444, 0x67626744, 0x44444444, 0x67677067,
0x749b9b72, 0x67626872, 0x72747468, 0x62626a6a, 0x6a6a6862, 0x67677272, 0x72676262, 0x676a7474,
0x72676267, 0x67687274, 0x72676262, 0x726a6a9b, 0x72686268, 0x6a6a6a72, 0x67676867, 0x6a67686a,
0x6a6a6a67, 0x6767676a, 0x6a6a6767, 0x67696767, 0x67676262, 0x69696767, 0x62626262, 0x696a6967,
0x62616262, 0x67676767, 0x6a62676a, 0x6762676a, 0x67626267, 0x6761626a, 0x6767676a, 0x6a676267,
0x67696767, 0x9e737171, 0x67626267, 0x72726967, 0x67626269, 0x69676969, 0x69676769, 0x62676a6a,
0x6a6a6a69, 0x6762696a, 0x6a6a6a69, 0x67676769, 0x6a696767, 0x69676967, 0x6a676267, 0x69696a6a,
0x71717173, 0x71717171, 0x71727171, 0x71717171, 0x69726967, 0x71676972, 0x69716967, 0x71716969,
0x67696769, 0x71716969, 0x69626267, 0x6969696a, 0x69676262, 0x61616969, 0x67676769, 0x61616162,
0x9ea27373, 0xa273a273, 0x73739e73, 0x9e73a29e, 0x73737371, 0x9ea2a2a2, 0xa2737371, 0x9ea29ea2,
0x9e737171, 0x9e739ea2, 0x73717171, 0x7373a2a2, 0x73716767, 0x9e9e739e, 0x71716967, 0xa39e7373,
0x737373a2, 0x828273a2, 0x7373739e, 0x82827373, 0x7371739e, 0xa2a27373, 0x73717373, 0x82827373,
0x739e7373, 0xa2737373, 0x73739e9e, 0x73737173, 0x71737373, 0x73737171, 0x6769719e, 0x73737171,
0x8282a2a2, 0xaf828282, 0xa28282a2, 0xafafafa3, 0xa38282a2, 0xafafafa2, 0xafa2a3a3, 0xafafafa3,
0xafafafa2, 0xafafafaf, 0xafa2a282, 0xafafafaf, 0xafafa282, 0xafafafaf, 0xafa3a3a2, 0x84af82af,
0xaeafafaf, 0x828282ae, 0xaf84afaf, 0x84afafaf, 0xae8484af, 0xafaf84af, 0xafafafaf, 0x84828484,
0xafafafaf, 0xafaf8484, 0xafafafaf, 0xafafafaf, 0xafafafaf, 0xafafafaf, 0xaf848282, 0xafafafaf,
0x84848482, 0x84afafae, 0x84aeaeae, 0xafb1afb1, 0xafafaeaf, 0xafafafb1, 0xafafaeaf, 0xafafafaf,
0xafaf8484, 0xafafafaf, 0xafb1afaf, 0xb1b1afaf, 0xafb1af84, 0xafb1b1af, 0xafb1b1ae, 0xafafafaf,
0xb1b1afaf, 0xafafafaf, 0xafb1afaf, 0xafafafaf, 0xafb1b1af, 0xafafafaf, 0xafb1b1af, 0xafafafae,
0x84b1b1af, 0xafafaf84, 0x84afb1af, 0xafb1b1af, 0xafb1b1af, 0xafafb1af, 0xb1b1b1b1, 0xafb1b1af,
0xafaeaeb1, 0x84aeafae, 0xafae84af, 0x84aeafaf, 0xaeafaeaf, 0xaeaeaeae, 0xaeafaeaf, 0xaeae82ae,
0xaeaeaeae, 0xae8284ae, 0x84afaeaf, 0xae82ae84, 0xafaeaeaf, 0xaeae84ae, 0xafafafaf, 0xafafafae,
0x84b1b1af, 0xafafb1b1, 0x84afafae, 0xafafb1b1, 0xafaeafae, 0xb1afb1b1, 0x848284ae, 0xafafb1b1,
0xae82aeaf, 0xaeafaeb1, 0xae84aeae, 0xaeaf84ae, 0xb184aeaf, 0xafb1afaf, 0xaf84aeaf, 0xaeafafae,
0x84aeaeaf, 0xa28282ae, 0x84aeae82, 0x8282aeaf, 0xaeafae81, 0xa2a2afaf, 0xafb1afae, 0xaeaeafaf,
0xafb1b1ae, 0xafa2afaf, 0xb1afb1ae, 0xafaeafaf, 0xafaeafae, 0xaeaeafaf, 0xb1aeb1af, 0xa2afafaf,
0xa2a282af, 0xafafae82, 0x8282a2a2, 0xaeafae82, 0x8282a2af, 0xaeaeae82, 0x82a2a2ae, 0x82a2a282,
0x82a2a2a2, 0x73a2a2a2, 0xa2a2a282, 0x73a2a282, 0xa2a3afa2, 0x73a2a2a2, 0xa2afa2ae, 0xa2a3a3a2,
0x8182aeaf, 0x81738181, 0x81a2afae, 0x81738173, 0xa2aeaeae, 0x8181a281, 0xa2a2ae82, 0x8181a2a2,
0x82a2ae82, 0x8282a2a2, 0x73a2a373, 0xafa28173, 0x73737373, 0xafae7373, 0x9e737373, 0xaea27373,
0xb1ae8481, 0xb1b1b1b1, 0xafae8481, 0xb1b1b1b1, 0xb1b1ae81, 0xb1b1b1b1, 0xb1b1ae81, 0xb1b1b1b1,
0xb1b1b1ae, 0xb1b1b1b1, 0xb1b1b1af, 0xaeaeaeaf, 0xafb1b1af, 0x8181a2af, 0xaeafafaf, 0xa273a2af,
0xb1b1b1b1, 0xb1b1b1b1, 0xb1b1b1b1, 0xb1b1b1b1, 0xb1b1b1b1, 0xb1b1b1b1, 0xb1b1b1b1, 0xb1b1b1b1,
0xb1b1b1b1, 0xb1b1b1b1, 0xb1b1b1ae, 0xb0b0b1b1, 0xb1b1ae81, 0xaeaeb1b1, 0xb1b18481, 0xaeaeafb1,
0xb1ae84b0, 0xb4b1b1b1, 0xc1b1b0b1, 0xb1b1c4c5, 0xc5c1b1b1, 0xb1b4c4c5, 0xc5c5b1b1, 0xc4b4b4c4,
0xc5c5c1b1, 0xc4b1b4c4, 0xc5c5c1b1, 0xb1aeb0b4, 0xc5c1b1b1, 0xb1b0b0b1, 0xc5b1b1b0, 0xb1b1b0b4,
0xc4c1b0b0, 0xc6c6c4c4, 0xc4b0aeb0, 0xc7c6c4c4, 0xc4b0b1b4, 0xc7c6c4c6, 0xc4c4c4c4, 0xc7c7c6c4,
0xc4c1c1c4, 0xc7c6c4c4, 0xc4c4c4c4, 0xd4c6c4c4, 0xc4c4c4b1, 0xc7c6c4c4, 0xc4c4b1b1, 0xc7c6c4c1,
0xd4d4d4c7, 0xd4d4d4d4, 0xd4d9d4c7, 0xd4d4d4d4, 0xd4d4d4d4, 0xd4d4d4d4, 0xd4d4d4d4, 0xd4d4d4d4,
0xd4d4d4d4, 0xd4d4d4d4, 0xd9d4d4d4, 0xd4d4d4d4, 0xd4d4d4d4, 0xd4d4d4d4, 0xd4d4d4d4, 0xd4d4d4d4,
0xaaacaaaa, 0x6e789daa, 0xaaaaaaa0, 0x6d6e78a1, 0xa9acaaa0, 0x6d6d78a0, 0xa9aaa0a0, 0x7878789d,
0xaaa19d9d, 0x6b6b6ea1, 0xa0a0a1a0, 0x6d6b789d, 0x9d9d9d78, 0x6e6d6e78, 0x9d9d9d77, 0x6b476b78,
0x6b6b6e78, 0x1d404848, 0x486e7878, 0x1d2c4048, 0x40486b6b, 0x2c404040, 0x40406b6e, 0x40404040,
0x48476e6b, 0x2c404048, 0x4840406b, 0x40404848, 0x6b48486b, 0x40404848, 0x6b6b6b48, 0x40404048,
0x1d40401d, 0x0f0f0f1d, 0x401d2c2c, 0x07070f1d, 0x0f1d1d2c, 0x070f0f0f, 0x0f1d2c40, 0x0f0f0f0f,
0x1d1d2d40, 0x0f0f1d0f, 0x1d1d4040, 0x0f0f1d0f, 0x1d1d4040, 0x0f070f0f, 0x1d1d4040, 0x0f070f1d,
0x0f1d0f0f, 0x0f0f0f0f, 0x0f0f0f07, 0x0f070f0f, 0x07070f0f, 0x07070707, 0x070f0f0f, 0x07070707,
0x070f0707, 0x0f070707, 0x07070707, 0x07070707, 0x070f0707, 0x070f0707, 0x0f0f0707, 0x0f0f0707,
0x0f0f0f0f, 0x1d1d1d0f, 0x0f0f1d0f, 0x1d0f0f0f, 0x0f0f0f07, 0x0f0f0f0f, 0x07070f0f, 0x0f0f0707,
0x07070f0f, 0x0f070707, 0x07070707, 0x0f070707, 0x07070707, 0x0f070707, 0x0f070707, 0x0f0f0707,
0x0f1d1d1d, 0x0f0f0f0f, 0x0f0f0f1d, 0x0f0f0f0f, 0x1d0f1d1d, 0x0f2d1d1d, 0x1d1d1d1d, 0x0f1d1d0f,
0x0f0f0f0f, 0x1d1d0f0f, 0x0f0f0f07, 0x2d1d1d0f, 0x0f0f0f0f, 0x0d1d2f1d, 0x1d1d0f0f, 0x0f2d2d2d,
0x071c0707, 0x06061c1c, 0x1c070707, 0x0606071c, 0x07071c0f, 0x06060707, 0x0707071c, 0x06060607,
0x07070707, 0x06060607, 0x061c2d1d, 0x06060606, 0x070f0f07, 0x06060606, 0x071c0707, 0x06060606,
0x0706071c, 0x0606061c, 0x0707071c, 0x1c1c0606, 0x061c061c, 0x06060606, 0x06060606, 0x06060306,
0x06060606, 0x03060606, 0x03060607, 0x03030606, 0x06060607, 0x06060606, 0x06060606, 0x06060606,
0x0e1c0606, 0x06060606, 0x06060606, 0x0e0e1e1c, 0x1c1c0606, 0x0e060e1e, 0x1c0e0606, 0x1e0e0e1e,
0x0e060306, 0x1e060606, 0x06060303, 0x1e060603, 0x03030306, 0x1e1e1c06, 0x0303060e, 0x1c0e0603,
0x1e030606, 0x2f2d1c0e, 0x0e03061c, 0x2d1e0e0e, 0x06060e1c, 0x2d2f0606, 0x0e06060e, 0x2d2d1c06,
0x0606060e, 0x1e1e1e06, 0x061c0e0e, 0x0d1c1c06, 0x0306060e, 0x2d2d1c06, 0x0606061e, 0x2d1c1c06,
0x06030e1e, 0x0606060e, 0x0306060d, 0x03030606, 0x0e06061e, 0x03030303, 0x06030e1e, 0x03060306,
0x03061e2d, 0x030e0306, 0x03061c1c, 0x06060606, 0x0e060e1e, 0x06030303, 0x1e0e0d2d, 0x03060306,
0x060d0303, 0x1b0d0d0d, 0x03060603, 0x1b0d0d06, 0x06030303, 0x3c2a1b06, 0x06060303, 0x3c3c2d0d,
0x06060303, 0x3c2a2a0d, 0x1b030306, 0x3b3b3c3c, 0x1b060606, 0x3c2a2a3c, 0x1b060606, 0x3d2a2a1b,
0x3b3d2a1b, 0x653d3d3b, 0x3d3d3b2a, 0x6565653d, 0x5d3d3d3b, 0x5d5d655e, 0x5d3b3b3b, 0x6565655e,
0x3d5d5d3d, 0x6c5d5d59, 0x595d5e3d, 0x65595d59, 0x595d5e5d, 0x65605959, 0x5d653d3b, 0x6565605d,
0x6560605d, 0x60606594, 0x65656565, 0x5f60655d, 0x6060655d, 0x595f5f5f, 0x605d6065, 0x5f5f5d5f,
0x5d5f9898, 0x60595959, 0x5965989b, 0x605d5959, 0x59659898, 0x5d595959, 0x5d609598, 0x5f595959,
0x595d6060, 0x595f5f5f, 0x5f5f605f, 0x5f60605f, 0x605f5d59, 0x65655f5f, 0x5f595959, 0x94605f5f,
0x60595f60, 0x605f6060, 0x605f5d5d, 0x5f606060, 0x605f595d, 0x60606060, 0x5f595f5f, 0x65605f5f,
0x5f5f5f5f, 0x6560605f, 0x5f5f5959, 0x6060605f, 0x595f5f5f, 0x605f5f59, 0x595f6060, 0x5f5f5f59,
0x5f606060, 0x5f5f5f5f, 0x5f606060, 0x5f5f5f5d, 0x60606065, 0x5f59595f, 0x60606094, 0x5f5f595f,
0x97949465, 0x65949497, 0x98989794, 0x97979898, 0x97946594, 0x97979497, 0x94946065, 0x65656565,
0x6594605f, 0x5f656565, 0x5f60605f, 0x65945f5f, 0x5f5f5f5f, 0x5f5f5f5f, 0x5f5f5f5f, 0x595f5f5f,
0x65949465, 0x5d595960, 0x94656597, 0x5f5f6465, 0x65659798, 0x5f949794, 0x65659497, 0x65949465,
0x645f5f65, 0x65656464, 0x655f5f64, 0x5f5f595f, 0x5f5f5f65, 0x5959595f, 0x5f5f605f, 0x5f5f5f5f,
0x64979765, 0x595f5f5f, 0x97986564, 0x5d5f5f64, 0x94945f5f, 0x5f656594, 0x5f5f5f65, 0x5d646565,
0x5f5d5f65, 0x5f5f645f, 0x5f5f5f5d, 0x5f5d5d5f, 0x65645d5d, 0x5d5d5d5d, 0x5f5f5859, 0x58595859,
0x595f595d, 0x5d5d5f5d, 0x5d5d5f5d, 0x5d5f5f5d, 0x5d5d5f5f, 0x5d5d5d5f, 0x5f585f5f, 0x645d5d5f,
0x5d585d5d, 0x645d5f5f, 0x58585d5d, 0x5d5f6564, 0x58595d5d, 0x5d5d645f, 0x58595d59, 0x5d5d5f58,
0x5d64645d, 0x645d5c5c, 0x5d625d5d, 0x5d5c585d, 0x6464645d, 0x5c585c64, 0x64646464, 0x3d5c5d64,
0x64645d5d, 0x5d5d6465, 0x5d5d5d5d, 0x64646464, 0x5d5d5c5d, 0x64656564, 0x58585c5d, 0x64646564,
0x64646464, 0x5d5d5d64, 0x64646464, 0x5d5d5d64, 0x65646464, 0x5d5d5d5d, 0x645d5d5c, 0x5d5d5d64,
0x5d5c585c, 0x5c5d5d64, 0x5d5c5c64, 0x5c5d5d5d, 0x5d5c5c64, 0x645d5d5d, 0x5d626464, 0x5d5c5d64,
0x5d5c5c5d, 0x6564625d, 0x5c5c5d5d, 0x625d5d62, 0x5d5d5d5d, 0x6262625d, 0x5d5d625d, 0x64646464,
0x5d626464, 0x6462625c, 0x5d646464, 0x64625c5c, 0x65646264, 0x625d6262, 0x6a646464, 0x626a6a6a,
0x5d5c5c64, 0x62626464, 0x62626264, 0x5c5d625d, 0x64646262, 0x625c5c62, 0x64626262, 0x5c625d62,
0x625d6262, 0x62626264, 0x62626264, 0x62626262, 0x62646264, 0x62625c62, 0x62626462, 0x623f3f62,
0x6262625c, 0x5c625c3f, 0x6262625d, 0x3f616262, 0x62625d62, 0x61616262, 0x6262625d, 0x62616162,
0x6a696262, 0x61616269, 0x67675d5d, 0x3f5c6262, 0x62626262, 0x3f616161, 0x6a623f62, 0x61616262,
0x61615c61, 0x67673f61, 0x613f5c61, 0x62443f62, 0x3f3f3f62, 0x3f446262, 0x3f3f6162, 0x44616261,
0x3f616162, 0x44616161, 0x3f446161, 0x44443f3f, 0x61616261, 0x3f3e3f61, 0x61613f62, 0x3f3f4444,
0x44443f67, 0x42423e3e, 0x3e3e4467, 0x1e3e3e3e, 0x3e446744, 0x1e2b2b2b, 0x42444444, 0x1e0e0e2b,
0x45453e44, 0x0e0e2b42, 0x44454461, 0x100e1e44, 0x44454544, 0x09104244, 0x45456767, 0x041e4245,
0x0e1e1e42, 0x0b0a0808, 0x0e1e0e1e, 0x0a090808, 0x0e0e1e42, 0x09040409, 0x10101e1e, 0x04040409,
0x09100e10, 0x05050504, 0x01040909, 0x01050101, 0x01050101, 0x01010201, 0x02000001, 0x00000002,
0x04090909, 0x0b150b0b, 0x04090409, 0x09090404, 0x04090409, 0x0b0b0b04, 0x040b0b04, 0x0b090404,
0x05040505, 0x04050104, 0x01010101, 0x05050101, 0x01050502, 0x02050201, 0x02000200, 0x00020002,
0x09090b0b, 0x120b0a0a, 0x0b160b04, 0x12230a0b, 0x090b0404, 0x0b0b090b, 0x05010505, 0x05140b04,
0x01010105, 0x05050105, 0x02010505, 0x05050502, 0x00020502, 0x05020000, 0x02050200, 0x02020000,
0x0a040b16, 0x0b0b120a, 0x1212150b, 0x0b0b090b, 0x0b15140b, 0x0505050b, 0x05140c05, 0x05050505,
0x05050501, 0x050c050c, 0x05020505, 0x05050105, 0x00020502, 0x05020200, 0x00020c02, 0x05020200,
0x0b161f09, 0x1f130a0b, 0x0b120b04, 0x1516230b, 0x0b0b0904, 0x0b151405, 0x050b0b04, 0x05050505,
0x050b0b04, 0x05050105, 0x05050b0b, 0x01050202, 0x02050505, 0x05170502, 0x00000201, 0x0c0c0505,
0x13201616, 0x1f161213, 0x16162424, 0x16230b15, 0x0c050b0b, 0x19271914, 0x05050505, 0x22140c05,
0x05050505, 0x18170517, 0x05050505, 0x050c0105, 0x05050105, 0x0c050501, 0x0c05050c, 0x0c050105,
0x1f161316, 0x12161313, 0x150b0b12, 0x12121515, 0x15151515, 0x0b0b0b12, 0x14141922, 0x14141414,
0x0c0c0c18, 0x19140c0b, 0x0c0c0505, 0x0c0c0c0b, 0x0c0c140c, 0x0c0c0c0c, 0x180c1414, 0x140c0c14,
0x1f1f2016, 0x2e202020, 0x1f161515, 0x1f1f1f1f, 0x15151515, 0x1f1f1f1f, 0x15151515, 0x1f1f1f15,
0x15151514, 0x2323231f, 0x1f151514, 0x2323231f, 0x15141414, 0x23302323, 0x15151414, 0x23233223,
0x202e2e20, 0x2e2e2e20, 0x20201f1f, 0x2e2e2020, 0x201f1f15, 0x20202020, 0x24241f1f, 0x1f1f3030,
0x30302323, 0x30302323, 0x32322323, 0x30303023, 0x30303023, 0x30323230, 0x3030231f, 0x49493430,
0x35353535, 0x2e353535, 0x35353533, 0x202e2e35, 0x2e333320, 0x202e2e2e, 0x2e30301f, 0x1f201f20,
0x30303030, 0x1f1f1f1f, 0x1f303030, 0x1f231f1f, 0x23233030, 0x23232323, 0x231f3049, 0x23232323,
0x35353535, 0x2e353535, 0x4935492e, 0x3535332e, 0x2e2e2e20, 0x2e334933, 0x201f1f1f, 0x2e303330,
0x1f1f1f1f, 0x1f2e3020, 0x30231f1f, 0x1f2e3030, 0x23233030, 0x2e303023, 0x23303032, 0x1f201f30,
0x35354f35, 0x2e2e2e49, 0x49496f35, 0x35493335, 0x35354933, 0x35493335, 0x2e2e2e2e, 0x332e3333,
0x33333320, 0x33333333, 0x4949332e, 0x33493330, 0x2e493333, 0x49353333, 0x33332020, 0x33333333,
0x3535332e, 0x2e2e2e35, 0x35353549, 0x20202e35, 0x33353533, 0x2e2e352e, 0x2e2e3333, 0x2e2e352e,
0x35354933, 0x2e2e3535, 0x2e354933, 0x2e35352e, 0x2e49492e, 0x35352e20, 0x2e2e2e33, 0x35332e2e,
0x421e2e2e, 0x43454343, 0x432e2e2e, 0x42434343, 0x43432e2e, 0x1e2e2e43, 0x432e2e2e, 0x2e2e2e42,
0x2e2e2e2e, 0x4243422e, 0x2e2e3535, 0x422e2e2e, 0x2e353335, 0x2e2e2e2e, 0x35352e2e, 0x202e2e2e,
0x43454543, 0x423e1e42, 0x43424342, 0x43423e42, 0x4342422d, 0x3e3e4343, 0x423e2d2d, 0x3e3e4242,
0x3e422d2e, 0x2d1e1e1e, 0x43424242, 0x1e3e3e2d, 0x421e2d2e, 0x3e424443, 0x2d2e1e20, 0x47444542,
0x44444743, 0x44686847, 0x3e444443, 0x4442423e, 0x3e3e3e3e, 0x3e1e3e3e, 0x3e3e3e3e, 0x1e2b3e3e,
0x2b3e3e3e, 0x3e3e3e3e, 0x2b2b1e1e, 0x3e3e3e2d, 0x2d1e1e1e, 0x2b3e3e3e, 0x3e424343, 0x2b1e1e1e,
0x67444444, 0x44444467, 0x44443e3e, 0x3f3f3f44, 0x4344433e, 0x3e3e2d2d, 0x2d432d3e, 0x3e3e2d3e,
0x2b2d3e3e, 0x3e3e3e2d, 0x2b2b2d3e, 0x2b3c3e2b, 0x3e3e3e2b, 0x2b2b2b2b, 0x3e3e3e2b, 0x2b2b2b3e,
0x62626244, 0x68676767, 0x6244443f, 0x67626262, 0x443f3e3e, 0x44626262, 0x5d3e3e3e, 0x44626244,
0x443e3e3e, 0x44445d44, 0x5d3e3e3e, 0x5d5d3e3e, 0x5d3e3e3e, 0x3e3e3e2d, 0x5d3e3e3e, 0x2b3e3e2d,
0x67626768, 0x67676267, 0x67686867, 0x62626762, 0x62676244, 0x62626262, 0x44443f5d, 0x6262623f,
0x3e3c3e3f, 0x44443f3f, 0x3e3c3e2d, 0x3f3f3f5d, 0x3e3e3e3e, 0x3e3c3c3e, 0x3e3c3e2b, 0x3e3c2b2b,
0x6a696767, 0x6a676767, 0x6a6a6767, 0x62616267, 0x726a6762, 0x62676a6a, 0x68676762, 0x676a6a67,
0x62444444, 0x67676767, 0x62443f3f, 0x67626262, 0x623f3e3e, 0x62626262, 0x3f3f3c3e, 0x62446262,
0x6a676769, 0x62626169, 0x6a6a6762, 0x6262696a, 0x6a696762, 0x62696a6a, 0x62616162, 0x62626267,
0x67676267, 0x61626767, 0x6a726767, 0x6161626a, 0x6a6a6262, 0x62626267, 0x67686762, 0x62676a68,
0x69676761, 0x72737171, 0x67616761, 0x69727271, 0x61616a69, 0x69696969, 0x61696a69, 0x61616269,
0x61626161, 0x61616269, 0x64696261, 0x61616969, 0x61626262, 0x69626962, 0x62616269, 0x67626262,
0x67616972, 0x73717169, 0x61616972, 0x73716767, 0x61616269, 0x71716767, 0x69676162, 0x71717169,
0x69696261, 0x71676971, 0x69696767, 0x71676769, 0x69696969, 0x71676169, 0x61696961, 0x73696161,
0xafa28273, 0x828282af, 0x82827373, 0x828282a2, 0x82737371, 0x8282a2a2, 0xa2737371, 0xa282a2a2,
0xa2a27371, 0xafa2a2a2, 0xa2a27373, 0xafa28282, 0x9ea27373, 0x82827373, 0x739e739e, 0x82827373,
0xaf848482, 0xafafafaf, 0xafaf8482, 0xafafafaf, 0xaf84af82, 0xafaf84af, 0xafafafaf, 0x84afafaf,
0xafaeafaf, 0xafafafaf, 0xafafafaf, 0xafafafaf, 0xafafaf82, 0xafafafaf, 0x8484af82, 0xafafafaf,
0xb1b1b1af, 0xafafafb1, 0xafb1b1af, 0xb1b1afb1, 0xb1b1b1af, 0xb1b1b1b1, 0xafb1b1af, 0xb1b1b1b1,
0xafb1b1af, 0xafafafaf, 0xb1b1afaf, 0xae8284af, 0xb1afafaf, 0xaf84aeaf, 0xafae84af, 0xaeaeaeaf,
0xaeafb1b1, 0xafafaf84, 0xaeafb1b1, 0xafb1af84, 0xaeb1b1af, 0xafafafaf, 0xafafb1af, 0xafafaeae,
0xafafafaf, 0xaeaf84ae, 0xaeafafaf, 0xaeafafaf, 0xa282afaf, 0xa2aea2af, 0xa2ae82ae, 0xaf8282a2,
0xaeaeafaf, 0xaeafafaf, 0xafaeafaf, 0xaeaeafaf, 0xaeafafb1, 0xafafaeae, 0xaeafb1af, 0xafae82af,
0xafafafae, 0xaf8282ae, 0xa2aea2a2, 0xaeaea2a2, 0x73a2a2a2, 0x82ae8273, 0x7382a2a2, 0x82aea273,
0xaf82a2ae, 0xaeafaeae, 0xafae81a2, 0xaeafafae, 0xafaf82ae, 0x84aeaeae, 0xafafaeae, 0x8484aeaf,
0xafafaeae, 0xafae84af, 0xafaeae82, 0xafaeaeaf, 0xaeaeaf82, 0xaeaeafaf, 0xa2aeafa2, 0xae82aeaf,
0xafafafaf, 0xafafafae, 0xafafafaf, 0xa2afafaf, 0xafafafb1, 0xa2a2afaf, 0xb1b1afaf, 0x73a2a2af,
0xb1afaeaf, 0x9ea2a3af, 0xafafaeaf, 0x9ea3a3af, 0xafafafae, 0x9ea2a3af, 0xaea2aeaf, 0x7373a2a2,
0xa2a2a2a2, 0xa2afafa3, 0xa2a2a2a2, 0xa2afafaf, 0xa2a2a273, 0xa2a2a3a2, 0x73a29e73, 0x9ea2a3a2,
0x73a2a273, 0x739ea29e, 0x9e9e9e73, 0x72727373, 0x739e9e73, 0x69697173, 0x71719e9e, 0x69697172,
0x73737373, 0x73737171, 0x719e7371, 0x73717171, 0x71717171, 0x71696969, 0x69717171, 0x67696969,
0x69696971, 0x61696969, 0x69696971, 0x69696969, 0x69696969, 0x69696969, 0x69696969, 0x69696469,
0xa2a2a282, 0xa27371a2, 0x71717373, 0x7371719e, 0x69717171, 0x71676971, 0x67697167, 0x71696969,
0x69716961, 0x71716969, 0x71716969, 0x69696969, 0x9a717171, 0x61616971, 0x71716969, 0x6161699a,
0xafafaea2, 0xaea2aeaf, 0xa2a28273, 0xa28182a2, 0x73737371, 0xa29e9e73, 0x73737171, 0x9e9e7371,
0x71717171, 0x9e9e7171, 0x71717171, 0x9e9e7171, 0x71716969, 0x739e9e71, 0x71716969, 0x9e9e9e9e,
0xc4b1b1b0, 0xb4b0b0b4, 0xb4afb4af, 0xb4b0b0b4, 0xaea2aea2, 0xb4b1b4b4, 0xa29ea273, 0xb4b4b4ae,
0xa29e9e73, 0xb4b4b1a2, 0xa29e7371, 0xb4b4aea2, 0x9e9e7171, 0xaea2a2a2, 0x7373719e, 0x739ea2a2,
0xb1aeb0b1, 0xc7c7c4c4, 0xb0aeb4b4, 0xd4c7c7c4, 0xb1b4b4b4, 0xc7c7c6c4, 0xc5b4b4b4, 0xc7c7c7c7,
0xc7b4b4b4, 0xc7c7c7c7, 0xc4c4b4b1, 0xc7c7c7c7, 0xc4c4aea2, 0xc7c7c7c7, 0xc4c4ae81, 0xc4c7c7c5,
0xd4d4d4d4, 0xd4d4d4d4, 0xd4c7d4d9, 0xd4d4d4d4, 0xc6c7c7d9, 0xd4d4d4c7, 0xc6c6c7c7, 0xd4d4c7c6,
0xc6c6c7c7, 0xc7d4c7c6, 0xc6c6c6c6, 0xc6c6c6c6, 0xc6c6c4c4, 0xc6c6c6c6, 0xc6c4c4c4, 0xc6c6c6c7,
0x9d9d9d78, 0x6b486b78, 0x789d786d, 0x6b6b6b6d, 0x6d786d41, 0x6b636363, 0x6b6d4141, 0x6b6b4141,
0x6b63636b, 0x63412c41, 0x41416b63, 0x41416363, 0x4141636b, 0x47414763, 0x41414141, 0x63474163,
0x6b786b47, 0x40404048, 0x486b6b48, 0x40404048, 0x4048406b, 0x40404040, 0x40484048, 0x2c404040,
0x40484040, 0x1d2c4040, 0x2c2c4040, 0x1d1d1d1d, 0x2c2c4041, 0x1d1d1d1d, 0x1d2c4648, 0x1d1d2c1d,
0x1d1d4040, 0x0f07070f, 0x0f1d4040, 0x0f070f0f, 0x0f0f1d40, 0x070f1d1d, 0x0f0f1d40, 0x070f1d1d,
0x1d0f1d1d, 0x070f1d1d, 0x1d1d0f1d, 0x07070f0f, 0x1d1d0f1d, 0x07070f0f, 0x0f0f0f1d, 0x07070f0f,
0x0f0f0707, 0x070f0f0f, 0x0f070f07, 0x070f1d1d, 0x07070f07, 0x07070f07, 0x070f0707, 0x07070707,
0x07070707, 0x07070707, 0x07070707, 0x06070707, 0x07070707, 0x06070707, 0x07070707, 0x07070707,
0x0f070707, 0x0f0f070f, 0x0f0f0707, 0x07070707, 0x0f070707, 0x07070f07, 0x07070707, 0x07070707,
0x07070707, 0x06070707, 0x07070707, 0x07070707, 0x07070607, 0x07070707, 0x07070707, 0x07070707,
0x0f0f0f0f, 0x070d1d0f, 0x070f0f0f, 0x07070707, 0x0f070707, 0x07070f0f, 0x07070707, 0x07070f0f,
0x07070707, 0x07070707, 0x0f070707, 0x071c070f, 0x07070706, 0x0707070f, 0x07070707, 0x0f1c0707,
0x07070707, 0x06030707, 0x06060707, 0x06060606, 0x06060707, 0x1c060606, 0x06060607, 0x06060606,
0x06060707, 0x03060606, 0x03071c07, 0x06060603, 0x06060707, 0x06060706, 0x06061c2d, 0x03030706,
0x0306061c, 0x0603030e, 0x03060606, 0x0303060e, 0x06030603, 0x03030303, 0x03060606, 0x03030306,
0x03030306, 0x03030306, 0x03030306, 0x06030303, 0x03030603, 0x03030603, 0x06060303, 0x03030303,
0x03060e1e, 0x0e030303, 0x0606060e, 0x0e060303, 0x06060606, 0x06060303, 0x03060603, 0x06060e0e,
0x03030303, 0x060e1e0e, 0x03060306, 0x0e060e06, 0x03030306, 0x06030303, 0x06060303, 0x06060306,
0x0e06060e, 0x1c1c1c06, 0x060e0e0e, 0x03060603, 0x03060e06, 0x03030303, 0x06030603, 0x06060606,
0x06060606, 0x06030603, 0x03060e0e, 0x03060606, 0x03060e06, 0x06060606, 0x06030303, 0x1c0d0306,
0x0e1c0606, 0x03030603, 0x06060606, 0x03030306, 0x06060606, 0x061c0d06, 0x06061c03, 0x06060d0d,
0x06030603, 0x0d0d0d0d, 0x0d030306, 0x0d1b0d0d, 0x0d06061c, 0x1b1b0d0d, 0x06060d1c, 0x3c1b1b0d,
0x06030606, 0x3c1b1b0d, 0x0d030d06, 0x3c2a1b1b, 0x0d060d06, 0x2a1b1b06, 0x0d06060d, 0x1b1b1b1b,
0x0d060606, 0x1b1b1b0d, 0x1b2a1b0d, 0x3b3b2a1b, 0x1b2a1b1b, 0x3d3b2a2a, 0x2a2a2b3c, 0x5e3d3d3b,
0x3d3b3b2a, 0x605d5959, 0x3d3b2a3b, 0x65605d5d, 0x3b2a1b2a, 0x605d5d5d, 0x3b2a2a1b, 0x605d5d59,
0x3b3b3b2a, 0x5d605d3d, 0x3d3d3b2a, 0x6560605d, 0x593d3d3d, 0x65656560, 0x65655e65, 0x65656565,
0x5f65655f, 0x59595959, 0x9495605d, 0x595d595d, 0x95655f5f, 0x59595965, 0x65605f60, 0x59595f98,
0x6560605f, 0x595d9498, 0x605f5d5f, 0x595f6565, 0x5f59595f, 0x59606560, 0x59595f60, 0x6060605f,
0x5f5f5f59, 0x605f5f5f, 0x5f5f5f59, 0x605f5f5f, 0x5f5f5959, 0x5f595f5f, 0x5f595959, 0x5f5f5f5f,
0x5f5f5959, 0x5f5f5f5f, 0x5f5f5f59, 0x5f5f5f5f, 0x595f5f59, 0x5f5f5f5f, 0x5f5f5959, 0x605f5859,
0x60949494, 0x5f606060, 0x65949494, 0x60609494, 0x65606060, 0x5f659465, 0x655f6065, 0x5f659465,
0x6594655f, 0x60949460, 0x6594655f, 0x60949465, 0x94949460, 0x60606094, 0x94946560, 0x60606094,
0x5f5f5f5f, 0x5f5f5f5f, 0x595f5f60, 0x645f5f5f, 0x5f5f595f, 0x5f5f595f, 0x5959595f, 0x59595957,
0x59595f5f, 0x5f5f5859, 0x595f5f5f, 0x59595959, 0x59595960, 0x58575959, 0x5f595f60, 0x5859595d,
0x5f5f5f5f, 0x5f59595f, 0x595f5f65, 0x58595959, 0x595f5f5f, 0x595f5959, 0x595f5f5f, 0x59585859,
0x5959585f, 0x5859595f, 0x59595859, 0x58595f5f, 0x59595959, 0x59595f59, 0x59595959, 0x595f5859,
0x585d5d5f, 0x583d5858, 0x585d5f5d, 0x585f5d3d, 0x5d5d5d58, 0x5d5d5858, 0x5f5d5858, 0x58585859,
0x5f5d5858, 0x5858585d, 0x5d595d59, 0x595d5f5f, 0x5d5d5f59, 0x585d5f5f, 0x5d5f5858, 0x5d5d5f5d,
0x58595d5d, 0x64645858, 0x5d585d58, 0x585d5f5f, 0x59585858, 0x5d5d5d5d, 0x595d5d5d, 0x6458585d,
0x5d58595d, 0x64585d5f, 0x58585d59, 0x5c5d5f58, 0x58595d58, 0x5d645d58, 0x58595858, 0x5d583d58,
0x5c5c5c64, 0x645d5c5c, 0x5c5f645f, 0x645d3d3d, 0x5d645d5d, 0x5d583d3d, 0x64646462, 0x3d3d5c5d,
0x5c5d5d64, 0x5c5d5d5c, 0x645d5c5c, 0x5d5d3d5c, 0x645d5c58, 0x5d5c5d5d, 0x5c5d5c5c, 0x5d646464,
0x5d64645d, 0x5c5d645d, 0x645c5c5d, 0x5d645d5d, 0x5c58585d, 0x5d5d5c3d, 0x3d3d5d3d, 0x5d585c58,
0x5c5c3d3d, 0x58585c3d, 0x5d5c5c5d, 0x5c5c5c5d, 0x5c5d5d64, 0x5d625d64, 0x5c5c5d5d, 0x5d645d5d,
0x6264645d, 0x626a6a6a, 0x64645c5c, 0x62696a64, 0x625d5d5d, 0x6464646a, 0x5c5d6462, 0x3f626464,
0x5c625d5d, 0x3f62645c, 0x5d5d5d5d, 0x5d5d5d5c, 0x5d5c5c5d, 0x625d6264, 0x5c5c5c5c, 0x5d626a62,
0x62626462, 0x5d5d625d, 0x5d5c5d64, 0x6a626262, 0x3f3f5d64, 0x62623f3f, 0x5d62625d, 0x3f3f3d3f,
0x6262625c, 0x3f3f5c5d, 0x6262625c, 0x3f5c6262, 0x62625d62, 0x3f3f5c62, 0x625d5d5d, 0x3d3f6269,
0x62623f62, 0x67615c62, 0x6262676a, 0x623f6262, 0x6762696a, 0x62626261, 0x62626462, 0x6262443f,
0x62696262, 0x44626144, 0x6a67625c, 0x3f626267, 0x67625c3f, 0x62676267, 0x62623d3d, 0x67676267,
0x61616267, 0x44446161, 0x61626767, 0x453f3f3f, 0x62616767, 0x3e3c3e44, 0x67676762, 0x2b2b3e45,
0x67676761, 0x42424567, 0x4562613f, 0x456f6f45, 0x3e3f4444, 0x4545673e, 0x423f3f44, 0x3e42453e,
0x67676767, 0x1042423f, 0x45454444, 0x1f1f4245, 0x4545443e, 0x121f4245, 0x4544421e, 0x091f424a,
0x45422b2b, 0x1f2e426f, 0x423e2b3e, 0x42424542, 0x42454542, 0x1f2e4242, 0x45454542, 0x1f424245,
0x00000209, 0x00000000, 0x02020509, 0x00000000, 0x00020509, 0x00000000, 0x00020509, 0x00000000,
0x00010909, 0x02050500, 0x0105091f, 0x05050501, 0x0509102e, 0x05050405, 0x04040910, 0x05050104,
0x00000000, 0x00000000, 0x00000000, 0x00000000, 0x00000000, 0x00000000, 0x00000000, 0x00020200,
0x00000000, 0x02251702, 0x05020105, 0x29291a05, 0x0c050505, 0x29290c05, 0x05010105, 0x020c0505,
0x02020000, 0x020c020c, 0x02020000, 0x17021717, 0x02000000, 0x1702171a, 0x02000000, 0x170c171a,
0x02000002, 0x02020202, 0x02000002, 0x02020502, 0x00020217, 0x02000202, 0x00020202, 0x05020002,
0x02050202, 0x02000000, 0x02020502, 0x00020202, 0x02020202, 0x00000000, 0x02020002, 0x02020202,
0x02020002, 0x02020202, 0x00000002, 0x02020200, 0x02020205, 0x05050202, 0x05050505, 0x0505050c,
0x02000000, 0x05050505, 0x05000000, 0x0505050c, 0x02020000, 0x05050505, 0x02020002, 0x05050501,
0x05050502, 0x01010505, 0x05050500, 0x01010105, 0x0c050505, 0x050c0505, 0x05050505, 0x0c0c0505,
0x0c0c0c05, 0x0c050105, 0x0c0c0505, 0x0c170505, 0x05050505, 0x0c0c0505, 0x0105050c, 0x05050505,
0x05050505, 0x05050505, 0x05050501, 0x05050505, 0x05050505, 0x050c0505, 0x05050c17, 0x0c050505,
0x0c050505, 0x1414140c, 0x0c0c0505, 0x14140c0c, 0x0c0c0c0c, 0x1414140c, 0x0c18180c, 0x14141414,
0x0c141405, 0x14141414, 0x0c0c0c05, 0x14141414, 0x18140c05, 0x14141418, 0x180c0c0c, 0x22191819,
0x15151514, 0x23232323, 0x1f151414, 0x23231f22, 0x1f151414, 0x23232323, 0x22191514, 0x30232323,
0x23221514, 0x30232323, 0x22151514, 0x231f1f23, 0x23151914, 0x231f2323, 0x23222219, 0x23232332,
0x34301f1f, 0x32324949, 0x3030231f, 0x32494932, 0x30303030, 0x49493232, 0x30303032, 0x49323030,
0x30303030, 0x32303023, 0x32302323, 0x30303023, 0x30302330, 0x30232323, 0x23232323, 0x30232323,
0x30303032, 0x32232323, 0x30303232, 0x32303030, 0x49324949, 0x32323032, 0x49494949, 0x32323249,
0x49493430, 0x32494949, 0x32324930, 0x32324949, 0x32324930, 0x4b324932, 0x49323230, 0x4b4b4b49,
0x2330304b, 0x1f1f1f1f, 0x1f233049, 0x12151f30, 0x2323324b, 0x201f1f23, 0x3030344b, 0x30302424,
0x32323232, 0x30303024, 0x34323232, 0x30343232, 0x32304949, 0x30323232, 0x32324949, 0x34303234,
0x2e2e1f1f, 0x2e2e3333, 0x33331f1f, 0x33332e33, 0x49332e20, 0x33332e33, 0x332e2030, 0x33492e20,
0x33302030, 0x33333333, 0x33302020, 0x2e20202e, 0x2e202030, 0x20201f20, 0x201f2030, 0x20202020,
0x2e332e2e, 0x332e2e35, 0x2e49332e, 0x35332e2e, 0x202e2e2e, 0x35332020, 0x202e2e2e, 0x2e2e2020,
0x2e2e2e2e, 0x1f20202e, 0x2e2e2e2e, 0x2020202e, 0x1f1f2020, 0x2e2e201f, 0x1f1f2020, 0x2e2e2e20,
0x20202e2e, 0x202e2020, 0x20202e2e, 0x2e2e2020, 0x20202020, 0x20202020, 0x20201f1f, 0x201f1f1f,
0x20201f1f, 0x1f201f1f, 0x20201f1f, 0x20202020, 0x201f2020, 0x20202020, 0x2020202e, 0x10202020,
0x2e2e1e20, 0x45434242, 0x1e1e202e, 0x43422d1e, 0x1e1e1e20, 0x2e2d1e1e, 0x2e1e1e20, 0x2e1e1e1e,
0x2e2e201e, 0x2e2d1e1e, 0x1e212e20, 0x2e2e1e1e, 0x1e202020, 0x1e1e1e1e, 0x1e1e1010, 0x10101e1e,
0x1e2d4243, 0x1e1e1e1c, 0x1e2d4342, 0x2d1c1c1c, 0x1e2d2e43, 0x1c1c1c0e, 0x1e2d2e2e, 0x1c1e1e1e,
0x1e1e1e1e, 0x1c1c1e2d, 0x1e1e1e1e, 0x1c1c1e1e, 0x1e2d2d1e, 0x1c0e1c1e, 0x1e2d1e1e, 0x1e1e1e1e,
0x2d2d2d2d, 0x3e3e3e3e, 0x2b2b2b2d, 0x3e3e2d2b, 0x1c1c1c1c, 0x3e2d2b2b, 0x1c1c1c1c, 0x2b2b1c1c,
0x1c1c1e1c, 0x2b1c1c1c, 0x1c1c1c1c, 0x2b2b2d1c, 0x1c1c1c1c, 0x1c1c1c1c, 0x1e1e1c1c, 0x1c1c1c1c,
0x3e3e2b2b, 0x2b442d3e, 0x2b2b3e3e, 0x2d442d2b, 0x2b2d3e3e, 0x432d3e2b, 0x2d3e3e2b, 0x2d2b2b3e,
0x2d3e3e2d, 0x432d2b2d, 0x2d3e2b2d, 0x2d433e43, 0x3e2b2b2b, 0x3e2d4343, 0x2b3e3e2b, 0x3e2d3e2d,
0x2b3e3e2b, 0x3c2b2b2b, 0x2b2b2d2d, 0x3e2b2b2b, 0x2b2b3e3e, 0x2b2b2b2b, 0x2d2d2d3e, 0x2b2d2b2b,
0x2b2b2b3e, 0x3e3e2b2b, 0x2b2b2d2d, 0x2d2b2b1c, 0x2b2d2d2d, 0x2b0e2b1c, 0x2d3e2d2d, 0x2b2b2b2d,
0x3f3f3e3e, 0x3f44623f, 0x3f3f3e3e, 0x3f3f445d, 0x3c2b2b3e, 0x3e5d3e2b, 0x2b2b2b2b, 0x3c3c3c2a,
0x2a2b2d3e, 0x2b3c2b2b, 0x2a2b2b3e, 0x2b3c2b2b, 0x2b2b2d2b, 0x3e3e2b2b, 0x2b2b2b2b, 0x3e2b2b2b,
0x6a626262, 0x67676a6a, 0x6862443f, 0x62626267, 0x6244443f, 0x68626268, 0x3f3f5d3e, 0x62443f3f,
0x3e3e3e3c, 0x5d5d5d3e, 0x3e3e2b2b, 0x3f3f3e3c, 0x3e2b2b2b, 0x3c3c2b3c, 0x2b2b2b2d, 0x3c2b0e2b,
0x69696a6a, 0x69626162, 0x62626262, 0x62613f62, 0x62626262, 0x61616162, 0x62626868, 0x62624462,
0x44626244, 0x6244445d, 0x5d5d3f3e, 0x5d3f5d3f, 0x5d5d3e3c, 0x625d5d5d, 0x5d3e3c3c, 0x625d3f3e,
0x62626262, 0x9e716261, 0x62626261, 0x9f696162, 0x61626161, 0x6a675c5c, 0x62623f62, 0x62623f5c,
0x62626262, 0x62625c62, 0x62446262, 0x3f3f5d62, 0x3f5d4462, 0x3f626262, 0x625d3f5d, 0x5c626262,
0x73717173, 0x82a27371, 0x71676172, 0x82737171, 0x69696269, 0xa2737169, 0x61616162, 0xa2736761,
0x615c5c62, 0x7373673f, 0x5c3f3f5c, 0x71676161, 0x5c3f3f3f, 0x61613f5c, 0x5c5c5d3f, 0x61613f3f,
0x87828282, 0xafafafaf, 0xafaf8282, 0xafafafaf, 0xafaf8282, 0xafafafaf, 0xaf827382, 0x8784afaf,
0xa2a27373, 0x82a2a2a2, 0xa2a27371, 0xa2a2a2a2, 0x82737367, 0xa2a2a2a2, 0x73737167, 0xa2a2a2a2,
0x84aeafaf, 0xaeafafaf, 0x82afafaf, 0x8282afae, 0xaeafafaf, 0xaeaeae82, 0xafafafaf, 0xafafafaf,
0xafafafaf, 0xafafafaf, 0xafafaea2, 0xafafaeaf, 0xafa2a2a2, 0xa2a2a2af, 0xae828282, 0x81a2a2af,
0x82a2aeae, 0xa2a2a2ae, 0xafaeafae, 0xa2a2a2a2, 0xafafa2ae, 0xa2a2a2a2, 0xa2a2a2af, 0xa2a3a2a2,
0xa2a2aeaf, 0xa2a2a2a2, 0xa2a2aeaf, 0xa2a282a2, 0xa2a2a3ae, 0xa2a2a2a2, 0xa2a2a3a2, 0xa2a2a2a3,
0x82a2a2a2, 0x82a2a282, 0x82a2a2a2, 0xa282a2a2, 0x7382a2a2, 0xafa3afa2, 0x8282a2a2, 0xa2a2a2a2,
0xa2a2a2a2, 0xa2a2a2a2, 0xa3a2a2a2, 0xa2a2a2a2, 0xa2a2a2a2, 0xa2a2a2a2, 0xa28282a2, 0x8282a2a2,
0xaea2a2a2, 0xa2a2a2a2, 0xa2a2a2a2, 0xa2a282a2, 0xa2a2a3a2, 0xa2a28282, 0xa2afa2a2, 0xa2a2a282,
0x73a2a2a2, 0xa2a2a3a2, 0x73a2a2a2, 0xa3a2a2a2, 0xa2a2a2a2, 0xa2a2a2a2, 0xa2a2a2a2, 0xa2a2a2a2,
0xa2a2afaf, 0x9e7373a2, 0xa3a3afaf, 0x9e73a2a2, 0xa3afafa2, 0x7373a2a3, 0xa3a3afa3, 0x739ea3a3,
0xa2a2a2a2, 0x739ea2a2, 0xa2a2a2a3, 0x9e9e9ea2, 0xa2a2a2a2, 0x9e9e9ea2, 0xa29ea2a2, 0x7373739e,
0x71729e9e, 0x69727271, 0x72717373, 0x699a7272, 0x71729e9e, 0x69717272, 0x7172739e, 0x699a7172,
0x71717171, 0x6469719a, 0x71717273, 0x64696972, 0x7172739e, 0x61696972, 0x69719e73, 0x64696972,
0x69696469, 0x69696464, 0x64696969, 0x69696464, 0x64646469, 0x69696469, 0x64646969, 0x69646469,
0x64616464, 0x64616469, 0x64646164, 0x61646464, 0x61646164, 0x64616161, 0x61616469, 0x64646464,
0x71696164, 0x64619a71, 0x61616169, 0x69697161, 0x61646469, 0x6969695c, 0x5c646469, 0x7169615c,
0x61616164, 0x6969615c, 0x61646461, 0x69646161, 0x61646464, 0x69646164, 0x61616164, 0x69616161,
0x71676161, 0x9ea29e71, 0x71676164, 0x9e9e9e71, 0x9a696164, 0x9e9e9e9e, 0x71696969, 0x9e9e7371,
0x71696969, 0x9e737171, 0x71696969, 0x9e9e7171, 0x69696969, 0x71717169, 0x69616969, 0x9a717169,
0x73739e9e, 0x9e739ea2, 0x9e9e9e9e, 0x7373739e, 0x9e9e9e9e, 0x7373739e, 0x9e9e9e9e, 0x73739ea2,
0xa29e719e, 0x73739e9e, 0xa29e719e, 0x73717173, 0x9e73719e, 0x73717171, 0x7371739e, 0x6f6f6f71,
0xc4b1ae73, 0xb1c1c4c4, 0xb1b1aea2, 0xb1b4b4b1, 0xb1b1aea2, 0xb1b1b1b1, 0xb1b1afa2, 0xb0b0b0b1,
0xaeaeb1a2, 0xb0aeb0ae, 0xb1b1b1ae, 0xb1b1b1b0, 0xb1b1b1a2, 0xb1b1b1b1, 0xb1afae81, 0xb1b1b1b1,
0xc6c4c4c1, 0xc6c6c6c7, 0xc6c4c4c1, 0xc6c4c6c4, 0xc4c4c4b1, 0xc6c4c4c4, 0xc4c1b1b1, 0xc4c4c4c4,
0xb0b0b1b1, 0xc6c4c4c4, 0xbec1b1b1, 0xc4c1c1c1, 0xc4b0b0b1, 0xc4bebec4, 0xc4b0b0b0, 0xc6c1c4c6,
0x4747636b, 0x63634763, 0x41414147, 0x6b636348, 0x2c474763, 0x63634140, 0x48486378, 0x48412c2c,
0x40484878, 0x48402c2c, 0x406b476d, 0x402c2c2c, 0x4048486d, 0x40402c2c, 0x4048486d, 0x402c2c40,
0x1b1d406b, 0x1d2c2c1d, 0x1d1d406b, 0x1d1d1d1d, 0x1d2c466b, 0x1d1d1d1d, 0x2c1d486b, 0x1d1d1d2c,
0x2c2c4863, 0x2c2c1d1d, 0x1d2c4848, 0x402c1d1d, 0x1d404848, 0x2c2c2c1d, 0x1d40486b, 0x1d2c2c1d,
0x0f1d1d1d, 0x070f0f0f, 0x0f0f1d1d, 0x0f0f070f, 0x0f0f1d1d, 0x0707070f, 0x0f1d1d1d, 0x07070f0f,
0x1d1d1d2c, 0x0f070f1d, 0x0f1d1d1d, 0x0707070f, 0x0f1d1d1d, 0x07070f0f, 0x0f2c1d1d, 0x070f401d,
0x07070707, 0x06070707, 0x07070707, 0x06060707, 0x07070707, 0x06060707, 0x07070707, 0x07060707,
0x0707070f, 0x07070707, 0x0707070f, 0x07070707, 0x0707070f, 0x07070707, 0x07070707, 0x07070707,
0x07070706, 0x07070707, 0x07070603, 0x07070707, 0x07060606, 0x06070707, 0x07070707, 0x06070707,
0x07070607, 0x06060607, 0x07060607, 0x06070707, 0x07070607, 0x06070707, 0x070f0707, 0x07070707,
0x07070707, 0x0f0f0707, 0x06070707, 0x0f2d0707, 0x06070706, 0x07060607, 0x06070707, 0x0f0f1c07,
0x07070606, 0x1c0f0f07, 0x07070706, 0x1c0f070f, 0x07070706, 0x07070707, 0x06070706, 0x06060707,
0x0606070f, 0x06060603, 0x07070707, 0x06060306, 0x06061c07, 0x03030303, 0x0607071c, 0x03030303,
0x07070707, 0x03030306, 0x06060606, 0x03030306, 0x06030606, 0x03030303, 0x03060606, 0x030e0303,
0x06030303, 0x03060606, 0x03030306, 0x03030603, 0x03030603, 0x03030303, 0x03060303, 0x03030303,
0x03030303, 0x03030303, 0x03030303, 0x03030303, 0x03030303, 0x03030303, 0x03030303, 0x03030303,
0x06030303, 0x0303060e, 0x030e0603, 0x0e060e06, 0x030e0303, 0x03030303, 0x03030303, 0x03030306,
0x03030303, 0x0e030303, 0x03030303, 0x06030603, 0x03030306, 0x03030303, 0x06030306, 0x03030303,
0x06030303, 0x0306060e, 0x0303030e, 0x06030d06, 0x03030606, 0x061c0606, 0x03030303, 0x1c060603,
0x06030306, 0x06030303, 0x06030303, 0x06030606, 0x0d0d0603, 0x1c0d0606, 0x0d1c0603, 0x0d0d0d0d,
0x0d0d0606, 0x3c2a1b1b, 0x1c1d0d1c, 0x2a1b1b1b, 0x2d2d2d06, 0x3c2d1b1b, 0x0d1b1d1c, 0x411b0d1b,
0x0d0d0d06, 0x2a2a2b1b, 0x1b060606, 0x3b2a0d1b, 0x1b1b060d, 0x5d3c1b1b, 0x3c2a1b0d, 0x3d3d3c3c,
0x3b1b2a3c, 0x5e5d3d3d, 0x3d2a1b3c, 0x3d3d3b3d, 0x3d2a2a3c, 0x5e5d3d3d, 0x3b1b2a2a, 0x5e5d3d3d,
0x3b1b2a1b, 0x3d3d3b3b, 0x3d3b3b3c, 0x5959595e, 0x413d3d5d, 0x593d3d41, 0x65655e5e, 0x5e3d3b3d,
0x656c5d65, 0x65656565, 0x986c5e5e, 0x98666560, 0x65656565, 0x98986560, 0x6560595d, 0x98956565,
0x605d5d5d, 0x655d5d65, 0x5f606559, 0x595d5960, 0x6065605d, 0x5f986565, 0x65655d5e, 0x65656598,
0x5d605f65, 0x5f605f59, 0x605f5965, 0x605f5f59, 0x60605f65, 0x605f5f5f, 0x605f5f94, 0x5f595f5f,
0x5f5f6565, 0x5f595f5f, 0x5f5f605d, 0x5f606060, 0x945f5f59, 0x595f6065, 0x605f5f60, 0x5f606060,
0x5f5f5f5f, 0x605f595f, 0x59605f60, 0x595f5f59, 0x5f605f60, 0x595f5f5f, 0x5f5f5f60, 0x5f5f5b5f,
0x5f5f5f60, 0x5958575f, 0x5f5f5f5f, 0x595f5f59, 0x605f5f59, 0x5f5f5f5f, 0x5f5f5f59, 0x595f6060,
0x94946060, 0x5f606094, 0x94945f5f, 0x5f5f6594, 0x60605f5d, 0x5f609494, 0x6060605f, 0x5b5f5f60,
0x5f5f5f59, 0x5f5f5f59, 0x59595959, 0x5f595959, 0x5f595f59, 0x5f59595f, 0x5f5f5959, 0x5b595f5f,
0x59595f5f, 0x58595959, 0x58595f5f, 0x58585958, 0x5f5f5959, 0x5f5f595f, 0x5f5f595b, 0x605f585f,
0x5959595f, 0x59595f5f, 0x5859595f, 0x595f5959, 0x59595f5f, 0x5f5f5958, 0x595f5f5f, 0x5f5f5959,
0x59585757, 0x58585759, 0x58575758, 0x57585858, 0x573b5959, 0x58585858, 0x5858585f, 0x58585958,
0x58585f5f, 0x58595958, 0x595f5f59, 0x59585758, 0x5f5f5f5f, 0x57585858, 0x5959585f, 0x57585f5f,
0x5d5d5858, 0x5f5d585f, 0x58585958, 0x5d5d5f5f, 0x583b5857, 0x5f5f5f59, 0x59585859, 0x5f5d585d,
0x58585859, 0x59585958, 0x58585959, 0x58585858, 0x58585858, 0x585d5d58, 0x5958583b, 0x585f5858,
0x58585d5d, 0x58583d58, 0x585f5f5f, 0x58585858, 0x5f645f5d, 0x5858585d, 0x5f5d5d5d, 0x58585d64,
0x5f5d5d5d, 0x585d645f, 0x5c595d5d, 0x5d5f5f5d, 0x58585858, 0x5d5d5858, 0x58585d58, 0x5d5d5858,
0x3d3d645d, 0x6464645d, 0x5d5d5d5f, 0x645d5c58, 0x5d5c5d5d, 0x5c3d3d5d, 0x5d5d5d58, 0x3d3d5c5d,
0x5d5d5c3d, 0x5c5c5c58, 0x5d5d645d, 0x3d5c5c5c, 0x6464645c, 0x58585c5c, 0x5d5f5d5c, 0x585c5d5d,
0x5c5c5d5d, 0x625c5d5c, 0x5c585c5d, 0x625d585c, 0x3d3d5c5d, 0x5d585c58, 0x5c5d5d3d, 0x5c58645c,
0x5f5d5c3d, 0x5c3d5c5d, 0x5d5c3d3d, 0x5d5d5d64, 0x583d3d3d, 0x5d62645d, 0x3d3d3d3d, 0x645d5c58,
0x5c5d5c5d, 0x5d646a5d, 0x5c626264, 0x646a625c, 0x5d5d6262, 0x643f3d5c, 0x625d5d5d, 0x5c3f5d62,
0x5d5c5c5d, 0x5c62625d, 0x5d623f5d, 0x5d5c5d3f, 0x65623f5c, 0x5d5c6464, 0x625d3f5c, 0x3f5d6264,
0x3f5d625d, 0x3f5c6262, 0x62626264, 0x5c646262, 0x62626269, 0x3f626262, 0x62626a64, 0x3f626262,
0x62626262, 0x5c3f3f62, 0x6262625c, 0x623f3f3f, 0x3f5d5c5c, 0x5c3f3f3f, 0x3f3f3f3d, 0x3f3d3d3f,
0x3f3f3d3d, 0x67676261, 0x3f3f3f3f, 0x3f3f3f3f, 0x613f3f61, 0x3f3f4444, 0x3f3d3f3f, 0x3e443f3f,
0x613f3c3f, 0x44623f3f, 0x3f3f3c3f, 0x3e3e3f3f, 0x3c3c3d3f, 0x3c2b3c3c, 0x2a3c3f3f, 0x2b3c2a2a,
0x3e3e4462, 0x1e3e4242, 0x3e2b4467, 0x421e2b2b, 0x3e3e4444, 0x3e424242, 0x443e3e3c, 0x42423e42,
0x42444444, 0x1e424244, 0x3e444444, 0x1e424242, 0x3e44443f, 0x1e1e2b2b, 0x42443f3e, 0x080e0e1e,
0x2e42423e, 0x101f2e1e, 0x2e1e1e42, 0x09090910, 0x10104242, 0x04040408, 0x1010101e, 0x09090908,
0x10100e08, 0x09090810, 0x08080810, 0x12100808, 0x08080808, 0x09090808, 0x04040804, 0x01040404,
0x04090909, 0x05050101, 0x09090909, 0x050b0b09, 0x09040404, 0x05040909, 0x04040904, 0x05010104,
0x0b090404, 0x01050104, 0x0b090412, 0x01040b04, 0x15040409, 0x0101040b, 0x23040101, 0x05050415,
0x05010105, 0x00020202, 0x02010505, 0x00020202, 0x01010101, 0x02050505, 0x01050105, 0x02050501,
0x05050101, 0x02050c05, 0x01050505, 0x05050505, 0x05050505, 0x02050505, 0x0c05050c, 0x0202050c,
0x00000000, 0x05020200, 0x02020202, 0x05050000, 0x02020000, 0x180c0202, 0x02000002, 0x0c050202,
0x02000002, 0x05050202, 0x00000000, 0x02000000, 0x00000202, 0x02000000, 0x02000202, 0x00020000,
0x05050501, 0x05050505, 0x050c0c0c, 0x0c0c0505, 0x18261818, 0x050c180c, 0x050c0c18, 0x0517170c,
0x170c0c17, 0x05050205, 0x02050505, 0x02020202, 0x02000002, 0x02020202, 0x02000000, 0x02020200,
0x0c050c05, 0x050c0c05, 0x05050c0c, 0x05050505, 0x01050505, 0x05010105, 0x01050205, 0x01010505,
0x02020502, 0x05050505, 0x05050000, 0x05050505, 0x05050000, 0x05050505, 0x01050502, 0x05050c05,
0x0505050c, 0x0c05050c, 0x0c010505, 0x0c0c1717, 0x05050105, 0x180c0c05, 0x05050505, 0x0c050505,
0x05050c0c, 0x0c0c1705, 0x050c0c0c, 0x0c0c0505, 0x05050505, 0x0c170505, 0x05050505, 0x0c180c0c,
0x140c0c18, 0x15191814, 0x140c0c0c, 0x14141414, 0x14141418, 0x19141414, 0x14141814, 0x23191514,
0x260c140c, 0x15191519, 0x1818140c, 0x19232719, 0x18180c0c, 0x22191914, 0x140c0c0c, 0x22151914,
0x23232322, 0x23232323, 0x23231514, 0x30302332, 0x23232222, 0x30303230, 0x23272323, 0x32323230,
0x23232323, 0x49323023, 0x32232223, 0x4b322323, 0x32322323, 0x32322323, 0x32323231, 0x30233032,
0x30232323, 0x30303032, 0x23303230, 0x30303023, 0x23323232, 0x32323223, 0x32324934, 0x32323232,
0x32324b4b, 0x30303032, 0x3249494b, 0x32303032, 0x494b4b49, 0x32303249, 0x4b323232, 0x4b324b4b,
0x4b323230, 0x4b7f7f7f, 0x4b323232, 0x4b7f7f53, 0x32324949, 0x4b534b38, 0x32493232, 0x534b4b38,
0x4b4b3232, 0x4b4b4b38, 0x4b4b384b, 0x5356564b, 0x4b384b4b, 0x51538b56, 0x534b4b4b, 0x51515656,
0x32323249, 0x34323432, 0x3232324b, 0x30324b32, 0x4b38324b, 0x3049534b, 0x7f7f4b32, 0x30324b7f,
0x56534b4b, 0x32497f56, 0x514b537f, 0x4b535656, 0x53535153, 0x7f7f8c56, 0x53545353, 0x4b7f8b89,
0x1f202e30, 0x2e201f1f, 0x1f2e201f, 0x201f1f1f, 0x2e1f2033, 0x33332e20, 0x1f1f2030, 0x2e30301f,
0x34332430, 0x1f203330, 0x20303034, 0x2020301f, 0x1f243049, 0x2030241f, 0x23232434, 0x30303024,
0x2e202e33, 0x2e2e2e33, 0x2e202020, 0x2e202033, 0x2e1f1f20, 0x1f20202e, 0x201f1f20, 0x20202020,
0x1f1f202e, 0x2e201313, 0x1f1f1f2e, 0x20201f1f, 0x2020202e, 0x1f1f1f20, 0x20202030, 0x101f1f1f,
0x1010202e, 0x1010201f, 0x10101f20, 0x10101f10, 0x1f1f1f20, 0x1010101f, 0x201f1f20, 0x10101f20,
0x101f1f2e, 0x1010201f, 0x10101010, 0x1f101010, 0x10101010, 0x10101010, 0x10101010, 0x10101010,
0x1e1e1010, 0x1e1e1e1e, 0x1e1e1010, 0x1e1e1e1e, 0x1e1e1010, 0x0e101e1e, 0x20101010, 0x0e101020,
0x1e101010, 0x1e1e100e, 0x10101010, 0x101e1010, 0x10101010, 0x1e101010, 0x10101010, 0x1e0e0e10,
0x1c0e1e1e, 0x1e1e1e1e, 0x1e1e1e1e, 0x0e1e1e1e, 0x1e1e1e10, 0x0e1e1e1e, 0x1c1e0e0e, 0x1e1e1e0e,
0x0e1e0e0e, 0x1e1e1e1c, 0x1c0e100e, 0x1e1e1e1e, 0x1e0e1010, 0x1e0e1c1e, 0x0e0e0e10, 0x1e0e1e1e,
0x2d1e1c1c, 0x2b2d2d2d, 0x2d1c0e0e, 0x2b2d2d2d, 0x1e0e1c1c, 0x2b2b2b2d, 0x2d1c1c1e, 0x2d2d2b1c,
0x1e1e1c1c, 0x432d2d2d, 0x1c0e1c0e, 0x432d2d2d, 0x1e1c0e1c, 0x2d2d1c2d, 0x0e0e1c1e, 0x2d2d1c1c,
0x2b2d2d2b, 0x2d2b2b2d, 0x2d2d2b2b, 0x2d2d2d2d, 0x2d3e3e2d, 0x432d2d2d, 0x2b2d2d2d, 0x3e2d2d2d,
0x2d2d2d43, 0x2d2d2d2d, 0x2d2d2d43, 0x2b2d2d2d, 0x2d2d2d2d, 0x2d2d2d2d, 0x2d2d2d2d, 0x2d2d2d2d,
0x2d3e2d2d, 0x2b2d2b2d, 0x2d2b2d2d, 0x2b2b1e2d, 0x2b1c2d43, 0x1c2b2b2b, 0x1c2d2d2d, 0x2b2b2b1c,
0x2d2b1c2b, 0x2d2d2d2d, 0x2d2d2d2b, 0x2d2d2d2d, 0x2d2d2d2d, 0x2d1e2d2d, 0x2d2d2d2d, 0x0e1c2d2d,
0x2b2b2b2b, 0x2d2b2b2b, 0x2b2b2b2b, 0x2b2d2b2b, 0x2d2d2b1c, 0x2b2d2d2b, 0x2d2d2d2d, 0x2d2d2d2d,
0x1e2d2d2d, 0x1c0e1c1c, 0x2d1e1e2d, 0x1c1c1c1c, 0x1e2d1e1e, 0x0e1c0e1c, 0x1c1e2d1c, 0x1c1c0e0e,
0x2b2b2b3e, 0x2a2a1b2b, 0x2b2b2b2b, 0x1b0e0e2b, 0x1c2d1c1c, 0x1b1c1c1c, 0x1c1c1c1c, 0x1c1c0e06,
0x061c1c1c, 0x060e1c06, 0x0606060e, 0x06061c1c, 0x060e1c1c, 0x06061c1c, 0x06061c1c, 0x06060606,
0x3c3c3c3c, 0x3e3c3c3c, 0x2b2b2b2b, 0x3c2b3c3c, 0x2b0e1b1b, 0x3c2b2a3c, 0x2b1b1c1b, 0x2a0e0e2a,
0x1b2b2b1b, 0x0e0e1b0e, 0x0e1b1b06, 0x2b0e0e0e, 0x06060606, 0x2b2a0e0e, 0x1b060606, 0x2b2a2a2b,
0x62443c3c, 0x5d623f3f, 0x3c3c3c3c, 0x5d3f3f3e, 0x3c3c3c3c, 0x3d3c3c2b, 0x2b2b2b2b, 0x3c3c3c3c,
0x2a2a2a2a, 0x2a2b3c3c, 0x2a2a2b2a, 0x2a3c3c2b, 0x2b2a2b2b, 0x2a3c2a2b, 0x3e2b3e3e, 0x2b3c2b3c,
0x3f5c5d62, 0x6762613f, 0x3f3f3f5d, 0x62625c5c, 0x5c5d3f3f, 0x62613f3f, 0x3d3f3f3f, 0x613f3f3d,
0x3f3c3c3c, 0x613f3c3f, 0x3c3c3b2a, 0x3f3f3c3c, 0x2b2a2a2b, 0x3f3f3c2b, 0x3c3c2b2b, 0x3e3c3c2b,
0x736f6f61, 0x73737382, 0x736f6761, 0x82a2a273, 0x73737161, 0x82a2a373, 0x73737161, 0x73a2a273,
0x73737161, 0x73737373, 0x71737144, 0x82737373, 0x73737144, 0xa2a2a273, 0x73737161, 0xa2a2a273,
0xa282a282, 0xa2a2a2a2, 0x8282a2a2, 0xa28282a2, 0x8282a2a2, 0x82827373, 0xa2a28282, 0x817373a2,
0xa3a28282, 0x7382a2af, 0xa2a2a2a2, 0x82a2a2af, 0xafa2a3a2, 0xa2a2a2af, 0xafa2a3a2, 0x73a2a2af,
0xa2a2a2a2, 0xa2a2a3a3, 0xa2a28282, 0xa2a2a3a2, 0xa2827373, 0xa2a28282, 0x8181a2a2, 0xa2a27373,
0xa2a28273, 0xa2a28282, 0xa2a2a282, 0x82a28282, 0xafaea282, 0xa2a2a2a2, 0xafafaf82, 0xa2a3afaf,
0xa282a2a2, 0x8273a2a2, 0xa2a2a2a2, 0xa2a282a2, 0xa2a2a2a2, 0xa2a2a2a2, 0xa282a282, 0xafafafa3,
0xa2a282a2, 0xafafafa2, 0xa2a2a2a2, 0xafafafaf, 0xa3a2a3a2, 0xafafafaf, 0xa282a2a3, 0xa2a2a2a2,
0xa2a3a2a2, 0xa2a2a2a2, 0xa2a3afa2, 0xa2a2a3a2, 0xa2a2afa2, 0xa2a3afaf, 0xa3afafaf, 0xa2a282af,
0xa2afafaf, 0xa2a2a2a2, 0xa2afafaf, 0xa2a2a2a2, 0xa2a2a2af, 0xa2a282a2, 0xa2a282a2, 0xa2a27373,
0x739ea3a3, 0x9e739ea2, 0x9ea3a3a3, 0x9e739ea2, 0xa2a3a3a3, 0x9e9e9ea3, 0xa3a3a3a3, 0x9e739ea3,
0xa2a3a3a3, 0x737373a2, 0xa3a3a3a3, 0x9e7373a3, 0xa2a3a2a3, 0x9e9e9ea2, 0xa2a2a2a2, 0x739e9ea2,
0x69729e9e, 0x6969699a, 0x719a9e9e, 0x69696972, 0x729e9e73, 0x69696972, 0x719e9e9e, 0x69696971,
0x719e9f9e, 0x69696969, 0x719a9e9e, 0x69696169, 0x71719e9e, 0x69696969, 0x719a739e, 0x69696969,
0x64646464, 0x64696969, 0x64646969, 0x64696961, 0x64646969, 0x6464645c, 0x64696164, 0x69696461,
0x69646161, 0x69646464, 0x9a696469, 0x69646469, 0x69696969, 0x69616464, 0x69976969, 0x64616469,
0x61616161, 0x69616464, 0x64616161, 0x69696464, 0x64616164, 0x64646464, 0x61616464, 0x64646461,
0x64696464, 0x64646969, 0x69696961, 0x61616464, 0x64616964, 0x5c616161, 0x64616161, 0x61646461,
0x69646464, 0x71716969, 0x64696464, 0x71716961, 0x64615c64, 0x71716964, 0x64616164, 0x72716161,
0x64696161, 0x72716761, 0x69696161, 0x72676161, 0x61616161, 0x72726964, 0x61616161, 0x72716964,
0x73717171, 0x6f6f6f73, 0x72717171, 0x456f6f73, 0x72717167, 0x456f7071, 0x71716f69, 0x42456767,
0x71727171, 0x4245456f, 0x72727271, 0x4242456f, 0x6f717272, 0x42454567, 0x6f6f7171, 0x42424545,
0xaf847d6f, 0xb1b1b1b1, 0x84846f45, 0xb1b1ae84, 0x84806f45, 0xb1b08484, 0x846f4545, 0x84848487,
0x847d4a45, 0x84848484, 0x806f4942, 0x84848484, 0x826f4242, 0x84848484, 0x7d6f4942, 0x8b848484,
0xc6b1b0b1, 0xc7c7c7c6, 0xc6c4c1b1, 0xc7c7c7c6, 0xc4c4c1b1, 0xd4d4c7c7, 0xc6c1b1b0, 0xd4d4c7c7,
0xc6c1b084, 0xd4d4d4c7, 0xc7c4b184, 0xd4d4d4c7, 0xc6c7c1b0, 0xd4c7c7c6, 0xc1c4c1b1, 0xd4c6c6c1,
0x4741406b, 0x40404040, 0x486b6378, 0x402c2c40, 0x48486b6d, 0x402c2c40, 0x406b6b6b, 0x402c2c40,
0x2c48486b, 0x2c1d4040, 0x2c48486d, 0x1b1d2c2c, 0x2c404763, 0x1b1d2c2c, 0x47484747, 0x2c2c2c2c,
0x1d404848, 0x2c402c1d, 0x2c404040, 0x40401d1d, 0x40404040, 0x40401b1d, 0x40404040, 0x40401d2c,
0x40464140, 0x402c2c40, 0x4640402c, 0x2c1b2c40, 0x4040402c, 0x2c1b2c40, 0x48402c40, 0x2c2c4048,
0x1d1d1d1d, 0x070f402d, 0x1d1d0f1d, 0x070f1d1d, 0x1d1d0f1d, 0x0f0f1d1d, 0x401d1d2c, 0x0f0f1d1d,
0x1d1d1d2c, 0x0f0f0f0f, 0x1d2c4040, 0x0f070f1d, 0x1d404040, 0x070f1d2c, 0x40404040, 0x0f0f1d2c,
0x07070707, 0x07070707, 0x07070707, 0x07070707, 0x07070707, 0x07070707, 0x07070f07, 0x07070707,
0x070f0f07, 0x07070707, 0x07070f0f, 0x07070707, 0x0f0f1d0f, 0x07070707, 0x0f0f0f0f, 0x07070f0f,
0x07070707, 0x07060707, 0x07070707, 0x07070707, 0x07070707, 0x070f0f07, 0x07070707, 0x0f0f0707,
0x0f070707, 0x0f07070f, 0x0f070f07, 0x0f0f0f0f, 0x0f0f1d0f, 0x0f1d1d07, 0x1d1d1d0f, 0x0f0f0f1d,
0x07070707, 0x06060607, 0x07060707, 0x07060706, 0x07070f0f, 0x06060707, 0x07070f0f, 0x06070f07,
0x0f0f0707, 0x060f0f07, 0x1d1d070f, 0x07060707, 0x07070707, 0x070f070f, 0x07070707, 0x0707070f,
0x03030707, 0x0e0e0606, 0x0303071c, 0x0e03030e, 0x03060707, 0x03030303, 0x03030606, 0x03030303,
0x06060706, 0x0303030e, 0x0606061c, 0x03030306, 0x061c0607, 0x03030303, 0x06070606, 0x03030306,
0x08030303, 0x06030303, 0x03030303, 0x03030303, 0x03030808, 0x06030303, 0x03030803, 0x1e030303,
0x03030303, 0x06060303, 0x03030803, 0x06060303, 0x03030303, 0x1e030303, 0x03030308, 0x1e060303,
0x1c0e0e06, 0x06030303, 0x0e1e0e03, 0x03030606, 0x0e0e0e03, 0x03030306, 0x03060e1e, 0x03030303,
0x0e1e1c1e, 0x03060603, 0x061e0e06, 0x0e1e0306, 0x060e1c1e, 0x0306060e, 0x03061e1e, 0x06060603,
0x0d1c0d06, 0x1b1b1b2b, 0x2b1c0606, 0x2a2b2d47, 0x2b1b0603, 0x3c3c2d2d, 0x2b1b0d03, 0x2d3c3c2b,
0x2d1c0d06, 0x2b1b3c2b, 0x06060606, 0x061b2b1b, 0x06061c0e, 0x2b2a2b1b, 0x0d0d061c, 0x2a2b2b0d,
0x3c3c2a2a, 0x3b5d5e5d, 0x2a2a2a2a, 0x413d3d3b, 0x3c3c3c3c, 0x3b3d3d3b, 0x3c3d5d41, 0x3b3c3d3c,
0x2a3c3c5d, 0x5d413d3d, 0x3c2a2a3c, 0x3d3d3c3c, 0x3c3c3c3c, 0x41653d3b, 0x1b3c4141, 0x3b3d3b3b,
0x6565653d, 0x593d3d3d, 0x3c3d3d3d, 0x3d2a413d, 0x3c3d3d3b, 0x3b1b2a3b, 0x1b1b3b3d, 0x3b1b1b1b,
0x1b1b2a3b, 0x3b1b1b1b, 0x0d0d3b2a, 0x3b2a1b0d, 0x1b062a41, 0x3b2a0d06, 0x2a1b2a3b, 0x3d2a1b06,
0x65605e60, 0x65656565, 0x6065655d, 0x65609465, 0x60656059, 0x65656560, 0x595d5959, 0x605f5f59,
0x3b3b5959, 0x5f59595f, 0x58595959, 0x5f595959, 0x3b57595d, 0x5f595957, 0x57596065, 0x59595758,
0x605f6565, 0x605f5f60, 0x60659465, 0x5f59595f, 0x94946060, 0x59595f60, 0x94605f5f, 0x58596060,
0x5f595959, 0x5f5f6060, 0x58585960, 0x5f5f605f, 0x59596059, 0x5f5f5f5f, 0x5f655f59, 0x59605f59,
0x5f60605f, 0x59606060, 0x5f60605f, 0x5f5f5f60, 0x5f606060, 0x605f5f5f, 0x5f59595f, 0x5f5f5f59,
0x595f5959, 0x59595f57, 0x57595d5f, 0x5959573b, 0x59575959, 0x58595757, 0x59595f5f, 0x59595858,
0x5f595958, 0x5b5f595b, 0x585b5b5f, 0x5f60595b, 0x59595b5f, 0x5b5f595f, 0x585b5f5f, 0x595f605f,
0x5f5f5f5f, 0x5d5d605f, 0x5f5f5f59, 0x5f595959, 0x605f5957, 0x5b59595b, 0x5f59573b, 0x59595960,
0x60605f5f, 0x5f5f5d5f, 0x605f605f, 0x5f5f5f60, 0x5f5f5f5f, 0x5f5f5f5f, 0x5f5f5f60, 0x5f5f6060,
0x5f5f5f5f, 0x5f5f5f5f, 0x585f5f5f, 0x60605f5f, 0x59595f5f, 0x60605f5f, 0x5f5f5b59, 0x605f5f5f,
0x595f5959, 0x58595f5f, 0x595f5f5f, 0x595f5f59, 0x5f5f5f5f, 0x5f5f5f5f, 0x5f5f595f, 0x5f5f5f5f,
0x5f5f5f5f, 0x645f5f5f, 0x5f5f5f5f, 0x655f5f5f, 0x5f946560, 0x5f5f5f5f, 0x65606094, 0x5f655f5f,
0x58585757, 0x585f5959, 0x3b575758, 0x585f5d58, 0x58585859, 0x58585858, 0x3b585959, 0x5858583d,
0x57595d64, 0x5858583b, 0x58595f5f, 0x58585858, 0x5d5f5f5f, 0x583d583d, 0x5f5f5f5d, 0x3d58585d,
0x58585d58, 0x5d5c5858, 0x5858585d, 0x5c3d585d, 0x5d585859, 0x58585d58, 0x5d585858, 0x58585858,
0x58585858, 0x5c5d5858, 0x583d5858, 0x5d5c583d, 0x58585858, 0x5858583d, 0x58585858, 0x5c585858,
0x5f5c5d5d, 0x5c5c5d64, 0x645d5d5d, 0x5c5d5d5f, 0x5f5f5c58, 0x5c5d6464, 0x645d5c3d, 0x5c5d5d5d,
0x5d5c585c, 0x5d5d5c5c, 0x5c3d3d5d, 0x5c3b585c, 0x3d3d5c5c, 0x3d3d5c58, 0x3d58585d, 0x3d3d5858,
0x5c3d3d3d, 0x5d5c3d5c, 0x5c3d5d5d, 0x5c5c3d5c, 0x3d3d5c5c, 0x3d5c5c5c, 0x5c5c5c58, 0x3d3d5c58,
0x5c5c5c5c, 0x3d3d3d5c, 0x5c583d5c, 0x5c3d3d5d, 0x3d3d3d5c, 0x3f3d585c, 0x3d3d3d3d, 0x3d3d5c58,
0x5c3f6264, 0x3d3f6262, 0x5d5d6464, 0x3f5c5d3f, 0x5c5d5d5c, 0x5c5d3f3f, 0x5c5c3d3f, 0x623f3f5d,
0x3d3d3d5c, 0x3d3d5c62, 0x3f5c5d5c, 0x3d3f6262, 0x3f3f5c5c, 0x3f3f3f3f, 0x3f5c3f3d, 0x3f3d3d3d,
0x5d5c5c3d, 0x3d3d3d5c, 0x5c3f3d3d, 0x3c3d3f3f, 0x3f3d3d3f, 0x3c3d3f5c, 0x3f3f5c5c, 0x3c3f3f3f,
0x62625d3f, 0x3f3f615c, 0x5c3f3f3d, 0x3c3f6162, 0x623f3f3f, 0x3c3f3f61, 0x625d5d5d, 0x3c3d3f5c,
0x3c3c623f, 0x3e3e2a2a, 0x3c3f443f, 0x3e3e3c3c, 0x2a3f3f3c, 0x3e3e2b2a, 0x3e3f2a3c, 0x3e3c2a3c,
0x3e3e3f3f, 0x3e3e3c3e, 0x3c3c3f3f, 0x2b3e3e3c, 0x2a3c3f3f, 0x2b3e3e2b, 0x3c3e3c3f, 0x2b3e3e3e,
0x423e3e3e, 0x0e06081e, 0x3e3e3e3f, 0x1008080e, 0x1e1e3e3e, 0x0803080e, 0x0e0e3e3e, 0x04040308,
0x061c2b3e, 0x04040308, 0x06080e2b, 0x04040408, 0x03080e2b, 0x04040403, 0x08080e0e, 0x01010404,
0x0404080e, 0x04040404, 0x04040910, 0x0b040404, 0x04010408, 0x140b0b09, 0x04040404, 0x22141404,
0x04010104, 0x14050404, 0x09010104, 0x0b010104, 0x0b0b0404, 0x0b040101, 0x04040101, 0x04040101,
0x04010101, 0x0b050104, 0x0101010b, 0x01050104, 0x010b0b14, 0x01010101, 0x010b050b, 0x01010101,
0x04040505, 0x01010504, 0x040b0b14, 0x0c0b0404, 0x05040404, 0x140b0504, 0x04050101, 0x05050504,
0x05140505, 0x05050505, 0x05050101, 0x0505050c, 0x01010101, 0x05050505, 0x01010101, 0x050c0501,
0x01010101, 0x02010101, 0x01010101, 0x02010101, 0x05050c14, 0x02010105, 0x0c0c0501, 0x02010505,
0x02020205, 0x02020000, 0x00020202, 0x02020202, 0x00000000, 0x05020000, 0x02000000, 0x0c000000,
0x02020200, 0x05020000, 0x00000000, 0x02020000, 0x00000000, 0x02000000, 0x00000000, 0x02000000,
0x00000000, 0x02020200, 0x02020202, 0x02020002, 0x02020202, 0x05020202, 0x0000020c, 0x05050200,
0x02050505, 0x0c050202, 0x05050505, 0x05050505, 0x050c0c05, 0x0c050505, 0x0c0c0c05, 0x05050517,
0x05050505, 0x05050505, 0x0c0c0505, 0x0c050c0c, 0x05050505, 0x0c0c050c, 0x050c0505, 0x0c180505,
0x050c0c0c, 0x0c0c0c05, 0x0c0c0505, 0x0c050c0c, 0x0c180c0c, 0x18181814, 0x0c0c1818, 0x1818140c,
0x05050c05, 0x0c0c0c0c, 0x0c0c0505, 0x140c140c, 0x17261817, 0x0c18180c, 0x0c0c0c0c, 0x0c180c0c,
0x18140c05, 0x14181826, 0x140c0c18, 0x19191819, 0x1414190c, 0x18191814, 0x19315118, 0x15191915,
0x18141814, 0x22222218, 0x18141414, 0x22232218, 0x1814140c, 0x23191919, 0x18181818, 0x23191922,
0x14143127, 0x23151414, 0x19141922, 0x23232719, 0x15151927, 0x27272719, 0x19192219, 0x22191919,
0x32233231, 0x30233032, 0x23232323, 0x32323223, 0x23232327, 0x30322332, 0x30232323, 0x32232832,
0x23313127, 0x32323231, 0x23232327, 0x32323223, 0x32322323, 0x32324b32, 0x31273123, 0x4b323932,
0x4b323230, 0x4b4b4b4b, 0x32323232, 0x4b4b3232, 0x32323230, 0x534b4932, 0x32323232, 0x4b4b4932,
0x32323232, 0x324b3249, 0x4b4b3232, 0x324b4b4b, 0x4b383238, 0x32324b4b, 0x4b383238, 0x38383238,
0x534b4b32, 0x51515354, 0x53534b4b, 0x51515353, 0x534b4b4b, 0x37515153, 0x4b323232, 0x3a515153,
0x31272731, 0x54545151, 0x37313832, 0x5554514b, 0x37384b4b, 0x89545151, 0x514b534b, 0x8d895554,
0x54545154, 0x4b7f5656, 0x53545654, 0x53565654, 0x5451543a, 0x327f8b56, 0x54545450, 0x347f8989,
0x89555554, 0x324b5689, 0x89898955, 0x30385356, 0x56898989, 0x344b5356, 0x56898989, 0x344b5354,
0x23303234, 0x30303023, 0x1f232434, 0x23303223, 0x1f1f2323, 0x32323223, 0x32302324, 0x344b4930,
0x30302323, 0x494b3023, 0x23232324, 0x34322323, 0x23231f23, 0x23232323, 0x23301f23, 0x23303230,
0x1f2e2024, 0x101f131f, 0x1f20201f, 0x131f1f1f, 0x20303330, 0x1f1f1f20, 0x1f303330, 0x1f131320,
0x20303030, 0x101f201f, 0x201f1f1f, 0x10131f1f, 0x3030201f, 0x1013131f, 0x20302024, 0x101f131f,
0x10101010, 0x10101010, 0x10101f1f, 0x10100808, 0x1010201f, 0x1010100a, 0x10101013, 0x10101010,
0x10101010, 0x1010101f, 0x10101010, 0x10101010, 0x10101010, 0x10101010, 0x10101010, 0x13101010,
0x08101010, 0x1e100e08, 0x10101010, 0x10100e10, 0x10101010, 0x1010100e, 0x08101010, 0x1e10100e,
0x10101010, 0x1e100e10, 0x10101010, 0x10101010, 0x10101010, 0x100e0810, 0x10101313, 0x10100e08,
0x1e10100e, 0x1c1c1e1e, 0x0e0e1e10, 0x0e0e1e1e, 0x100e1010, 0x0e0e1e0e, 0x1e1e1e1e, 0x0e1c1e1e,
0x0e0e100e, 0x0e1c1e1e, 0x100e080e, 0x1e1e1e1e, 0x0e100e10, 0x1e1e1e1e, 0x0e0e0e10, 0x0e0e0e0e,
0x0e0e0e0e, 0x2d2d2d1c, 0x1c1c1c0e, 0x2d2b1c1c, 0x0e1c1c1e, 0x2d2b1c1c, 0x1e1e1e1e, 0x2b1c1c1e,
0x0e0e0e0e, 0x2d2d1c0e, 0x0e0e0e0e, 0x2d1c1c1c, 0x1c1c1c0e, 0x2d1c0e1c, 0x1e1e0e0e, 0x2d1c1c0e,
0x2d2d2d2d, 0x1e2d2d2d, 0x2b2d2d2d, 0x1e1c1c1c, 0x1c1c1c2b, 0x2d2d2d1c, 0x2d1e2d1c, 0x2d2d2d2d,
0x2d1e2d2d, 0x1c1c2d2d, 0x2d2d2d2d, 0x1e1e1e2d, 0x2d1e2d2d, 0x1c2d2d2d, 0x1e2d2d2d, 0x1c1c1c1c,
0x2d1e1e2d, 0x1c1c1e2d, 0x1e2d2d2d, 0x1c1c1c1c, 0x1c2d2d2d, 0x0e1c0e06, 0x061c1c2d, 0x0e0e0606,
0x061c1c1c, 0x0e0e0e06, 0x060e0e1c, 0x0e1c1e06, 0x0e060606, 0x0e0e1c1c, 0x1c0e0e0e, 0x1c1c1c1c,
0x1c1c1e1c, 0x0e1c1e1c, 0x0e0e1c1c, 0x0e1c1e1c, 0x0e0e0e0e, 0x1c2d1e1c, 0x1e1c0e0e, 0x2d2d1e1e,
0x0e1c0e0e, 0x1e1c0e0e, 0x0e0e0e06, 0x0e0e1c1c, 0x1c0e0e0e, 0x1c1c0e1c, 0x1c0e0e1c, 0x1c1c1c1c,
0x1c0e1c1c, 0x06060606, 0x0d1c1c0e, 0x06060606, 0x06060e1c, 0x06060606, 0x0d1c1c1e, 0x0d060606,
0x061c1c1c, 0x06061c1c, 0x0d06060e, 0x0606061c, 0x1c0e0e0e, 0x0606061c, 0x1c1c1c1c, 0x06061c1c,
0x2b060606, 0x2b1c2b2b, 0x1b1b0606, 0x0e1b1c2b, 0x1b1b0d06, 0x1c1b0e1b, 0x1b060606, 0x1c0e0e1b,
0x06060606, 0x1c1b1b1b, 0x1b1b0606, 0x2b1c1c1c, 0x1c0d1b06, 0x2b2b2d1c, 0x1b1b0d06, 0x2b2b2b1c,
0x2b3e3e2b, 0x3e2b3c3c, 0x2b2b2b1b, 0x3e2b3c2b, 0x2b2a1b1b, 0x2a2b2b2b, 0x1b2a0e1b, 0x2a2b1b0e,
0x2b2b1b1b, 0x2b2b2b2b, 0x2d2b2b2b, 0x2d2d2d2b, 0x3e2b2b2b, 0x2b2d3e2b, 0x2d3e2b2b, 0x2b2b2b2d,
0x3c2b2a3c, 0x3f3e3c3c, 0x2b3c3c3c, 0x3e3f3c2b, 0x3e3e3e2b, 0x3c3c3e3e, 0x3c3e3e3e, 0x5d3e3e3c,
0x2a2b3e2b, 0x3c2b2a0e, 0x2b2b2b1c, 0x2a2b2b2b, 0x2b2d3e2b, 0x2b2b2b2b, 0x2b3e2d1c, 0x2d2b2b2b,
0x73737361, 0x82737373, 0x73737344, 0xa2a27373, 0x73737344, 0xa2a2a2a2, 0x73737362, 0xa2737382,
0x7373713f, 0x827373a2, 0x73737144, 0x7373a2a2, 0x73737144, 0x7373a2a2, 0x73737345, 0x73739ea2,
0xa38282a2, 0xa2a2a2af, 0xa38282a2, 0xa2a2a2a2, 0xa2a282a3, 0xa282a282, 0xa2a2a2a2, 0xa2a282a2,
0xa2a2a273, 0x8282a2a2, 0x739e739e, 0xa2a2a273, 0x719e9e9e, 0x82a2a273, 0x719ea2a2, 0x8282829e,
0xafafafa2, 0xa2a2afaf, 0xafafafaf, 0xa2a2a2af, 0xafa2a2ae, 0xa2a2a2a3, 0xa3a2a2a2, 0xa2afafaf,
0xa3a3afa2, 0xa2afafaf, 0xafafa3a2, 0xa2afaeaf, 0xa3a3a282, 0xa3afafaf, 0x82a3a3a2, 0xa3afafaf,
0xa2a2a2a2, 0x82a29ea2, 0xa2a27373, 0x73737173, 0x739e9e9e, 0x73717171, 0x71719ea2, 0x716f6769,
0x719e7173, 0x71717171, 0x7171729e, 0x73717171, 0x6167719e, 0x73717167, 0x67616971, 0x73737169,
0xa2a2a282, 0x739e73a2, 0xa2a2a282, 0x73739e9e, 0xa2a2739e, 0x73739ea2, 0xa2737373, 0x739e73a2,
0xa2a2a3a2, 0x9e7373a2, 0xa3afa3a2, 0x737373a2, 0xa3a3a2a2, 0xa29e73a2, 0xa2a2a2a2, 0x9e9e9ea3,
0xa273a282, 0x9e739ea2, 0xa2a2a2a2, 0x719ea3a3, 0xa2a2a2a2, 0x9e739ea2, 0xa2a2a2a2, 0x9e9e9ea2,
0xa3a2a2a2, 0x9e9e9ea3, 0xa3a2a2a2, 0x9e7373a2, 0xa3a273a2, 0x9e719ea2, 0x7373a2a2, 0x7169719a,
0x6971729e, 0x69696969, 0x69717273, 0x9a9a6969, 0x9a9a9e9e, 0x9a719a71, 0x719a9e9e, 0x71696971,
0x719a9a9e, 0x9a717171, 0x9a9a9a9e, 0x9a9a9a71, 0x9a72729e, 0x699a9a9a, 0x719a9a71, 0x69699a9a,
0x9a9a6969, 0x64696969, 0x69696969, 0x69696969, 0x6969699a, 0x69646469, 0x699a9a9a, 0x69696969,
0x9a97699a, 0x6969699a, 0x69699a9a, 0x9a696497, 0x69696971, 0x699a6a69, 0x64646969, 0x69979a6a,
0x64616461, 0x64696461, 0x69616164, 0x61646464, 0x69696969, 0x64696464, 0x69696969, 0x696a6961,
0x696a6a6a, 0x64696969, 0x6a9a6a9a, 0x6961646a, 0x6a696969, 0x64616169, 0x696a6969, 0x61616161,
0x61616161, 0x71716761, 0x61696161, 0x69696969, 0x696a6964, 0x71717171, 0x69696162, 0x72717171,
0x67616161, 0x71677169, 0x6961615c, 0x6f677171, 0x67613f5c, 0x67677171, 0x69613f5c, 0x45676f72,
0x676f7271, 0x42424567, 0x676f7272, 0x45454567, 0x6f6f7272, 0x6f6f7070, 0x6f677172, 0x6f454545,
0x67677271, 0x4a454545, 0x4545676f, 0x45454542, 0x45444567, 0x45454542, 0x45454545, 0x6f454545,
0x847d6f4a, 0x8b848484, 0x847d6f4a, 0x8b848484, 0x84806f6f, 0x8b848491, 0xb184806f, 0x8b91b1b1,
0x8484826f, 0x8b919184, 0x8484826f, 0x8b8b8b84, 0xb184846f, 0x91919184, 0x91848480, 0xb1b19191,
0xc1c1c1b1, 0xd4c2c1c2, 0xc1c1b18b, 0xc7c6c2c1, 0xc1c1b18b, 0xc6d4c2c1, 0xc1be8b8b, 0xc2c6c2be,
0x8b8bb08b, 0xc2c2c2be, 0xbebec18b, 0xc2c2c1c1, 0xc1c1c191, 0xd4c2c2c2, 0xc1c1c2c1, 0xc7c2c2c1,
0x48486363, 0x40404040, 0x6b6b6b6b, 0x40484748, 0x6e6b6b6b, 0x4041486b, 0x636d7878, 0x2c2c4063,
0x6b6e7878, 0x2c404040, 0x4747636b, 0x2c2c2c2c, 0x4040636b, 0x2c2c2c2c, 0x41486b78, 0x1d2c4040,
0x63484048, 0x40404848, 0x6b636341, 0x40464048, 0x63636340, 0x40404048, 0x63636340, 0x402c4048,
0x4863402c, 0x1d1d2c40, 0x2c402c1d, 0x1b1b1d2c, 0x2c2c2c1d, 0x2c1b1d2c, 0x2c2c2c1d, 0x2c2c1d2c,
0x40464040, 0x0f0f1d40, 0x40404040, 0x0f1d1d1d, 0x1d404040, 0x0f0f0f1d, 0x1d402c40, 0x0f0f0f1d,
0x1d1d1d2c, 0x1d1d2d1d, 0x1d1d1b1b, 0x1d40402c, 0x2c2c2c2c, 0x1d1d4040, 0x402c2c2c, 0x0f1d4040,
0x0f0f0f1d, 0x0f0f1d1d, 0x0f0f0f0f, 0x1d070f1d, 0x1d0f0f0f, 0x070f0f0f, 0x1d0f0f07, 0x070f0f0f,
0x1d0f0d07, 0x0f0f0f1d, 0x1d1b0f0d, 0x0f0f1d1d, 0x1d1d1d0f, 0x0f071d2d, 0x1d2c1b0d, 0x0f0f1d1d,
0x1d0f0f0f, 0x0f07071d, 0x1d0f0f0f, 0x0f0f0f0f, 0x07071d0f, 0x070f1d0f, 0x070f0f0f, 0x07070f0f,
0x0f0f0f1d, 0x070f1d1d, 0x07071d1d, 0x071d1d1d, 0x070f1d1d, 0x07070f1d, 0x070f0f0f, 0x0f070707,
0x07070707, 0x0707070f, 0x07070f0f, 0x070f0707, 0x07070707, 0x0f070707, 0x07070707, 0x0f070707,
0x0607070f, 0x07070707, 0x0607070f, 0x070f0707, 0x07070707, 0x07070707, 0x07070707, 0x07070707,
0x1c070607, 0x0303030e, 0x1e060607, 0x0303030e, 0x0606070f, 0x03030306, 0x060f2d0f, 0x0e0e0306,
0x071c070f, 0x03030303, 0x06061c0f, 0x03030303, 0x07070707, 0x03060e0e, 0x07070707, 0x06031c1c,
0x03030303, 0x1c060303, 0x03030303, 0x03030303, 0x03030303, 0x03030303, 0x08080803, 0x03030303,
0x0e030303, 0x0e030303, 0x08030303, 0x03030303, 0x08030308, 0x03030803, 0x0303030e, 0x06030303,
0x1c061c0e, 0x211e1c03, 0x1c060606, 0x060e0606, 0x1c1e1c06, 0x1c1c0603, 0x1c0e0303, 0x1c060d06,
0x1c030306, 0x0606061c, 0x06030303, 0x1e1e0d0d, 0x03030303, 0x2d2d1c0d, 0x1c030306, 0x1c2d1c1c,
0x06060306, 0x2a1b2d0d, 0x030d0603, 0x2d2a2d0d, 0x0d0d0d06, 0x2d402d2d, 0x1c060d1c, 0x1b2d2d2d,
0x0d060606, 0x0d1b0d0d, 0x061c0d06, 0x1b1b0d06, 0x060d2d1c, 0x0d0d0606, 0x0d1c1b1b, 0x2a1b1b1b,
0x1b2a3c2d, 0x3b3b3d3b, 0x1b2a2a2a, 0x3c3b3b2a, 0x1b2a3c3c, 0x3b3b3b2a, 0x2a2a3c2a, 0x3b3b3b3b,
0x3c2a2a0d, 0x5d3d3d3d, 0x1b06060d, 0x5d5d3d2a, 0x1b1b060d, 0x655e3b2a, 0x2a1b0d1b, 0x66663d2a,
0x2a2a2a3b, 0x3b3b3b2a, 0x3b2a3b3b, 0x3b3b3b3b, 0x3b3b3b3d, 0x3b3b3b3b, 0x3b3b3d3d, 0x3b3b3b3b,
0x3b3b3d3d, 0x3b3b3b3b, 0x3b3b5e3b, 0x3b3b3b3b, 0x3b3b5e65, 0x3b3b3b3b, 0x59605e65, 0x573b3b3b,
0x5f656060, 0x595f5957, 0x65655d59, 0x605f595f, 0x605f593b, 0x60606060, 0x5960593b, 0x60659459,
0x59605f59, 0x94605959, 0x595f603b, 0x60595859, 0x5959593b, 0x5f595959, 0x5f605757, 0x595f5f5f,
0x65605959, 0x5f606060, 0x5f5f595f, 0x65606060, 0x5f5f5f5f, 0x60605f5f, 0x5f5f5f5f, 0x59595f5f,
0x5f605f60, 0x5859605f, 0x60606094, 0x5f5f6060, 0x5f606060, 0x605f605f, 0x6560605f, 0x5f605f60,
0x5f60605f, 0x5f5f5959, 0x60605f60, 0x5f5b595f, 0x605f5959, 0x5f5f5f5f, 0x605f5959, 0x5f5f6060,
0x5f5f5959, 0x5f5f6060, 0x60595959, 0x5f5f5f5f, 0x5f3b595f, 0x5f5f5b60, 0x593b5960, 0x5b605f59,
0x59595959, 0x595b5f5f, 0x58595959, 0x595f5f59, 0x59595959, 0x5b595959, 0x5959595f, 0x5f595959,
0x5957595f, 0x5b5b5959, 0x57575f5f, 0x5f595959, 0x57595f5f, 0x5f595957, 0x5b5f5f5f, 0x59595758,
0x5b595959, 0x5f5f5d59, 0x58595959, 0x58585758, 0x595f5959, 0x57575858, 0x5b5f595f, 0x59595959,
0x59595b5f, 0x58595859, 0x5958595b, 0x58595b59, 0x5f5b5b5f, 0x5958585f, 0x5f5b5b5f, 0x5f59595f,
0x655f605f, 0x5f655f65, 0x5f5f5f59, 0x5f656565, 0x5f5f5959, 0x595f5f5f, 0x59585858, 0x58585859,
0x58575858, 0x5859595f, 0x58585858, 0x58595858, 0x58575759, 0x5f595858, 0x57585f5f, 0x573b3b3b,
0x5f5f5f5f, 0x58585f5f, 0x5f5d5f5f, 0x5d5f6564, 0x5d5d5959, 0x64656564, 0x58595858, 0x64645f59,
0x58585858, 0x645f583d, 0x5f59573b, 0x5d585858, 0x5957575f, 0x58585d5f, 0x58575858, 0x58585858,
0x585d5f58, 0x5c5c5858, 0x58585858, 0x645f5858, 0x5d58585d, 0x5c5d5d5d, 0x58585f5f, 0x585d5d5d,
0x585d5f64, 0x5f5f5d58, 0x585f5f64, 0x5f5f5d58, 0x5f5f5f58, 0x5f5c3d58, 0x645f5858, 0x5c58585f,
0x5c5c3d5c, 0x3d3d3d3d, 0x5c5c5c5d, 0x3d3d585c, 0x585c5d5f, 0x3d3d5c58, 0x5c5c5c5c, 0x3d3d5c5c,
0x5c5c5c5c, 0x3d585c5c, 0x5c585c5d, 0x3d585c5c, 0x585c645f, 0x3d585c58, 0x5c64645f, 0x5c5c583d,
0x3d3d3d5c, 0x3d5c5d5c, 0x5c3d583d, 0x3d3d3d5c, 0x5c3d3d3d, 0x3d3d3d58, 0x3d3d3d3d, 0x3d3d3d3d,
0x3d3d3d3d, 0x3d5c5c3d, 0x3d5c3d3d, 0x3d5c5c3d, 0x3d3d585c, 0x5c5c5c3d, 0x3d5c5c5c, 0x613f3d3d,
0x3f3d3d3d, 0x3d3d3d3f, 0x3d3d3d3d, 0x3d3d3f3d, 0x3d3d3d3d, 0x3d3f3f3f, 0x3d3d3d3d, 0x3f5c3f3d,
0x3d3d3f3d, 0x5c3f3f3d, 0x3f3f3d3d, 0x3f3f5c3f, 0x3f5c3f5c, 0x3f3d3f5c, 0x3f3f5c5c, 0x3f5c5c3f,
0x5c5c3f3f, 0x3c3c3f3f, 0x3f3f3f3d, 0x3f3c3c3f, 0x3f3f5c3f, 0x3f3c3d3f, 0x3f3f3f3f, 0x3f3c3c3f,
0x3f3d3d5c, 0x3f3c3f3f, 0x3c3f3f3f, 0x3e3e3f3c, 0x3c3f3f3c, 0x2b3c2b2a, 0x063c3f3c, 0x030e0606,
0x3e3e3e3f, 0x2b3e3e3c, 0x3e3e3c3c, 0x2b3e3e3e, 0x2b2b3c3f, 0x2b2b3e3c, 0x0e3c3e44, 0x0e0e2b0e,
0x0e2b3e44, 0x0606060e, 0x08060e3c, 0x08080303, 0x0303080e, 0x08080303, 0x04040104, 0x04040404,
0x04080e0e, 0x01010101, 0x01080e0e, 0x01010101, 0x0404080e, 0x01010101, 0x09040806, 0x04040104,
0x01040408, 0x04040101, 0x01040904, 0x01010101, 0x01040401, 0x01010101, 0x01010104, 0x01010101,
0x04010101, 0x01010104, 0x01010101, 0x01010104, 0x01010101, 0x01010101, 0x01010101, 0x01010101,
0x01010101, 0x01010101, 0x01010101, 0x01010501, 0x01010101, 0x05040101, 0x01010104, 0x01010401,
0x04010405, 0x0101010b, 0x01040404, 0x01010101, 0x01010101, 0x01010101, 0x01010101, 0x01010101,
0x01050101, 0x05010101, 0x01040401, 0x05010101, 0x0b0b0501, 0x0c050505, 0x05050101, 0x01050105,
0x01010101, 0x00010501, 0x01010101, 0x00010101, 0x010c0501, 0x00000101, 0x050c0501, 0x02010101,
0x05050101, 0x05050505, 0x01050c05, 0x01010101, 0x05050c05, 0x01050505, 0x01010501, 0x01050505,
0x00000000, 0x05000000, 0x00000000, 0x02000000, 0x00020200, 0x0c020000, 0x05050502, 0x290c0505,
0x05050505, 0x0c0c0c0c, 0x05010201, 0x250c0c0c, 0x05050101, 0x0c0c0c05, 0x05050101, 0x0c050505,
0x1a0c0c05, 0x0c0c0c0c, 0x1a251a0c, 0x0b05180c, 0x0c0c1a29, 0x0505180c, 0x26263a29, 0x040b1826,
0x5154500c, 0x040b1426, 0x37513a25, 0x0b152222, 0x22260c0c, 0x23141414, 0x0b14140c, 0x140b140b,
0x0c141918, 0x0c14140c, 0x05050b0b, 0x14140b05, 0x05050404, 0x0b0b0b14, 0x04040404, 0x15150b04,
0x04040404, 0x1515230b, 0x0b0b0b0b, 0x150b1515, 0x15152332, 0x15150b0b, 0x23151515, 0x15150b0b,
0x19232718, 0x15151915, 0x15141515, 0x27151514, 0x15141415, 0x15231514, 0x28231414, 0x27231927,
0x15231415, 0x23141515, 0x15151515, 0x27232323, 0x23151515, 0x23232323, 0x15151515, 0x23232323,
0x19192219, 0x22221927, 0x19221919, 0x27272219, 0x23231915, 0x32232319, 0x19232322, 0x31232319,
0x27231927, 0x31232731, 0x27272828, 0x4b323231, 0x38272727, 0x38324b38, 0x23272727, 0x384b3227,
0x23232323, 0x32322323, 0x23232323, 0x32322323, 0x23232723, 0x27272323, 0x23232723, 0x27272323,
0x31323131, 0x27313232, 0x2731324b, 0x31323838, 0x27313827, 0x27323838, 0x4b4b4b32, 0x27323838,
0x384b3832, 0x4b4b4b38, 0x384b4b32, 0x4b4b4b38, 0x38312731, 0x534b4b53, 0x27272731, 0x53534b4b,
0x31312727, 0x53383831, 0x38312727, 0x51513837, 0x37383838, 0x51513837, 0x37313838, 0x51383737,
0x5451534b, 0x8d898989, 0x54545353, 0x8d895455, 0x54545153, 0x8d555454, 0x8d895453, 0x8d555455,
0x8d895453, 0x8d8d898d, 0x8d895451, 0x8d8f8d8d, 0x8d895451, 0x8d8f8f8d, 0x8d555451, 0x8d8f8f8d,
0x89898989, 0x324b5356, 0x89898989, 0x324b5389, 0x89898989, 0x344b5389, 0x8d8d8d89, 0x4b535389,
0x8d8d8f8d, 0x4b4b5489, 0x8d8d8f8d, 0x4b7f5689, 0x8f8d8d8d, 0x5354568d, 0x8d8d8d8d, 0x38535489,
0x30302323, 0x23303032, 0x23232323, 0x30493030, 0x23232323, 0x33343032, 0x23303432, 0x30303032,
0x3231324b, 0x1f233032, 0x4b4b4b53, 0x2330344b, 0x384b5353, 0x30344932, 0x4b4b5153, 0x2323324b,
0x1f1f2020, 0x131f201f, 0x1f161f1f, 0x20202020, 0x2e201f30, 0x202e2020, 0x2020201f, 0x13202020,
0x1f1f1f1f, 0x1313131f, 0x1f201f1f, 0x20201f1f, 0x2e201f1f, 0x1f202020, 0x332e2020, 0x1f13202e,
0x10101010, 0x2e1f1010, 0x10101010, 0x2e1f1310, 0x1f101010, 0x1f131313, 0x10101013, 0x10101010,
0x1010131f, 0x10101010, 0x1310101f, 0x10131310, 0x1f1f1f13, 0x10131f13, 0x131f1f1f, 0x13131013,
0x1013132e, 0x10101010, 0x1020202e, 0x10101010, 0x10102020, 0x10101010, 0x10101310, 0x10101010,
0x10101010, 0x1010100a, 0x100a1010, 0x10101010, 0x10101013, 0x10101010, 0x10131320, 0x10101010,
0x0e0e0e10, 0x0e211e0e, 0x0e10100e, 0x0e1e1e0e, 0x0e101010, 0x0e0e0e0e, 0x0e100e0e, 0x0e1e1e0e,
0x1010100e, 0x0e0e0e0e, 0x0e101e10, 0x0e0e0e0e, 0x100e0e10, 0x0e1e1010, 0x100e0808, 0x0e1e0e10,
0x1c0e1c0e, 0x1c1c1c1c, 0x0e0e0e1c, 0x1c0e0e1c, 0x0e1c1c0e, 0x1c1c0e0e, 0x0e1c1c0e, 0x0e1c1e0e,
0x0e0e0e0e, 0x0e0e0e0e, 0x0e0e0e1e, 0x1c0e060e, 0x0e0e0e0e, 0x0e0e0e0e, 0x0e0e0e0e, 0x0e0e0e0e,
0x1e2d1c1c, 0x1c1c1c0e, 0x1e1c0e0e, 0x0e1c1c1c, 0x1e1c1c0e, 0x0e1c1c1c, 0x1c1c1c1c, 0x1e1c1c1c,
0x0e0e1c1c, 0x2d2d2d1e, 0x1c060e1c, 0x2d2d2d1e, 0x1c1c0e1c, 0x2d1e1c1c, 0x06060e1c, 0x1e1e1c0e,
0x0e060e1c, 0x0e1c1c1c, 0x0e0e1c0e, 0x0e1c1c1c, 0x0e1c1c1c, 0x1e1e1e1c, 0x0e0e1c1e, 0x1e1e2d1e,
0x0e0e1c1c, 0x1e1e2d2d, 0x1e1c1e1e, 0x2d1e2d2d, 0x2d1c1c2d, 0x1e2d2d2d, 0x1c0e1c1e, 0x1c2d2d2d,
0x0e0e0e0e, 0x1c0e0e0e, 0x0e1c1c0e, 0x060e0e0e, 0x1c1c1c1e, 0x060e1e1c, 0x1e1c1c1c, 0x0e0e1c1e,
0x1c1c1c1e, 0x0d0e0e0e, 0x0e1c1e2d, 0x0e1c0e0e, 0x1c1c1c1e, 0x0e1c0e0e, 0x1e1e1e0e, 0x1e1c0e1c,
0x1c0e1c1c, 0x06061c1c, 0x1c1c0e06, 0x0606060e, 0x1c1c0d0e, 0x0606060d, 0x0e1c0e0d, 0x1c0d060d,
0x1c0e1c0e, 0x1c060606, 0x1c1c1c1c, 0x1c1c0e0e, 0x1e1c1c1c, 0x2f2d2d2d, 0x2d2d2d2d, 0x43432f2f,
0x1c1c1c06, 0x2b1c1c1c, 0x2d1c2d1c, 0x1c2b2b2b, 0x1c1c1c1c, 0x1c1c2d2b, 0x1c1c0e0e, 0x1c1c2d2d,
0x2d2d2d2d, 0x2d2d3e2d, 0x43432d2d, 0x432d2d2d, 0x2d434343, 0x4343432d, 0x2d434343, 0x2d43432d,
0x3e2d2d2b, 0x2b3e2d2d, 0x3e2d2d3e, 0x2d433e2d, 0x3e3e3e2b, 0x2d2b1c2d, 0x2d3e2d2b, 0x2d1c2b3e,
0x2d442d3e, 0x2b2b2d2d, 0x2d434443, 0x2d2b2b2b, 0x432d2d43, 0x3e3e2d2d, 0x432d2d3e, 0x3e442d43,
0x2b3e2d1c, 0x423e2b2b, 0x2b2d2d2b, 0x3e2b2b2b, 0x3e2d2d2d, 0x3e2b3e3e, 0x3e3e2d43, 0x3e3e3e3e,
0x3e3e3e2d, 0x423e3e3e, 0x3e3e3e2d, 0x443e3e3e, 0x3e3e3e2d, 0x3e3e3e3e, 0x3e3e3e3e, 0x44443e3e,
0x9e9e7345, 0x7373739e, 0x73737367, 0x73737173, 0x73736f42, 0x6f726f71, 0x73736f44, 0x67727271,
0x72746f3e, 0x67727367, 0x676f6f44, 0x7273746f, 0x70447242, 0x67677272, 0x44447267, 0x67724467,
0x71739e73, 0xa2737373, 0x71737373, 0x716f716f, 0x719f7373, 0x71677172, 0x739f9e73, 0x71717273,
0x6f729e73, 0x719e7171, 0x67677372, 0x71737173, 0x673f6967, 0x729e9e73, 0x72676267, 0x71739e73,
0xa2a2a282, 0xa3a3afa2, 0xa3a28282, 0x73a3a3a3, 0xa273739e, 0x73a3a3af, 0xa2737373, 0x73a3afa3,
0x829e7373, 0x9ea3a382, 0x73737373, 0x72a2a3a2, 0x73717371, 0x73a3a273, 0x67696767, 0x9ea2a373,
0x67616171, 0x71717171, 0x69616172, 0x71677169, 0x61616772, 0x826f6761, 0x61727273, 0xaf9e7161,
0x719e9e73, 0xa3a27369, 0x9ea3a271, 0xa3739e71, 0xa3a2a271, 0x73739ea2, 0xa3a27373, 0x729ea3a3,
0xa3afaf82, 0x9ea2a2af, 0xafafafa2, 0x9ea2afaf, 0xafafafaf, 0x699ea3af, 0xafafafaf, 0x6973a3af,
0xa3a2afaf, 0x699ea3af, 0xa273a2a3, 0x719ea2a2, 0x73676773, 0x719e9ea2, 0x9e716767, 0x9a9fa2a2,
0x71719e9e, 0x69696969, 0x7169719e, 0x69696969, 0x69696969, 0x69696969, 0x61616169, 0x69696161,
0x64646997, 0x64696469, 0x69616469, 0x64696969, 0x69646969, 0x69696969, 0x646a649a, 0x645c5c5c,
0x9a717171, 0x9a69719a, 0x71696969, 0x9a716972, 0x71696969, 0x9a717171, 0x69696169, 0x9a719a71,
0x69616164, 0x71717171, 0x69696161, 0x71696971, 0x69696469, 0x69697171, 0x69646464, 0x69696969,
0x64696969, 0x69696a69, 0x62696969, 0x69696969, 0x61696969, 0x62626161, 0x616a9a9a, 0x62696461,
0x6269699a, 0x626a6962, 0x626a6972, 0x6262625c, 0x626a6a69, 0x3f3f3f5d, 0x5d626a6a, 0x5d5d3f5d,
0x62646469, 0x62616161, 0x69615c61, 0x613f616a, 0x625c5c61, 0x5c3d3f62, 0x625c3f62, 0x3f3d3d3f,
0x3f3f3f5d, 0x3f3c3f3f, 0x3d3d3f5d, 0x3f3c625d, 0x3f3f3d3f, 0x613f3f3f, 0x3f3f3c3d, 0x3f3c3e3f,
0x69613f61, 0x45456f72, 0x69616161, 0x45677272, 0x67613f3f, 0x44456f72, 0x71613f3f, 0x4445676f,
0x71613f3f, 0x6767676f, 0x67613f3f, 0x6f45456f, 0x71673f44, 0x706f456f, 0x6767443f, 0x91804a67,
0x45454545, 0x45454545, 0x42424245, 0x6f454545, 0x42424245, 0x84806f4a, 0x4a454542, 0xc1b1846f,
0x816f4545, 0xc2c1b184, 0xb1846f6f, 0xc7c2c1c1, 0xc1c1b182, 0xc7c2c1c1, 0xc1c1c1c1, 0xc7c2c1c1,
0x8b84847d, 0xc1c1b18b, 0xb1b18484, 0xc1c1c18b, 0xc1c1b191, 0xc2c1c1c1, 0xc1c1c1c3, 0xc7c3c3c1,
0xc2c2c3c3, 0xc7c3c3c2, 0xc2c2c7c7, 0xd4d4c3c2, 0xd4c7c2c6, 0xc7c7c7d4, 0xd4d4c7c6, 0xc3c3d4d4,
0xc2c1c2c1, 0xc2c2c6c2, 0xc7c2c2c1, 0xc1c2c7c7, 0xc7c7c7c7, 0xc2c2c2c3, 0xc3d4c7c7, 0xc2c2c2c2,
0xc2c3c3c7, 0xd4c6c2c2, 0xc1c1c2c7, 0xd4c2c1c1, 0xc18cc1c3, 0xc2c2c2c1, 0xc18c8a8c, 0xc2c3c2c1,
0x4048636b, 0x2c2c2c2c, 0x4047636d, 0x2c2c2c2c, 0x40486363, 0x40404040, 0x486b636d, 0x47486b63,
0x6b6b636d, 0x4863636b, 0x41636378, 0x48486341, 0x416d6b6d, 0x4040412c, 0x41415e63, 0x2c2c2c40,
0x2c2c2c2c, 0x2c2c1d2c, 0x402c2c2c, 0x2c2c2c40, 0x472c2c40, 0x1b2c4048, 0x402c2c48, 0x2c404147,
0x2c2c4047, 0x2c2c2c40, 0x2c2c4041, 0x2c402c2c, 0x2c2c4041, 0x40402c2c, 0x2c404148, 0x40402c2c,
0x40402c2c, 0x0f0f2c40, 0x2c2c2c2c, 0x0f1b1d40, 0x2c2c2c2c, 0x1b1b2c2c, 0x2c40402c, 0x1d1b1b1b,
0x2c404840, 0x402c2c1b, 0x1b2c4040, 0x40472c1b, 0x1b1b2c40, 0x4741402c, 0x1b1b1d1b, 0x40402c2c,
0x1d1b0f0d, 0x0f1d2d2d, 0x2d1d2d1b, 0x070f2c2d, 0x1d1d402c, 0x0f1d1d1d, 0x2d1d402c, 0x2d402d1d,
0x2d1d1d40, 0x0f1d2d1d, 0x461d2d40, 0x1d40462d, 0x46404046, 0x48484640, 0x1d1d2c47, 0x464e462d,
0x071d1d07, 0x07070707, 0x0f1d1d07, 0x0f07070f, 0x1d1d1d0f, 0x0f07070f, 0x1d2d2d1d, 0x1d1d0f1d,
0x0f0f1d0f, 0x1d1d1d1d, 0x1d1d1d0f, 0x0f1d1d40, 0x0f1d1d46, 0x0f0f1d1d, 0x1d1d1d46, 0x0f1d462d,
0x06070f07, 0x07070706, 0x07070707, 0x07070707, 0x0707070f, 0x07070606, 0x07070f0f, 0x07070606,
0x0f0f0f0f, 0x07070707, 0x1d0f0f0f, 0x0707070f, 0x0f070f07, 0x0f0f0f07, 0x0f0f0707, 0x0f0f070f,
0x07070f07, 0x03030306, 0x06060707, 0x1c030607, 0x06060707, 0x2d070606, 0x0607070f, 0x07060606,
0x0707070f, 0x06060707, 0x071c070f, 0x1c070f07, 0x0607070f, 0x07060706, 0x07070707, 0x07060606,
0x030e1c0e, 0x03060e06, 0x06060607, 0x060e0706, 0x06061c06, 0x06060306, 0x06060f07, 0x03030606,
0x06072d0f, 0x06030603, 0x061c2d2d, 0x0d060606, 0x0d0f1c06, 0x1c1c0d1c, 0x06070706, 0x2d0d0606,
0x06060303, 0x061b0d0d, 0x03030306, 0x0d1b1b06, 0x03030303, 0x0d0d0d06, 0x0d030303, 0x1b0d0d06,
0x0d030306, 0x2d1b0d06, 0x2d0d0606, 0x2d1b0606, 0x2d1c1c1b, 0x3c2a0d1c, 0x2b462d2d, 0x5d2b1b2d,
0x1b2d2b1b, 0x5d3c2b1b, 0x2a2d2a1b, 0x5d3c3c2a, 0x3c472b2a, 0x655e5d2a, 0x416b652d, 0x6c5e655d,
0x656c415d, 0x5d656565, 0x65636565, 0x3d5e5d65, 0x5d41415d, 0x655e6565, 0x3d5d3d5d, 0x5d3d3d5e,
0x2a1b1b3c, 0x66653d3b, 0x3b3b3c41, 0x595e593d, 0x3b3d4165, 0x5959593d, 0x3b5e5e66, 0x5959593d,
0x5e665e65, 0x3b57593d, 0x65603b65, 0x5959595e, 0x655e6066, 0x59595960, 0x60666565, 0x57595959,
0x59606060, 0x3b3b5959, 0x59606060, 0x3b596060, 0x605e5a60, 0x57595f60, 0x59596059, 0x595f5959,
0x5959593b, 0x60595960, 0x5d575757, 0x5f595960, 0x59595959, 0x59595960, 0x5b59573b, 0x59595960,
0x5960573b, 0x5f605959, 0x585f3b3b, 0x6060605f, 0x585f3b3b, 0x5f5f5f59, 0x595f5957, 0x60605f59,
0x5f59595b, 0x60605f59, 0x5f595960, 0x60605959, 0x5f595959, 0x605f5959, 0x5f595959, 0x5f595959,
0x6060605f, 0x605f605f, 0x5f5f5f5f, 0x60605f5f, 0x5f606060, 0x5f5f5f59, 0x5f605f5f, 0x5f595859,
0x60605f5f, 0x593b5859, 0x5f5f6065, 0x59595f60, 0x5f5f6094, 0x6560655f, 0x5f606060, 0x5f935f5f,
0x57595f60, 0x59606057, 0x59606060, 0x595f5959, 0x5f60605f, 0x59595759, 0x5b5f5f5f, 0x57595959,
0x5f5f5f5f, 0x5959595f, 0x5f5f5b5b, 0x59595f60, 0x5f5b5b5f, 0x58595f5f, 0x59595f5f, 0x5b5f5f5f,
0x5b5f5f5f, 0x59595959, 0x595f5f5b, 0x59585858, 0x5b5f5f59, 0x59575758, 0x5f5f5959, 0x583b3b59,
0x5f5f5959, 0x573b595f, 0x5f595959, 0x59595f5f, 0x5f595959, 0x5959595f, 0x5f595759, 0x59595f59,
0x595b5859, 0x5f5f5f5f, 0x59595859, 0x5f60605f, 0x57595959, 0x5f605f58, 0x57595959, 0x5f5f5958,
0x595b5b59, 0x5f595959, 0x59595b5f, 0x58585959, 0x5b5f5b59, 0x58595959, 0x5f5f5857, 0x5f5f5959,
0x5759595f, 0x3b3b3b57, 0x59595958, 0x3b3b3b57, 0x5959595f, 0x57575759, 0x58585f5f, 0x3b575959,
0x595f5f5f, 0x59595959, 0x5f5f5f5f, 0x5f5f5959, 0x5f585958, 0x5f59595f, 0x5f595758, 0x5858595f,
0x3b3b5857, 0x58585858, 0x3b58583b, 0x5858583b, 0x58573b57, 0x5858583b, 0x5f3b3b3b, 0x58585859,
0x583b3b57, 0x58585959, 0x58575758, 0x585d5958, 0x5857585f, 0x58585858, 0x58585d5d, 0x58585958,
0x5d58583b, 0x5c5c5d64, 0x583d3d58, 0x5c64645f, 0x58585858, 0x5d645f5c, 0x58585858, 0x5f645c58,
0x58585858, 0x5f5c583b, 0x58585858, 0x5f5c583b, 0x58585858, 0x58585858, 0x5858595d, 0x58585858,
0x5d5f5d5c, 0x583d5858, 0x5c5c5c58, 0x3d3d585c, 0x5c5c5f5c, 0x3d3d5c5c, 0x58585f5f, 0x5c5c5c5c,
0x585c5c5f, 0x5c5c5c58, 0x5c5d5f5f, 0x5c5c5c5c, 0x5c5c5d5c, 0x5c5c5c5c, 0x5c5c5c3d, 0x5c3d3d5c,
0x3d5c3d3d, 0x3f3d3d3d, 0x3d3d5c5c, 0x3f3d3d3d, 0x3d3d5858, 0x3f3f3d3d, 0x5c3d3d3d, 0x3d3d3d3d,
0x3d3d3d5c, 0x3d3d3f5c, 0x3b5c5c5c, 0x3c3f3f3d, 0x3b5c5c5c, 0x3f5c3d3b, 0x3d5c5c5d, 0x3f3f3d3d,
0x3d3f3f3f, 0x3f623d3b, 0x3d3d3d3d, 0x3f3f3d3b, 0x3d3d3d3d, 0x3c3c3c3d, 0x3d3d3f3f, 0x3c3f3f3d,
0x3f3f3f3d, 0x3e3f3f3f, 0x3d3c3c3d, 0x3e3f3f3f, 0x2a3c3b3d, 0x0e1e3c3f, 0x3c3e3f5c, 0x0806082b,
0x1b2a3c3c, 0x04030306, 0x2b2b2a3c, 0x0403060e, 0x0e2b3c3c, 0x090e0e0e, 0x031c3c3c, 0x01080808,
0x030e2b3c, 0x01010403, 0x01031e3e, 0x04040404, 0x04081e1e, 0x04040401, 0x0409100e, 0x01010101,
0x01040404, 0x01010101, 0x01010404, 0x01010101, 0x01040104, 0x04010b01, 0x01040101, 0x04010401,
0x09040104, 0x15050401, 0x04040904, 0x0b010b0b, 0x04010401, 0x0b040404, 0x01010101, 0x04040101,
0x01010101, 0x0101010b, 0x01010101, 0x01010b01, 0x04010101, 0x01050505, 0x0b010101, 0x01010105,
0x01040109, 0x0b0b0501, 0x01010415, 0x04050504, 0x04040b15, 0x01040509, 0x01010404, 0x04010b09,
0x01040101, 0x01010501, 0x01010501, 0x01010405, 0x04010101, 0x01010101, 0x01010101, 0x01050101,
0x04010101, 0x01040505, 0x01010101, 0x01010404, 0x04040404, 0x05040104, 0x040b040b, 0x01040404,
0x01010101, 0x05050101, 0x01050104, 0x01010501, 0x01050501, 0x05050101, 0x01010101, 0x01050501,
0x0c0c0101, 0x01010101, 0x0b0c0101, 0x01010101, 0x19050501, 0x01050519, 0x0c050b01, 0x01010b14,
0x05050105, 0x01010505, 0x0c050101, 0x01010101, 0x05010101, 0x05010105, 0x01010001, 0x05010101,
0x01010101, 0x05010105, 0x01050501, 0x0b050101, 0x05010101, 0x05050504, 0x05010101, 0x0b050504,
0x0c050501, 0x0c0c0505, 0x0c050101, 0x0c0c0c0c, 0x01010105, 0x05010101, 0x01050c05, 0x05010501,
0x04050505, 0x05050505, 0x0b0b0505, 0x05050405, 0x04050414, 0x0b0b0405, 0x050b050b, 0x0404040b,
0x05050c0c, 0x050b050b, 0x05050505, 0x050b0505, 0x0c050505, 0x0c0c0505, 0x05050505, 0x220b0505,
0x0b050405, 0x27151414, 0x150b0b0b, 0x0b151515, 0x090b1515, 0x040b0b0b, 0x0b150b04, 0x0b0b0b0b,
0x150b230b, 0x15150b0b, 0x0b0b0b04, 0x15151515, 0x0b0b0b0b, 0x1515150b, 0x150b0b15, 0x23151523,
0x0b0b0b15, 0x23233215, 0x150b0b0b, 0x23233216, 0x230b0b04, 0x23152323, 0x23150b0b, 0x1f15151f,
0x15151515, 0x27232319, 0x15151515, 0x27232323, 0x27192315, 0x23232323, 0x27152323, 0x23232327,
0x23151523, 0x23272323, 0x23151523, 0x384b3223, 0x23232323, 0x32322323, 0x32231f23, 0x3232234b,
0x27273127, 0x384b3832, 0x27272727, 0x31322723, 0x38383223, 0x31313132, 0x4b383227, 0x27313238,
0x31384b31, 0x32313132, 0x4b4b3832, 0x38313138, 0x4b4b534b, 0x31313132, 0x31313238, 0x31313838,
0x4b4b3227, 0x27324b4b, 0x31323838, 0x27273131, 0x32323232, 0x32323132, 0x32313231, 0x32323132,
0x32323131, 0x31322732, 0x32312727, 0x27272727, 0x27272727, 0x31312727, 0x27272732, 0x38272727,
0x27383227, 0x51513727, 0x37273231, 0x37373737, 0x37273131, 0x37273138, 0x38323131, 0x38372737,
0x38383131, 0x5138384b, 0x38373231, 0x53535351, 0x31383838, 0x53535338, 0x31383138, 0x53535338,
0x55545151, 0x8f8f8d89, 0x54545151, 0x8d555554, 0x55545351, 0x89545455, 0x55515151, 0x55555555,
0x5451374b, 0x55558989, 0x54543851, 0x89898989, 0x89545151, 0x8d8d8d89, 0x56565138, 0x8d8d8955,
0x8d8d8d8d, 0x51515489, 0x8d8d8d8d, 0x51515489, 0x8d8d8d8d, 0x51515489, 0x8d895589, 0x50515489,
0x54505589, 0x51545455, 0x5455898d, 0x54545450, 0x898d8d8d, 0x54545455, 0x8d898d8d, 0x5656898d,
0x53515356, 0x24302738, 0x56515454, 0x30323253, 0x56515454, 0x24324b53, 0x54545454, 0x24324b51,
0x56565454, 0x23325353, 0x56565656, 0x23325354, 0x56565689, 0x30385354, 0x89565656, 0x344b5454,
0x2e1f1f20, 0x201f332e, 0x33301f20, 0x20202e2e, 0x30332024, 0x2020332e, 0x1f202030, 0x20202020,
0x33202024, 0x1f1f2020, 0x3020201f, 0x20202030, 0x2030241f, 0x20303330, 0x33332024, 0x1f1f2420,
0x1013131f, 0x13131310, 0x13131313, 0x201f1313, 0x1f132020, 0x20202013, 0x13131320, 0x1f13201f,
0x201f131f, 0x1f132020, 0x2e201f20, 0x20203333, 0x201f1f20, 0x1f203333, 0x201f131f, 0x12131320,
0x10101313, 0x10101010, 0x1010131f, 0x10101010, 0x13131320, 0x10101010, 0x131f1320, 0x10131010,
0x1020202e, 0x13131310, 0x1f1f1f1f, 0x13131313, 0x201f131f, 0x1013131f, 0x1f202013, 0x1313131f,
0x100e0e08, 0x0e100e10, 0x10101010, 0x0e080810, 0x100e1010, 0x0e080e10, 0x10101010, 0x0e0e0e10,
0x10100e13, 0x0e080e10, 0x10101010, 0x08081008, 0x10101010, 0x10101010, 0x101f1010, 0x10101010,
0x0e0e0e0e, 0x1c1c0e0e, 0x0e0e1e1e, 0x0e0e0e0e, 0x080e0e0e, 0x0e0e0808, 0x08080e0e, 0x0e080e08,
0x0e100e0e, 0x0e080808, 0x100e100e, 0x0e0e0808, 0x100e0e10, 0x08080e0e, 0x10101010, 0x0808080e,
0x06060e0e, 0x2d2d1e0e, 0x0e1c0e0e, 0x1c1c1c1c, 0x1c1e1c0e, 0x1c0e0e1c, 0x0e0e0e0e, 0x1e1c0e0e,
0x0e0e0e0e, 0x1e1e1c0e, 0x0e0e0e0e, 0x1e1e1e1c, 0x0e0e0e06, 0x1e1e1e1e, 0x1c0e0e0e, 0x1e1e1e1e,
0x0e0e1c1e, 0x1c2d1e1e, 0x0e060e1c, 0x1e1e1e1c, 0x0e0e0e1c, 0x0e1c1e0e, 0x0e0e1c1c, 0x0e0e0e0e,
0x0e1c1e1e, 0x0e0e0e0e, 0x0e0e0e1e, 0x0808080e, 0x080e0e0e, 0x06080808, 0x08080e1e, 0x06080808,
0x1e2d1e1c, 0x1e1c0e0e, 0x0e1e1e1c, 0x0e0e0e06, 0x060e0e0e, 0x06060606, 0x08060e0e, 0x06060606,
0x06060608, 0x06060606, 0x08080808, 0x06080306, 0x06080808, 0x06080308, 0x08060606, 0x0e060808,
0x1e1e1e2d, 0x2d1e1e1e, 0x0d0e0e1c, 0x0e060606, 0x060d0d06, 0x1c0e0e06, 0x06060606, 0x0e0e0e0e,
0x0606060e, 0x1c0e0e06, 0x0606060e, 0x1c060606, 0x0e0e0e06, 0x0e0e0e06, 0x0e0e1e0e, 0x1e1c0e0e,
0x4343432f, 0x2d2d2d2d, 0x4343431e, 0x3e2d4343, 0x43432d1c, 0x43434347, 0x43431c0e, 0x43434343,
0x43432f1e, 0x43432d43, 0x4746432f, 0x3e434346, 0x4646431e, 0x2d434343, 0x2f2e2e1e, 0x43434643,
0x3e2d4343, 0x5d2d2d2d, 0x3e2d4343, 0x2d442d2d, 0x44444343, 0x2d44442d, 0x44474443, 0x44442d2d,
0x44444443, 0x3e3e2d5d, 0x44444443, 0x3e3e2d2d, 0x43474443, 0x3e2d3e2d, 0x44444443, 0x3e443e2d,
0x2d2d3e3e, 0x44445d3e, 0x3e3e3e2d, 0x443e443e, 0x2b2b3e3e, 0x3e3e3e3c, 0x3e3e2d2d, 0x3e3e3e3e,
0x4444442d, 0x3e3f4444, 0x3e3e3e3e, 0x4468443e, 0x3e3e3e3e, 0x623f3f3f, 0x2d2d3e3e, 0x3e3e3e3f,
0x3e3f6867, 0x67723f44, 0x44446762, 0x67673f44, 0x44626144, 0x6a673f61, 0x6967623f, 0x61624467,
0x6967443f, 0x6a72726a, 0x67613f44, 0x72687267, 0x72726867, 0x44626a72, 0x7272673f, 0x5d5d626a,
0x71444444, 0x67727267, 0x443f6861, 0x61717367, 0x613f6a6a, 0x67616762, 0x3f626a62, 0x613f6162,
0x3f625d62, 0x6f623f3f, 0x3c3c6274, 0x7261623c, 0x3c3b3d65, 0x6762623f, 0x3c3c3c3f, 0x3f623f3c,
0x73717161, 0x73a3a3a2, 0x73717167, 0x6773a3a2, 0x73737371, 0x3f719fa3, 0xa2737373, 0x616772a3,
0xa3a27373, 0x676972a3, 0xa3a3a373, 0x696a74a3, 0x73727271, 0x69677274, 0x72676161, 0x615c6172,
0xa3a27171, 0x7173a3a3, 0xa3a27171, 0x7171a2a3, 0xa2827371, 0x9e9ea3a3, 0x82739e69, 0x9fa3a3a2,
0xa2736f61, 0xa3afa3a3, 0x73716971, 0x73a3a3a2, 0x61616969, 0x61697272, 0x61616961, 0x5c616969,
0x9e9e6969, 0x9a719e9e, 0x7373729a, 0x69676971, 0x7167679a, 0x69697271, 0x73716772, 0x71679f9e,
0x9f9e739f, 0x7261729e, 0x73727272, 0x73676972, 0x72616161, 0xa3737167, 0x69696161, 0x9f73613f,
0x5c646969, 0x645c3d3f, 0x5c646969, 0x693f3d3f, 0x5c64699a, 0x623f3f3f, 0x5c64699a, 0x645c5c62,
0x6a6a699e, 0x5d5d5c64, 0x6469699e, 0x5c5c5c5c, 0x5c6472a3, 0x5c5d6464, 0x6464729f, 0x5c5c646a,
0x64616969, 0x69696964, 0x61616464, 0x69626161, 0x3f5c5c5c, 0x6961615c, 0x3d3f5c5d, 0x69623f3f,
0x3d3d5c5c, 0x61623f3d, 0x3d3d3f3f, 0x3f623f3d, 0x3d3d5c3d, 0x3d5d3f3f, 0x3f5c5c5c, 0x3d3f3d3f,
0x3d656a69, 0x3d3d3f3d, 0x3c5d6969, 0x3b3b3c3c, 0x2a3c5c69, 0x3c3c3c3c, 0x2a3c5d64, 0x3c2b3c3c,
0x2a3c5d62, 0x2b2b2a2a, 0x3c3c5d5d, 0x2a2a2a2a, 0x3c3c3d5d, 0x2a0e1b2a, 0x5d3c3d5d, 0x2b2b1b2b,
0x3f3c3c3c, 0x3f2b2b3f, 0x3c3c3c3c, 0x3f3e3c3f, 0x5d3e3e3c, 0x3e3e3e62, 0x3e3c3c3c, 0x3e2b3e3f,
0x3c2b2b2b, 0x421e3e3e, 0x3c2b2b2b, 0x422b3e3e, 0x2b2b2a2a, 0x42423e3e, 0x2b3e2b1b, 0x1e421e2b,
0x45454444, 0x92916f6f, 0x45424244, 0x928b7d82, 0x6f454442, 0x927f4a45, 0x4570706f, 0xc1844a45,
0x45457070, 0xc1916f45, 0x42454570, 0x92918042, 0x45454545, 0x918b7d42, 0x2e42422e, 0x7f7f4a2e,
0xc1c1c1c1, 0xc7c2be8b, 0x8b91c1c1, 0xc7c2c1c1, 0x848092c1, 0xc7c2c1c1, 0xb19192c3, 0xc6c28c8b,
0x8bb191c1, 0xc2c2c18b, 0x808b9191, 0xc2c2c18b, 0x807f7d84, 0xc2c2c18b, 0x8b7d7d84, 0xc2c2c18b,
0xd4d4d4d4, 0xc2c7d4d4, 0xd4d4d4d4, 0xc2c7d4d4, 0xd4d4d4c7, 0xc2c7d4d4, 0xd4d4c2c2, 0xc2c3d4d4,
0xd4d4c2c2, 0xc2c2c7d4, 0xc2c2c2c2, 0xc2c7c2c3, 0xc2c2c2c2, 0xc3c2c2c2, 0xc2c2d3c3, 0xc2c2c3c2,
0x8cbebebe, 0xc2c2c1c1, 0x8cbec1c1, 0xc2c2c2c1, 0xc1c1c1c1, 0xc2c2c2c2, 0xc1c2c1c1, 0xc3c2c2c1,
0x8cc1c2c1, 0xc2c2c1c1, 0xc1c3c3c2, 0xc2c1bec1, 0xc2c7c7c3, 0x8c8cc1c2, 0xc7c7d4c3, 0xc2c1c2c3,
0x4141636d, 0x2c2c2c41, 0x6b636d6d, 0x40416363, 0x6d636366, 0x63486341, 0x6341636d, 0x63414141,
0x6e6d6e9d, 0x63416366, 0x6e6d6e9d, 0x6363636d, 0x6d636d6d, 0x41636d6d, 0x63635e63, 0x41414141,
0x40414040, 0x402c2c2c, 0x2c402c2c, 0x402c2c2c, 0x40404041, 0x402c2c40, 0x2c404048, 0x402c2c2c,
0x2c2c4041, 0x2c2c2c40, 0x40414163, 0x2c414141, 0x63636363, 0x41474163, 0x415a4141, 0x41635e41,
0x1d2c2c2c, 0x4740402c, 0x2c404040, 0x47412c1b, 0x1b2c2c2c, 0x2c40402c, 0x40402c2c, 0x40474740,
0x47474141, 0x48476347, 0x63636340, 0x40476363, 0x47636341, 0x2c416363, 0x2c416341, 0x40414140,
0x40484047, 0x46464640, 0x47484847, 0x2d2d402d, 0x476b4840, 0x1d1d2c1d, 0x466b4740, 0x2d2d1d2d,
0x47474047, 0x2d2c1d40, 0x6b474047, 0x402c4047, 0x47474740, 0x47404747, 0x6b402c40, 0x40404147,
0x2d1d1d46, 0x0f1d401d, 0x2c1d2d40, 0x1d1d1d0f, 0x2c1d1d1d, 0x1d0f0d0f, 0x2d2d1d2d, 0x1d0f0f1d,
0x2d2d2d2d, 0x1d2d1d40, 0x402c2c40, 0x1d2d2d2d, 0x2c1d4047, 0x0f1d402d, 0x1b2d4747, 0x0f0f1d2d,
0x1d0f0f0f, 0x071d0f0f, 0x1d460f1d, 0x071d1d0f, 0x2d1d0f0f, 0x1d1d0f0f, 0x2d1d1d1d, 0x0f0f070f,
0x2d0f1d0f, 0x070f0f1d, 0x0f0f0f0d, 0x0f070f0f, 0x0f0f0f0f, 0x070f0f0f, 0x1d0d0f0d, 0x0707071d,
0x07070707, 0x07070606, 0x07070606, 0x06060606, 0x07070f07, 0x07060707, 0x07070707, 0x0706070f,
0x070f0707, 0x0f07070f, 0x0f070707, 0x1d0f0f0f, 0x07070707, 0x07070f0f, 0x0f0f0f0f, 0x07070607,
0x060f0d06, 0x2d060606, 0x06070607, 0x472d1c06, 0x071d1d07, 0x461c1c06, 0x060d1d06, 0x462d1c06,
0x06061d1d, 0x1c1c0706, 0x0f070f1d, 0x0d1c0607, 0x06070707, 0x06060607, 0x0707070f, 0x0d0d0603,
0x1b402b2b, 0x413c2d47, 0x2d474746, 0x41654147, 0x2d2b4746, 0x41414147, 0x412d4743, 0x3c6c6541,
0x476b472b, 0x41636541, 0x2a472d0d, 0x415d3c41, 0x412b2d06, 0x3b1b2a47, 0x2d1b1b06, 0x1b0d1b3c,
0x5d413d41, 0x5e595d5e, 0x3b3d2a41, 0x3b595e5e, 0x2a3b3d65, 0x3b3b3b5d, 0x3b5d4165, 0x3d3d3b3b,
0x2a3b5d65, 0x3d3d3b2a, 0x3b3b3b6c, 0x5e593b3b, 0x3d3d3d5e, 0x5d593b3b, 0x3b3d3b3b, 0x5e3d3b3d,
0x60656566, 0x57595e60, 0x5d656659, 0x3b595960, 0x65593d3b, 0x59606065, 0x603d3b3b, 0x60606060,
0x5d3b3b3b, 0x59606065, 0x3b3b3b3b, 0x5d606059, 0x3b3b3b3d, 0x60595959, 0x3b3d3b60, 0x5959593b,
0x59595959, 0x59595959, 0x59595957, 0x605b5959, 0x593b3b3b, 0x5b595959, 0x593b5759, 0x5b595960,
0x59575a60, 0x59595959, 0x59596060, 0x59595959, 0x59606060, 0x59595959, 0x60606060, 0x59595759,
0x605f5959, 0x5f5f595f, 0x605f5959, 0x605f5960, 0x5f59595b, 0x6060595f, 0x5959605f, 0x5f606060,
0x595f605f, 0x59609460, 0x5f5f5b5b, 0x5f60945f, 0x655f5959, 0x5f946560, 0x605f5f59, 0x5f5f6060,
0x60949360, 0x5f5f5f5f, 0x94945f59, 0x5f5f5f60, 0x94946060, 0x60606065, 0x605f5f60, 0x5f5f6094,
0x595d5f60, 0x5f5f5f5f, 0x595f605f, 0x5f595f5f, 0x5f5f9460, 0x59595959, 0x5f5f6094, 0x59595959,
0x59595f60, 0x5f5f5959, 0x5b5f5f5f, 0x5f595959, 0x5b5f5f5f, 0x5f595858, 0x5f5f605f, 0x5758595f,
0x5f94605f, 0x59606594, 0x5f605f59, 0x6094935f, 0x5f605959, 0x9494605f, 0x5f5f5959, 0x6060605f,
0x59595759, 0x595f5959, 0x5f59595f, 0x59595859, 0x5859595f, 0x59595f5f, 0x57595959, 0x575f605f,
0x59595959, 0x5f606060, 0x5959595f, 0x6060605f, 0x59596065, 0x5f5f605f, 0x595f6094, 0x5f5f5f5f,
0x5f595859, 0x5f5f595f, 0x59595858, 0x59595f60, 0x59585759, 0x5f585f5f, 0x59585959, 0x5f595f5f,
0x57575958, 0x5f595959, 0x3b57595f, 0x5f595857, 0x57595f60, 0x5f595757, 0x5759605f, 0x5958573b,
0x5d585759, 0x595f5f59, 0x59575959, 0x5f5d5d59, 0x59595859, 0x5d5f5f59, 0x595d595f, 0x5f595859,
0x575f5f59, 0x5d585858, 0x585f5f5f, 0x58575858, 0x5f595f5f, 0x58595959, 0x58585858, 0x58595d5f,
0x58595d59, 0x5858583d, 0x5d585859, 0x58585958, 0x5d585859, 0x58585f5d, 0x5858585d, 0x58585d59,
0x595d5d5f, 0x5d5d5f5d, 0x5f5f5f58, 0x5d5d5f5f, 0x5f595958, 0x585d5f64, 0x5d3d5858, 0x5f5d5d64,
0x58585858, 0x585c3d58, 0x58585858, 0x645f3d58, 0x58585858, 0x5f5f5858, 0x3d585858, 0x5c583d58,
0x58585d5f, 0x3d3d3d58, 0x3b585d5c, 0x3b3d583d, 0x3d585d58, 0x3d3d3d3d, 0x5858585d, 0x583d3d3d,
0x5c583d58, 0x58585c5d, 0x585c585c, 0x3d5c5c58, 0x5c5c645d, 0x3d3d3d3d, 0x3d3d5d5d, 0x3d3d3d3d,
0x3d3d5c5c, 0x3f3d3d3d, 0x585c5d58, 0x3d3d3d5c, 0x5c5c5d5c, 0x3f3d585c, 0x5c5c5c5d, 0x3f5c5c5c,
0x3f3f5c5d, 0x3f3d3d3d, 0x3f3f5d5c, 0x5c3f3f3d, 0x5c5c5c5c, 0x3f3f3f3f, 0x5c3f5c3f, 0x3c3f3f5c,
0x5c5c3f3f, 0x3c3f3f3f, 0x3f3f3f3f, 0x3c3c3c3d, 0x3c3f3f3f, 0x3c3e3f3d, 0x3b3f3c3f, 0x3e3f3f3d,
0x0e3e4461, 0x08040306, 0x0e3f4444, 0x01010303, 0x0e3e3f3f, 0x04040103, 0x030e3e3c, 0x01040404,
0x04102b3c, 0x01010101, 0x01040e2a, 0x01010101, 0x0001062b, 0x00000000, 0x0001083c, 0x00000000,
0x04040104, 0x01010101, 0x01040401, 0x01010401, 0x04040401, 0x04040404, 0x01040401, 0x04040404,
0x01010401, 0x04040404, 0x04010101, 0x01040404, 0x01010101, 0x04040401, 0x01000000, 0x09010401,
0x09010101, 0x01010109, 0x09040401, 0x01010101, 0x04090909, 0x01010101, 0x01010104, 0x01010101,
0x04040904, 0x04010404, 0x09040401, 0x01010404, 0x01010404, 0x01010101, 0x01010104, 0x01010100,
0x01040101, 0x0b091212, 0x04040101, 0x04090904, 0x0a090401, 0x040a1004, 0x09040904, 0x0909090a,
0x04040404, 0x04091009, 0x09040401, 0x09040410, 0x09090101, 0x1f0a0104, 0x01040101, 0x0b040101,
0x05040514, 0x040b0404, 0x0b010404, 0x141f0404, 0x150b0b09, 0x01010104, 0x0404150a, 0x04040401,
0x05051509, 0x040b150b, 0x0b0b1509, 0x05050b15, 0x05041212, 0x1414010b, 0x01010409, 0x14050104,
0x05050505, 0x05050505, 0x0b010505, 0x26140b05, 0x05010505, 0x05050505, 0x01050505, 0x05050105,
0x01050501, 0x01010101, 0x01010501, 0x05010101, 0x01010505, 0x02020202, 0x0105050c, 0x02020002,
0x01010505, 0x01050405, 0x05050518, 0x140c0c05, 0x0c0c0505, 0x050c0c05, 0x02050505, 0x02020202,
0x02020201, 0x00020200, 0x02000002, 0x02020200, 0x02020000, 0x00020202, 0x17020000, 0x02020202,
0x04050505, 0x05040405, 0x05050b0c, 0x14140505, 0x05050505, 0x0c050c05, 0x02020202, 0x291a0c02,
0x02020200, 0x170c0200, 0x02020202, 0x0c020202, 0x00000000, 0x05020200, 0x00000002, 0x05050000,
0x0b0b0505, 0x0b0b0b0b, 0x0b041414, 0x0b0b040b, 0x05051825, 0x04040505, 0x05050c1a, 0x14050505,
0x05050c0c, 0x15050505, 0x05050c05, 0x0b0b0505, 0x05050505, 0x120b0405, 0x05010505, 0x0b0b0505,
0x1515150b, 0x15150b15, 0x0b110b0b, 0x15120b0b, 0x1512120b, 0x15151515, 0x1515150b, 0x15141515,
0x1f151212, 0x23232323, 0x15150b12, 0x23231515, 0x15121215, 0x1515140b, 0x151f1f12, 0x15151514,
0x32231515, 0x23232323, 0x15151515, 0x23231915, 0x1f151515, 0x31272323, 0x15152315, 0x32322323,
0x1f151515, 0x4b4b3223, 0x301f2315, 0x4b493230, 0x30231f15, 0x324b3249, 0x24302323, 0x324b3230,
0x4b323227, 0x384b4b4b, 0x32323831, 0x3238384b, 0x4b384b32, 0x3231384b, 0x4b323232, 0x32313238,
0x3232324b, 0x27312731, 0x32323849, 0x27272731, 0x27323231, 0x27232727, 0x32273132, 0x27272727,
0x27273138, 0x27272727, 0x27272727, 0x27273127, 0x27312732, 0x31313127, 0x31383138, 0x27273132,
0x31313131, 0x27313131, 0x31273131, 0x27272727, 0x32272727, 0x27272727, 0x27372727, 0x27323232,
0x27273127, 0x51385137, 0x27272727, 0x53515337, 0x27272727, 0x54535337, 0x27272731, 0x53515137,
0x37272727, 0x51515153, 0x4b313831, 0x51515153, 0x38272727, 0x5151514b, 0x37272727, 0x543a3851,
0x56565451, 0x8d8d8954, 0x89565454, 0x8d8d8c89, 0x54565454, 0x8d8c8c56, 0x54565451, 0x89898954,
0x56545451, 0x898c8c56, 0x56545151, 0x89898956, 0x5454513a, 0x89895454, 0x54545454, 0x56895654,
0x8d895589, 0x56898d8d, 0x55545589, 0x8d8d8d8d, 0x8956898d, 0x89555589, 0x89898989, 0x89895589,
0x89895689, 0x55555589, 0x8d8d8989, 0x89555589, 0x8d8d8956, 0x8955898d, 0x89895554, 0x89898989,
0x898c5454, 0x30385656, 0x5689898d, 0x32538c89, 0x568c8c8d, 0x23375354, 0x54898989, 0x1926373a,
0x54898989, 0x31383751, 0x37545689, 0x38535137, 0x37515489, 0x3137513a, 0x38515489, 0x23385151,
0x33343030, 0x301f1f20, 0x20333434, 0x1f1f161f, 0x16162332, 0x20201612, 0x1f161623, 0x241f1f1f,
0x16121527, 0x1f1f241f, 0x12121628, 0x12161f16, 0x12151523, 0x12121212, 0x151f2423, 0x0b121212,
0x332e1f24, 0x1213132e, 0x33201f1f, 0x13202020, 0x33302030, 0x20333333, 0x1f202030, 0x1f2e3320,
0x201f1f1f, 0x20332020, 0x20161616, 0x20202020, 0x1f1f201f, 0x20202020, 0x20131213, 0x1f131f20,
0x121f1312, 0x1f1f1313, 0x131f1f1f, 0x13131f1f, 0x131f2020, 0x10121313, 0x13131313, 0x13131313,
0x1f131313, 0x1f1f2030, 0x20201313, 0x1f1f1f24, 0x20201f1f, 0x20201f13, 0x20201f1f, 0x1f1f1f16,
0x10131310, 0x10101310, 0x130a1010, 0x10101313, 0x1f101310, 0x1f201313, 0x13131313, 0x13131f20,
0x131f201f, 0x1013131f, 0x13131313, 0x13132020, 0x13131313, 0x20201313, 0x131f1213, 0x13131312,
0x0e101010, 0x0e080e0e, 0x0e200e10, 0x08081010, 0x0e0e1020, 0x0e0e0e0e, 0x100e1010, 0x10101010,
0x10101010, 0x0e0e100e, 0x20101010, 0x10100e20, 0x13101013, 0x0e131320, 0x13101013, 0x10202120,
0x0e0e0e1e, 0x1e1e1e0e, 0x0e0e0e0e, 0x0e0e0e0e, 0x0e0e0e08, 0x0808080e, 0x0e0e0e10, 0x08080808,
0x10101010, 0x08080810, 0x0e100810, 0x0808100e, 0x10100e0e, 0x08080810, 0x10100e0e, 0x08080810,
0x0808080e, 0x03030808, 0x08080808, 0x08080808, 0x08080808, 0x08080808, 0x08080e08, 0x08080808,
0x08080e0e, 0x08080e0e, 0x08080e08, 0x0e0e0e0e, 0x0e0e0808, 0x100e0808, 0x08100a0a, 0x0e080808,
0x08030308, 0x1e0e0806, 0x08030308, 0x1e1e0e06, 0x08060606, 0x0e1e0e06, 0x08080808, 0x08080808,
0x08080808, 0x03040308, 0x08080808, 0x04040808, 0x0408080e, 0x09040404, 0x09080808, 0x09040409,
0x0e1e1e1e, 0x2d2d1e0e, 0x1c1c1e1e, 0x2f2f2d1c, 0x1c0e0e1e, 0x2f2e1e1c, 0x0e0e0e0e, 0x1e1e1c0e,
0x0e060608, 0x1c0e0e0e, 0x08030304, 0x2d0e0808, 0x04040408, 0x2e1e0804, 0x04040409, 0x1e0e0904,
0x432d2d1e, 0x43434343, 0x432f4343, 0x43432d2d, 0x43464643, 0x43434343, 0x4346431e, 0x2d2d2d2d,
0x2d43432d, 0x3e2d2b2b, 0x2d432f43, 0x2d2b2b2b, 0x1c1e1e2e, 0x4343432d, 0x2b1c1c1e, 0x2d2d2d2d,
0x44444443, 0x5d2d2d2d, 0x3e3e2d43, 0x2d2b3e3e, 0x2b2b2d43, 0x3e3e3e3e, 0x2b2b2b3e, 0x2b2b2b3c,
0x2b2b1c2b, 0x2b2b2b3e, 0x3c2b2b3e, 0x2b2b2b2b, 0x2b2b2b2d, 0x2a2b2b2b, 0x2b3e2d2d, 0x1b0e2b2b,
0x3c3e3e2d, 0x3c3c3e3c, 0x2b3e3e3e, 0x2b3c3c3c, 0x2b3c3e2b, 0x2b3c2b2b, 0x3c3c3c3c, 0x3c3c3c3c,
0x2b3c3c2b, 0x3c3c3c2b, 0x2a2b2b2a, 0x2b2b2b2b, 0x2a2a2a0e, 0x2b2a2a2a, 0x2a0e2a2a, 0x2a2b2a2a,
0x673e3e3c, 0x2a3c3f67, 0x3c3c3e3c, 0x3f3c3e3e, 0x3c3e3c3c, 0x3c3c3c3c, 0x3c3c3e3c, 0x3c3c3c3c,
0x2b2b2b3c, 0x2a2a3c3c, 0x2a2b2b2b, 0x2a2a2a2a, 0x2a3c2b2b, 0x062a2a2a, 0x2a2a2a2a, 0x2a2a2a2a,
0x3f3f3c3c, 0x3b3c5d5d, 0x3c3c3d5d, 0x3f3c3c3c, 0x3c3c3c3c, 0x3d3d3f3c, 0x3c3c3b2a, 0x3f5d5d3d,
0x3c3c3c2a, 0x3d5d3d3c, 0x3b3b3b2a, 0x3c3c3c3c, 0x2a2a2a2a, 0x5d3c3b2a, 0x2a3b3b2a, 0x5d3c3b3b,
0x3f62673f, 0x3d3d3c3d, 0x3f62623f, 0x3f3f3d3d, 0x3f5d3f3f, 0x3d5d5c3d, 0x3d3f623f, 0x3f3f3f3d,
0x3f44623d, 0x3b3d3d3d, 0x68673f3c, 0x3b3d3d3d, 0x6a443c3d, 0x3d3d3c3d, 0x3f3c3c3f, 0x3d3f3c3d,
0x6162613f, 0x64696964, 0x3f5c3f3f, 0x61613f3f, 0x3f5c3f3f, 0x72693f3f, 0x5c5c3f3f, 0x9e713f3f,
0x5c5c3f3d, 0x9e72615c, 0x3f3f5d3f, 0x73715c5c, 0x3d3d3d3d, 0x7367615c, 0x3f3d3d3d, 0x6961615c,
0x61616161, 0x7272613f, 0x6972615c, 0x61697261, 0x6a693f61, 0x5c616969, 0x61613f72, 0x5c5c5c5c,
0x3f3f619f, 0x5c5c3f3f, 0x6172729f, 0x5c5c5c5c, 0x5c729f9f, 0x5c5c6261, 0x5c627272, 0x5c5c6269,
0x5c5c6469, 0x5c3f5c61, 0x615c5c61, 0x5c5c3f5c, 0x5c5c5c5c, 0x5c5c5c5c, 0x5c5c5c5c, 0x5d5c5c5c,
0x5c645c61, 0x5d5c5c5c, 0x5c646461, 0x6462615c, 0x5c646a64, 0x646a645c, 0x5c5c6464, 0x5c64645c,
0x3f3f3d3d, 0x5d3f3f5d, 0x625c3f3f, 0x5d5d6262, 0x62625c5c, 0x3d5d5d62, 0x5c625c5c, 0x5d3f3f5d,
0x5d625c5c, 0x3f3f3f3f, 0x5c5c626a, 0x3c3d5d3f, 0x5c5c5c64, 0x3c3c3f5d, 0x625d5c5c, 0x3f3f5d65,
0x5d3c3c3f, 0x2b2b2a2b, 0x3c3b3c5d, 0x2b3c2b2b, 0x2b3b3c5d, 0x2b2b2a0e, 0x3c3c3c5d, 0x2b1b1b1b,
0x2b3b3c3d, 0x0e0e1b2a, 0x3c3c3b3b, 0x0e0e0e1b, 0x2b3c2a3c, 0x2b1b0e1b, 0x2b3c2b3e, 0x2b2b1b2b,
0x2b2d2b1c, 0x4342421e, 0x2b2b1c2b, 0x451e423e, 0x2b0e0e2b, 0x431e1c2b, 0x1e2b1c1c, 0x421e0e2b,
0x1e2b2b0e, 0x422d2d1e, 0x3e2b1c0e, 0x2e424243, 0x2d1c1c2b, 0x1e1e1c1c, 0x1c2b2b2b, 0x1e1e0e0e,
0x42454545, 0x80807d42, 0x42454545, 0x8b8b802e, 0x42454245, 0x928b8b49, 0x49454542, 0x92928b4f,
0x7d454542, 0x8c92928b, 0x80454545, 0x8c8b928b, 0x8b6f4a42, 0x928c8c8c, 0x928b8045, 0x928c9292,
0x928b7d7f, 0xd3d3c3c2, 0xc2929191, 0xd4d3d3c2, 0xc2c18c8c, 0xd4cec2c2, 0x92c19292, 0xd4d3c28c,
0x92c29292, 0xd4cec28b, 0x8cc18c8c, 0xd4d4c28b, 0xc1c29292, 0xd4d4d3c2, 0xc2c2c2c1, 0xd4d4d3c2,
0xd3d4d4d4, 0xc2c1c2c3, 0xd4d4d4d4, 0xc1c1c2c3, 0xd4d4d4d4, 0xc2c2c3d4, 0xd4d4d4d4, 0xc2c2d3d4,
0xd4d4d4d4, 0xc3c2c3d4, 0xd4d4d4d4, 0xd3d3d4d4, 0xd4d4d4d4, 0xd4d3d3d4, 0xd4d3d4d4, 0xd4d3d3d3,
0xc2c3c7c3, 0xc2c3c7c2, 0xc2c2c2c2, 0xc1c2c3c2, 0xc1c1c2c1, 0xbec2c3c2, 0x928cc2c2, 0xc1c1c1c2,
0xc1c1c2c3, 0xc1be8c8c, 0xc2c2c3c3, 0x8cc1c2c2, 0xc2c2c3d4, 0xc28cc1c2, 0xc1c2c3d4, 0xc1928c8c,
0x6666669c, 0x41414141, 0x6d6e9d9d, 0x41414163, 0x6e9d9da9, 0x4141636e, 0x9d9daaa9, 0x6341639d,
0x9d9d9daa, 0x63636e9d, 0x9d999da9, 0x6e6e6e6e, 0x6d6d6d9c, 0x6d635e63, 0x63666d9c, 0x63414141,
0x412c5a41, 0x41636341, 0x63412c41, 0x2c634163, 0x63634141, 0x2c414163, 0x41634141, 0x2c414141,
0x41636363, 0x2c2c2c41, 0x41636366, 0x2c2c2c41, 0x6363636d, 0x4141415a, 0x63636366, 0x41414163,
0x2c414141, 0x462c2c2c, 0x4141412c, 0x40402c40, 0x4741412c, 0x2c48476b, 0x4141412c, 0x2d40486b,
0x4140412c, 0x46464747, 0x2c2c2c2c, 0x1b2c2c2c, 0x2c2c2c40, 0x2c401b2d, 0x402c2c40, 0x1b1d2d48,
0x40402a40, 0x2c2c4040, 0x402c2c2c, 0x2a2c2c2c, 0x2c2c4040, 0x2c2c4040, 0x401b1b1d, 0x40404040,
0x2d2c2c2c, 0x2c40402c, 0x2d2c2c1d, 0x2c402c2d, 0x2c2c402c, 0x1d1d2c40, 0x2c2d2c1b, 0x2c1b2c2d,
0x2d484046, 0x2c400f1b, 0x40482c46, 0x1b2c1d1d, 0x40402c47, 0x070f2c2d, 0x2c2c4040, 0x0f0f2d2d,
0x2c2c2c1b, 0x0f1b2d46, 0x1d2d2d1b, 0x1b1b4040, 0x1b2c2c1b, 0x1b1b1b1b, 0x1b2d1b1b, 0x2c2c2c1b,
0x0f0f0d07, 0x070f0f0f, 0x0f1b0d07, 0x07071d07, 0x0f1d0d0f, 0x07070f0f, 0x0f1d1b0f, 0x07071d07,
0x1d0f1b0f, 0x1d0f0f0f, 0x1d1d1d2c, 0x1d0d1d0f, 0x0f1d2c2d, 0x2d0f2d0f, 0x2c1b1b2d, 0x400f2c2d,
0x0f0f0f07, 0x07060607, 0x0f0f0f07, 0x07070707, 0x0f1d0f0f, 0x07070707, 0x1d1d0f0f, 0x06070607,
0x462d1d1d, 0x0f070f0f, 0x2d401d0f, 0x0f0f0707, 0x1d402c0d, 0x0d070f0f, 0x1d2d1d0f, 0x0f071d1d,
0x0f0f070f, 0x0d060606, 0x0d0f0707, 0x0d060d0d, 0x0d070607, 0x0d0d0d1b, 0x1d1b0307, 0x1b2d1b0d,
0x0d2c0d0f, 0x3c2a1b0d, 0x0607070f, 0x3b2a1b0d, 0x06030307, 0x3b1b0d06, 0x0707070f, 0x3b2a0d06,
0x1b0d0606, 0x2a1b1b1b, 0x06060d06, 0x3b1b1b0d, 0x0d060d1b, 0x2a2a1b1b, 0x0d1b1b2d, 0x2a1b1b1b,
0x1b1b2a41, 0x3b3b2a1b, 0x2a3c2a3c, 0x3b3c2a1b, 0x3b3c2a2a, 0x3d3b3b2a, 0x3d3d3b3b, 0x413b3b3b,
0x3b3b3b3b, 0x5d3b3b3d, 0x3b2a3b3b, 0x3b3b3b3b, 0x5d3d3b3b, 0x3b3b3d3b, 0x3d3d3b3d, 0x3d3b3b3b,
0x3b3b3b2a, 0x5d3d593d, 0x3d3b3b2a, 0x5e595d59, 0x3b3b2a3b, 0x3b595e59, 0x3d3d3d5e, 0x3d65665e,
0x3b3d595e, 0x3b3b3b3b, 0x3b3b595e, 0x3b3b3b57, 0x3b3b3b59, 0x59595957, 0x5959605e, 0x6059595d,
0x6060605e, 0x60606060, 0x65666560, 0x60606060, 0x95989565, 0x60606060, 0x9898985e, 0x60606065,
0x60955b59, 0x59595f60, 0x6060593b, 0x59596094, 0x5959593b, 0x5f5f6060, 0x59575959, 0x60606060,
0x593b5960, 0x60609459, 0x59596060, 0x60606059, 0x5f605960, 0x605f5959, 0x605b5960, 0x5f59595b,
0x5f5f5959, 0x5f606060, 0x5f595959, 0x5f5f605f, 0x59595959, 0x5f59595f, 0x5957595f, 0x60595f59,
0x57575960, 0x5f605f59, 0x57595f60, 0x5f5f5f57, 0x57605f5f, 0x5f595757, 0x59659460, 0x5f595957,
0x595f5f5f, 0x5959595f, 0x595f5f59, 0x595f5f60, 0x59585859, 0x5b5f5f5f, 0x5959595d, 0x59595959,
0x59595959, 0x59585959, 0x5959595f, 0x595f5959, 0x5759595f, 0x595f593b, 0x59596060, 0x59595959,
0x5b5b5959, 0x605f5f5f, 0x58595959, 0x595f5f59, 0x59595f5b, 0x5f605f59, 0x595f5958, 0x5f605959,
0x59595859, 0x5f595959, 0x605f5959, 0x59595f5f, 0x60595959, 0x595b5f60, 0x5f5f5959, 0x5f5f5f60,
0x595f6060, 0x5f605f5f, 0x595f6059, 0x595f5959, 0x59605f59, 0x5f5f5859, 0x5f5f5f5f, 0x5f59595f,
0x59595959, 0x5f585959, 0x5f595959, 0x59595959, 0x5f575959, 0x59595959, 0x5959595f, 0x57585959,
0x595f5f5f, 0x57573b57, 0x5f5f5959, 0x58575759, 0x59595859, 0x5f595959, 0x59595959, 0x59595959,
0x57573b59, 0x58595959, 0x5759595f, 0x58595958, 0x57575d5f, 0x5959573b, 0x585f6059, 0x58573b3b,
0x58583b3b, 0x585f5958, 0x58575757, 0x58595857, 0x3b3b5859, 0x59585957, 0x5758585f, 0x3b57573b,
0x57575758, 0x3b3b573b, 0x57575759, 0x5759573b, 0x59575959, 0x57575859, 0x58595859, 0x3b575859,
0x58595f58, 0x5f64645f, 0x5d595d59, 0x5d645f58, 0x5f58585d, 0x5f5d585f, 0x58585858, 0x58585858,
0x585d3b58, 0x3b3b3b3b, 0x58583b3b, 0x5858583b, 0x58583b3b, 0x58585858, 0x583d573b, 0x3d3d5959,
0x58585858, 0x583d3d3d, 0x5d5d5f5d, 0x5d5c5c5d, 0x5d5d5d5d, 0x5d645d5d, 0x645c5d5f, 0x64646464,
0x645d5f58, 0x64646464, 0x645d5858, 0x645d645d, 0x5d585858, 0x6262645d, 0x5c5c5858, 0x6264645c,
0x3d5c5d5d, 0x3b3d5c5c, 0x3d5c5d5d, 0x3c3f623f, 0x3d3d3d5c, 0x3f676a5d, 0x3d3d3d5d, 0x3f62625c,
0x3d5d5d64, 0x3f3f3f3d, 0x3d3d5c62, 0x3f3c3c3d, 0x3d3f5d62, 0x3f3c3d3d, 0x3f5d6264, 0x3c3c3f3d,
0x3c3f3c3b, 0x3e3e3c3b, 0x3f3f2a3b, 0x3f3c2a3e, 0x3f3c2a2a, 0x3e3e4462, 0x3d3b2a3c, 0x3e61673f,
0x3c3c2a3f, 0x44443f3e, 0x2a3c3c3f, 0x44443e3e, 0x2a3f3f3f, 0x3e3e3e3e, 0x3e3f3e3c, 0x0e0e2b2b,
0x01040e3e, 0x00000000, 0x01092b3e, 0x00020100, 0x01083e3e, 0x00020001, 0x010e4244, 0x00000001,
0x040e3e44, 0x02020001, 0x090e1e3e, 0x00000005, 0x100e0e1e, 0x00000009, 0x10080410, 0x00000004,
0x00010000, 0x04040401, 0x00000000, 0x09090901, 0x01000000, 0x01040401, 0x00000000, 0x01010101,
0x02000002, 0x04010100, 0x00000000, 0x09050200, 0x00000000, 0x09010200, 0x00000000, 0x00000000,
0x01040404, 0x01010101, 0x01040904, 0x01010101, 0x01040901, 0x01010500, 0x05090a04, 0x01050101,
0x04091009, 0x00000001, 0x05040404, 0x00000205, 0x01010104, 0x00000002, 0x01010105, 0x00000002,
0x05050101, 0x04040101, 0x010c0501, 0x01010101, 0x01010101, 0x01010101, 0x05010501, 0x01050501,
0x05050501, 0x01010101, 0x00020201, 0x02000000, 0x00000000, 0x00000000, 0x00000000, 0x02000000,
0x04040401, 0x05040505, 0x01050401, 0x01010101, 0x01010101, 0x05050501, 0x01010101, 0x00010501,
0x0202050c, 0x02020202, 0x00000202, 0x02000000, 0x00000000, 0x00000000, 0x00000000, 0x00000000,
0x01050101, 0x02000002, 0x05050101, 0x00020002, 0x02020505, 0x00000000, 0x020c0c02, 0x00000000,
0x00000002, 0x00000000, 0x00000000, 0x00000000, 0x00020000, 0x00000000, 0x00000000, 0x00000000,
0x02020002, 0x00000202, 0x00000000, 0x02020200, 0x00020000, 0x1a290202, 0x00000200, 0x1a291702,
0x00000200, 0x02020202, 0x02020000, 0x00000002, 0x02000000, 0x00000002, 0x02000000, 0x02000000,
0x00000000, 0x05020202, 0x02020000, 0x05020202, 0x02020202, 0x02020202, 0x02020202, 0x05020202,
0x02020202, 0x02050202, 0x02020202, 0x0505050c, 0x05020202, 0x05020205, 0x05050202, 0x05050202,
0x05050205, 0x14140b0b, 0x0c050505, 0x1414140c, 0x0c050505, 0x18141418, 0x05050505, 0x1914180c,
0x0c050505, 0x180c0c0c, 0x05050505, 0x18180c0c, 0x05050505, 0x18140c0c, 0x05050c05, 0x1818261a,
0x15152314, 0x15151515, 0x23231514, 0x23302323, 0x19151919, 0x49322323, 0x19151418, 0x321f1523,
0x22222218, 0x32323231, 0x19272718, 0x4b7f3223, 0x27191818, 0x4b4b3223, 0x27221418, 0x32272327,
0x30493023, 0x32323230, 0x34323230, 0x31324949, 0x30323049, 0x23272430, 0x494b3032, 0x27314b49,
0x49323032, 0x38383832, 0x23324b49, 0x38383832, 0x3232324b, 0x27272723, 0x38312731, 0x26272727,
0x27272732, 0x27272727, 0x27323227, 0x26262727, 0x27272323, 0x27272727, 0x2727274b, 0x38372731,
0x26272738, 0x27272727, 0x27272227, 0x27272722, 0x27272727, 0x27272727, 0x27273122, 0x27312727,
0x31382727, 0x27323238, 0x27313727, 0x27272727, 0x27273127, 0x32272727, 0x31272727, 0x27272738,
0x27272727, 0x27272727, 0x31272727, 0x27272727, 0x27272727, 0x27272727, 0x27272727, 0x27272727,
0x38313731, 0x54515153, 0x38372727, 0x54543a38, 0x37272731, 0x54513737, 0x37272727, 0x513a3737,
0x37273127, 0x54513a3a, 0x51383827, 0x54515151, 0x51373727, 0x54515151, 0x51373727, 0x54545454,
0x89898955, 0x54898989, 0x89558956, 0x56898c8d, 0x56558955, 0x8c8c8d89, 0x56555454, 0x8c8c8c89,
0x89545454, 0x89898989, 0x89545454, 0x8d8d8d8d, 0x89895454, 0x8d8f8d8d, 0x89895454, 0x8d8d8d8d,
0x55545454, 0x898d5555, 0x3a545456, 0x55895554, 0x5589898c, 0x54545554, 0x8989898c, 0x51545555,
0x8d89898d, 0x51558989, 0x8989898d, 0x51548989, 0x898d8d8d, 0x37515455, 0x89898d8d, 0x29375154,
0x56545456, 0x234b5356, 0x56545454, 0x4b4b537f, 0x37373751, 0x7f535338, 0x26262629, 0x53535338,
0x27373737, 0x51373727, 0x37373737, 0x31373731, 0x37373838, 0x4b4b3731, 0x4b4b3838, 0x5338374b,
0x15151615, 0x121f1215, 0x24241f23, 0x12131620, 0x2430344b, 0x1316161f, 0x3024304b, 0x2020131f,
0x2423327f, 0x1f13121f, 0x1f1f324b, 0x12121215, 0x15232438, 0x13121f1f, 0x1523324b, 0x20121f1f,
0x130b0b0b, 0x131f1f1f, 0x0b0b1212, 0x1313120a, 0x12131313, 0x120a0a12, 0x1213201f, 0x0a0a1212,
0x12121213, 0x0a131312, 0x13131313, 0x0a0a1012, 0x13131313, 0x100a0a12, 0x121f131f, 0x0a12120a,
0x201f1313, 0x20131320, 0x1f201f1f, 0x33201f13, 0x1f201f13, 0x20302016, 0x2013120a, 0x1f201f20,
0x13120a0a, 0x1f201312, 0x0a09090a, 0x120a0a0a, 0x0909090a, 0x09090909, 0x0a120a12, 0x0909090a,
0x131f202e, 0x20201f12, 0x13132e33, 0x20202020, 0x201f1313, 0x20333333, 0x202e1f13, 0x20202020,
0x1f20201f, 0x20201f13, 0x1f1f1f20, 0x20132020, 0x20121212, 0x20202033, 0x100a1009, 0x33332013,
0x21202020, 0x10132021, 0x20202020, 0x13202021, 0x13131320, 0x212e2e21, 0x13101313, 0x10202020,
0x20132020, 0x10132021, 0x20202020, 0x0e131320, 0x2020202e, 0x0e132020, 0x20132020, 0x10202e2e,
0x100e0e10, 0x08101010, 0x08081010, 0x08101008, 0x08081010, 0x0810100a, 0x1313100a, 0x08101013,
0x202e2010, 0x0a101013, 0x13131010, 0x10101013, 0x20101010, 0x10131320, 0x10101010, 0x12131f13,
0x0810080a, 0x08080808, 0x080a0a08, 0x090a0808, 0x0a100a08, 0x090a080a, 0x1313130a, 0x09090a13,
0x10101310, 0x09090a0a, 0x0a0a1010, 0x09040409, 0x09090a0a, 0x0a0a0909, 0x0a0b0b0b, 0x0a0a0a0a,
0x08080808, 0x09040908, 0x09090809, 0x09090909, 0x09040909, 0x04040909, 0x09040909, 0x09040404,
0x04040404, 0x08090404, 0x09090909, 0x10090909, 0x09090a0a, 0x08080808, 0x09090a10, 0x090a0a08,
0x04040404, 0x06080404, 0x04040404, 0x08080904, 0x04090409, 0x08080804, 0x08080809, 0x04040908,
0x04090810, 0x04040809, 0x04090810, 0x04040404, 0x08080909, 0x04040409, 0x08080909, 0x08040409,
0x2b1c0e0e, 0x2b2b2d2d, 0x1c060808, 0x2d2b1c1c, 0x06060608, 0x3e2d2d1c, 0x2d0e0604, 0x2d43432d,
0x432d0804, 0x3e2d4343, 0x1c2d1c08, 0x2d2d2b1c, 0x061c0e08, 0x2d2d1c06, 0x06060604, 0x2d433e1c,
0x3e2d2d2d, 0x1b2a3e2b, 0x3e2d2d2d, 0x2a2a2b3e, 0x2b2d3e2d, 0x2b2b2a2b, 0x2a2b2d2d, 0x2b2b2b2a,
0x2b2b2b2d, 0x2b2b2b2b, 0x2b1b2b2d, 0x3c2b3c3c, 0x2b1b1b2b, 0x3e3c3c3c, 0x2b1b1b2b, 0x2b2b2b3e,
0x2a2a2b2b, 0x2a2a2a2b, 0x2b2b1b2a, 0x2b3c2b2b, 0x2b2b2a1b, 0x3c3c3c2b, 0x2a2b2b2a, 0x2b2a3c2b,
0x0e2a2a2b, 0x2a2a2b2a, 0x2b2b2b3c, 0x3c3c2b2b, 0x3c3c3c3c, 0x3c3c3c3c, 0x2b2b2b2b, 0x3c2b2b2b,
0x3c3c2b2a, 0x3c3c3b3c, 0x3c3c3c3c, 0x3c3c3c3c, 0x3c3c3c3c, 0x3b3b3c3c, 0x3c3c3c3c, 0x3c3c3c3c,
0x2a2a0e2a, 0x3c3c3c2a, 0x2a2a2a3c, 0x3b3c2a2a, 0x3c3c3c3c, 0x3c3c2a2a, 0x3c3c3c3c, 0x3c2a2a2a,
0x2a2a3b3b, 0x3b3b3b3b, 0x3c3c3b3b, 0x2a2a2a3b, 0x3c3c3c3c, 0x3c2a2a3b, 0x3c3c3c3c, 0x3c2a3b3c,
0x3c3c3c3c, 0x3c2a3c3c, 0x3b3b2a2a, 0x3c3b3c3c, 0x3c2a2a2a, 0x3c3c3c3c, 0x3c3b3c3c, 0x3f3c3c3c,
0x3d3c3b3b, 0x3b3c3c3d, 0x3c3c3d3c, 0x3b3b3b3b, 0x3c3c3c3c, 0x3c3b3c3c, 0x3c3c3c3d, 0x3d3d3c3c,
0x3c3c3c3d, 0x3d3d3d3c, 0x3d3c3c3c, 0x3d3d3c3c, 0x3d5d3f3d, 0x3f3d3d3d, 0x3d5d5d5d, 0x3f3d3d3d,
0x3f3d3d3b, 0x625c5c3f, 0x3c3d3d3c, 0x3f3f3d3c, 0x3b3b3b3b, 0x3d3f3d3c, 0x3d3b3b3c, 0x3d3d3f3f,
0x3d3d3d3d, 0x3d3f3d3d, 0x3f5d3f3f, 0x3d3f3f3f, 0x3f3f3f3f, 0x3d3d3f3f, 0x3f3f3f3f, 0x3c3d3f3f,
0x3d3d3f3f, 0x5c5c3f5c, 0x3d3d3d3d, 0x3f3d3d3d, 0x3d3d3d3d, 0x3d5c3f3d, 0x3b3b3b3c, 0x5c5c3f3d,
0x3b3d3d3d, 0x5c3f3d3d, 0x3c3d3c3d, 0x625c3d3d, 0x3d3c3b3d, 0x625c5c3f, 0x3f3d3b3b, 0x5c3f3f5c,
0x5c5c5c5c, 0x3f5c615c, 0x5c5c5c5c, 0x625c6162, 0x615c5c3d, 0x62626262, 0x5c5c3f3f, 0x5c5c5c61,
0x5c5c5c5d, 0x5c5c5c5c, 0x5c626164, 0x5c5c3f5c, 0x5c625c62, 0x5c5c3d3f, 0x5c5c5c5c, 0x3f5c5c5c,
0x645c5c3f, 0x5d626562, 0x62626262, 0x3e3f6262, 0x3f5c656a, 0x3c3c625d, 0x5c5c5c5c, 0x3c3f5d3f,
0x5d5c5c5c, 0x5d5d5d5d, 0x3f5c5c5c, 0x5d5d5d3f, 0x3f3f3d3f, 0x445d5d3d, 0x5c3f3d3d, 0x5d5d3f3f,
0x2a2b2b5d, 0x2b2b2b1b, 0x2a1b2a3c, 0x2b3c2b2b, 0x2a1b2a2b, 0x1b1b2a2a, 0x2b2b2b3c, 0x2b2d2d3e,
0x1b3c2d5d, 0x3e2d2d2b, 0x2a2b3e5d, 0x1e2b1c0e, 0x3e3c3e5d, 0x1e2b2d2b, 0x2b5d5d5d, 0x433e1e1c,
0x1c2b2b2b, 0x42421c1b, 0x2b2b2b2b, 0x421e0e2b, 0x3e2b2b2b, 0x45423e3e, 0x423e3e3e, 0x49424242,
0x45424242, 0x6f704545, 0x4242423e, 0x4a457045, 0x4242421e, 0x4a454f45, 0x42424242, 0x4542456f,
0x928b8045, 0x928b8b8c, 0x8b8b7d80, 0x8c928c8b, 0x8b8b7d45, 0x928c9292, 0x928b804a, 0xc2928c92,
0x8b8b7d70, 0x928c9292, 0x8b8b7f6f, 0x928c8b8b, 0x8b8b8b6f, 0x92928b8b, 0x8b8b8b7d, 0x8b92928b,
0xc2c2c2c2, 0xd4d4d3c2, 0xc2c2c2c2, 0xd4d3d3c2, 0xc2c2c2c2, 0xd4d4d3c2, 0xc28c92c1, 0xd3d4d3c2,
0xc28c92c1, 0xd3d3d3c2, 0xc2928c8c, 0xd4d3c2c2, 0xc2928c8b, 0xd3d3d3c2, 0xc2928c89, 0xced3c3c2,
0xd4d4d4d4, 0xd3d4d3d3, 0xd3d3d4d4, 0xc3d3d3d4, 0xd4ced4d4, 0xc3c3d3d4, 0xd4d4d4d4, 0xc3d4c3d4,
0xd4d4d4d4, 0xc3d4d4d4, 0xd4d4d4d4, 0xd4d3c3d4, 0xd4d4d4d4, 0xd4d4d4d4, 0xd4d4d4d4, 0xc7d4d4d4,
0xc1c2c3c2, 0x8cc1c192, 0xc1c1c3c3, 0xc1c1c292, 0xc1c2c3c3, 0xc18b8cc1, 0x8cc1c3c3, 0x8b8a8b8c,
0xbec1c2c3, 0x8b8b8b8b, 0x8cc1c3c3, 0x8b8b8b8b, 0xbec1c3c7, 0x8a8b8b8c, 0x8cc1c2c3, 0x8b8b8b8b,
0x6d99999d, 0x41416363, 0x6d6d6d9c, 0x41416363, 0x6d6e999d, 0x2c416b6d, 0x9d9d9daa, 0x2c41636d,
0x9d999daa, 0x2c63669d, 0x9d9999a9, 0x40416d9d, 0x999d9c9d, 0x63636e9d, 0x6d9d9da9, 0x416d9d6e,
0x63636363, 0x63636363, 0x4163415e, 0x41634163, 0x2c414140, 0x41414141, 0x2c5a2c2c, 0x412c2c2c,
0x2c2c2c2c, 0x41632c2c, 0x412c2c41, 0x63634141, 0x41412c41, 0x4163632a, 0x412c2c41, 0x41412c2c,
0x6b404763, 0x1b40466b, 0x402c4163, 0x1d2c4048, 0x2c404040, 0x2c2c4040, 0x4840402c, 0x1d1d2c40,
0x40404040, 0x402c2c40, 0x2c2c2c2c, 0x6b40402c, 0x2c2c4040, 0x4040402c, 0x2c2c4848, 0x2c2c402c,
0x1b2c1b1b, 0x1b0d1b1b, 0x1d1d2c2c, 0x1b2c1b1b, 0x1d2c2c2d, 0x1b2c1b1b, 0x2c2c2d46, 0x1b1b2c1b,
0x402c4048, 0x2c1b1b1d, 0x2d2c2c46, 0x402c2c2c, 0x2c2c2d40, 0x2c2c2c1d, 0x2c404040, 0x47401d1b,
0x1d2c2c2c, 0x401b1b1b, 0x1b2c2c1b, 0x2c1b2c1d, 0x2c2c1b2c, 0x1b1b1d2d, 0x2c1b0d1b, 0x1b2c2c2c,
0x2c1d1b2c, 0x1b1b1b1d, 0x1b2d402c, 0x1b0d1b2c, 0x0f1d401b, 0x0d0d1b1b, 0x1d40472d, 0x0d0d1b1b,
0x2d402c2d, 0x2d0d1d40, 0x1d402d40, 0x1b2d2d2c, 0x1b2d402c, 0x1b1b1b1d, 0x2c1d2c1b, 0x2c1b1b2c,
0x1d1b0d1b, 0x0d1b2c2c, 0x1b1b1b1b, 0x0d1b2c1b, 0x1b2c1b0d, 0x1b2c2d2c, 0x0d1b1b0d, 0x1d2c1d0d,
0x2d2d0f1d, 0x1b0f0f1d, 0x1b0f0f0d, 0x1b0d0d1d, 0x0d1b1b1b, 0x1b0f1b1b, 0x1b1d1b1b, 0x2d1b1b0d,
0x1b1b1b0d, 0x2c1b2c40, 0x1b1b1b0d, 0x2c2a2c2c, 0x1b1b1b1b, 0x2a2a2a2a, 0x1b1b4040, 0x1b2a2a1b,
0x0d07071b, 0x2a2a2a1b, 0x1b060d1b, 0x2a2a3b2a, 0x1b1b1b1b, 0x3b3b3b2a, 0x2a2a1b2a, 0x3b3b3b2a,
0x3b2a2a2d, 0x3b3b3b5a, 0x5a2c2c2c, 0x5a2a5a5a, 0x5a5a3b2a, 0x5a3b5a5a, 0x2c3b2c2a, 0x5a3c2c5a,
0x3d3b3b3b, 0x6c5e413d, 0x5e3b3b3b, 0x6c665e5e, 0x5e5a3b3b, 0x665d3d5e, 0x5e413d5a, 0x663b3b3d,
0x3b5a3d5e, 0x653b5e5e, 0x5e5e5a41, 0x5d3b2a5e, 0x3d3b5e5a, 0x593d3d3b, 0x3d3b415e, 0x593d5e41,
0x65666666, 0x5d989865, 0x98989898, 0x98986598, 0x6c6c656c, 0x986c6095, 0x98989898, 0x98666598,
0x65656c6c, 0x98655e65, 0x5e3b5e5e, 0x60606566, 0x5e606665, 0x59605e5d, 0x5e606566, 0x5d5e3d59,
0x66669865, 0x60959565, 0x60659898, 0x60959595, 0x9598989b, 0x95989595, 0x959598a6, 0x95956560,
0x95989898, 0x95666695, 0x95989898, 0x60606095, 0x98986660, 0x60606594, 0xa6655d5d, 0x59606095,
0x59596060, 0x5f5b6060, 0x59606060, 0x595f605f, 0x5b5b5b60, 0x60605f59, 0x59595b60, 0x6060595f,
0x60606060, 0x5f5f5f60, 0x60606060, 0x5f596060, 0x5b5b6095, 0x5b5f6060, 0x60606060, 0x94606060,
0x60606060, 0x59595959, 0x94605f5b, 0x5f5f5f60, 0x60605f60, 0x5f656065, 0x60606060, 0x5f949460,
0x5f609460, 0x5f60605f, 0x5f609460, 0x60605f5f, 0x60949460, 0x60605f5f, 0x95946060, 0x94606065,
0x5f5f605f, 0x5f5f5f60, 0x5b595f5f, 0x595f6060, 0x59595959, 0x59595f5f, 0x59575759, 0x595f5f59,
0x5f593b59, 0x5f5f5f5f, 0x5b595960, 0x6060605f, 0x595f6065, 0x605f5f5f, 0x595f9494, 0x5f605f5f,
0x5f605959, 0x94606060, 0x5f5f5959, 0x60605f5f, 0x59595959, 0x60605f5f, 0x59595959, 0x60605f59,
0x59596059, 0x65606059, 0x5f5f605f, 0x60605f5f, 0x6060605f, 0x60606060, 0x94605f60, 0x94655f65,
0x595f595f, 0x57595959, 0x5f595f5f, 0x595f5959, 0x59596060, 0x58585759, 0x59596060, 0x59575959,
0x59606060, 0x57595758, 0x5f609460, 0x59595959, 0x5f606560, 0x5f595f59, 0x60606094, 0x59595f5f,
0x59606059, 0x57573b58, 0x5f605f59, 0x573b585f, 0x5f5f5959, 0x57575f5f, 0x5f595759, 0x58595f5f,
0x59595758, 0x595f5f59, 0x59595959, 0x5f595959, 0x59595759, 0x5f595959, 0x59595959, 0x605f5f59,
0x58595957, 0x3b575959, 0x58595757, 0x58595958, 0x59575758, 0x595d5957, 0x59573b3b, 0x5f5f5958,
0x59573b59, 0x5d5d5859, 0x5757595f, 0x58595959, 0x5959595f, 0x5d5d5959, 0x5f5f595f, 0x5f5f5959,
0x3d3d5857, 0x3b585858, 0x5858583b, 0x3b3d3d3b, 0x3d585858, 0x3b3d3d3d, 0x3d585959, 0x3d3d5958,
0x595d5d5d, 0x58585858, 0x5d645f59, 0x5858585d, 0x5f5d5f5d, 0x645d5d5d, 0x5f5f5f5f, 0x5d5d5f65,
0x3d3d583d, 0x5d645c3d, 0x3d3d3b3b, 0x65623d5c, 0x5c3d3d3d, 0x62623d5c, 0x3d3d5858, 0x3d5c3d3d,
0x3d3d5d5d, 0x3d3d3d3d, 0x5d5c3d58, 0x5d3f3d3d, 0x5d5c5d64, 0x3d3f3d5c, 0x5d5c5d5f, 0x3d3f5d5d,
0x3f62645d, 0x3c3c3f3f, 0x5c626462, 0x3e3f3f62, 0x62625d62, 0x3f3f6262, 0x62625c3f, 0x3e446262,
0x625d5c3f, 0x3e3f6262, 0x623f6262, 0x3e446267, 0x625c623f, 0x3e3f4462, 0x3f3f3f3b, 0x3e3f3f3f,
0x3e3e3e3c, 0x030e3e42, 0x3e3e3e3f, 0x040e4242, 0x3e3e3e3e, 0x040e4242, 0x1e1e2b2a, 0x04080e2b,
0x060e060e, 0x080e0808, 0x08060e0e, 0x10080404, 0x08060e1c, 0x04040409, 0x08061c2b, 0x01010404,
0x09090404, 0x00020509, 0x04040404, 0x02000205, 0x01010404, 0x00000205, 0x01010104, 0x02000501,
0x05050104, 0x17020000, 0x01050509, 0x05020202, 0x01050501, 0x05020505, 0x050c0b05, 0x05050505,
0x00000000, 0x00000000, 0x00000002, 0x00000000, 0x02000000, 0x00000000, 0x02020202, 0x02000000,
0x0000020c, 0x00020202, 0x02020505, 0x02020202, 0x02020c0c, 0x02020202, 0x02020c0c, 0x02020202,
0x05050505, 0x00000002, 0x05050502, 0x00000000, 0x00020000, 0x00000000, 0x00000202, 0x00000202,
0x00020202, 0x00020202, 0x00020202, 0x02020202, 0x02020202, 0x0c020202, 0x0c050502, 0x02020202,
0x00000000, 0x00020000, 0x00000000, 0x00000000, 0x00000002, 0x00000000, 0x00020202, 0x00000000,
0x02000000, 0x00020000, 0x02020202, 0x00000002, 0x02020202, 0x00000000, 0x02020502, 0x00000002,
0x00000000, 0x00000000, 0x00000000, 0x00000000, 0x00000000, 0x00000000, 0x00000000, 0x00000000,
0x00000000, 0x00000002, 0x00000002, 0x00000000, 0x00000000, 0x02000000, 0x02000202, 0x02020202,
0x00000000, 0x00000000, 0x00000000, 0x00000000, 0x00000200, 0x02020200, 0x02020000, 0x02000200,
0x00000002, 0x00000000, 0x00000000, 0x00020200, 0x02020202, 0x00020202, 0x02020202, 0x02020202,
0x02020202, 0x00020200, 0x02020202, 0x02020202, 0x02020202, 0x05020200, 0x00020202, 0x05020202,
0x02020202, 0x0c020202, 0x02020200, 0x0c050502, 0x05020202, 0x05050505, 0x02020202, 0x0c0c0c05,
0x02020202, 0x05050202, 0x02050502, 0x05050202, 0x02050505, 0x05050c05, 0x05050505, 0x050c1a1a,
0x0505050c, 0x05050505, 0x0505050c, 0x05050505, 0x0c170c05, 0x0505050c, 0x0c0c0c0c, 0x0c050505,
0x05050c0c, 0x18181a17, 0x0c050505, 0x18180c18, 0x0c0c0c05, 0x14181929, 0x0c050c0c, 0x1818190c,
0x0c0c0505, 0x1818180c, 0x180c0505, 0x2626140c, 0x180c170c, 0x1826180c, 0x0c0c0c0c, 0x14140c0c,
0x19261818, 0x27222322, 0x19191918, 0x27262627, 0x22222726, 0x37273838, 0x27191818, 0x26192627,
0x26191919, 0x19272219, 0x26261918, 0x19272727, 0x1919140c, 0x19192727, 0x27262718, 0x19192227,
0x37272727, 0x27262726, 0x37262637, 0x22262737, 0x51372626, 0x26262627, 0x37372619, 0x19191926,
0x19181919, 0x19191926, 0x19261919, 0x27261926, 0x26272626, 0x26191927, 0x27271919, 0x27261926,
0x27273827, 0x27312727, 0x27272727, 0x27272227, 0x26272622, 0x27271919, 0x22272726, 0x27272626,
0x27272719, 0x27272727, 0x27272727, 0x27373727, 0x37272727, 0x27273727, 0x27372727, 0x27272727,
0x27262727, 0x27323227, 0x27222727, 0x27273838, 0x27272731, 0x37272727, 0x27313127, 0x38383727,
0x27312727, 0x51513731, 0x27272727, 0x37382727, 0x27272731, 0x3a513827, 0x27272727, 0x51513837,
0x51373731, 0x54545451, 0x54373837, 0x54545154, 0x51513a38, 0x54545454, 0x51513a3a, 0x54515451,
0x54545137, 0x54515454, 0x54515137, 0x54545154, 0x54513a3a, 0x54545154, 0x51515151, 0x54515154,
0x89565454, 0x8f8d8d8d, 0x8c895454, 0x8f8f8d8d, 0x8d895554, 0x8d8d8f8d, 0x8d565555, 0x8d8f8f8d,
0x8d895654, 0x898d898d, 0x8d898955, 0x8d8d8d8d, 0x8d898954, 0x898d8d8d, 0x8d8d8954, 0x55568989,
0x56898d8d, 0x37373a54, 0x54898d8f, 0x29263751, 0x3a548c8f, 0x2626373a, 0x54545589, 0x26263751,
0x54545589, 0x26375154, 0x5154898d, 0x37375151, 0x3a545689, 0x373a5137, 0x29515455, 0x373a5137,
0x53373737, 0x7f51384b, 0x38372626, 0x53513837, 0x37272626, 0x38383737, 0x26262626, 0x38373727,
0x26192637, 0x4b383726, 0x26262651, 0x38372627, 0x27263751, 0x4b372637, 0x3726373a, 0x38373738,
0x15234b53, 0x16161f16, 0x32394b38, 0x16242323, 0x32393837, 0x1f242324, 0x2328384b, 0x1f242324,
0x19273238, 0x16162324, 0x19232738, 0x16122324, 0x32282727, 0x1f121223, 0x19232731, 0x2016161f,
0x12132016, 0x12121212, 0x12132016, 0x10131313, 0x13132020, 0x12131313, 0x1f131f1f, 0x12121320,
0x131f1620, 0x1212131f, 0x1313131f, 0x13121213, 0x1f1f131f, 0x12100a12, 0x12131313, 0x0a0a120a,
0x13121013, 0x0909090b, 0x13121012, 0x090a0a0a, 0x0a12130a, 0x090a1313, 0x13121312, 0x0a0a1320,
0x1f131313, 0x12131f30, 0x13131312, 0x13132020, 0x1213130a, 0x13121613, 0x0b121209, 0x130b120b,
0x090a0a09, 0x13131009, 0x1009090a, 0x0a0a0a0a, 0x10090909, 0x0a0a0a10, 0x0a09090a, 0x0a09090a,
0x130a0a0a, 0x130a0a10, 0x0a090912, 0x0a131313, 0x160b0b16, 0x13131620, 0x2013121f, 0x131f2420,
0x2e21130a, 0x20202e35, 0x13100a0a, 0x35353320, 0x0a0a0a0a, 0x130a100a, 0x0a08090a, 0x0a080a0a,
0x08080a20, 0x0a0a0a0a, 0x090a0a0a, 0x100a0a09, 0x0a0a0a0a, 0x090a0a08, 0x0a131313, 0x090a1313,
0x131f2020, 0x12131313, 0x2e353335, 0x0b121313, 0x20212020, 0x16132020, 0x0809080a, 0x12130a09,
0x09090a0a, 0x09040409, 0x0a10100a, 0x04040909, 0x090a0a09, 0x09090409, 0x04040909, 0x04040409,
0x0a121312, 0x0a0a0909, 0x0a0b090b, 0x0a0a0a0a, 0x0a0b0916, 0x0a13120a, 0x20202030, 0x0a0a1216,
0x130a0909, 0x1613090b, 0x04040404, 0x13090404, 0x04040404, 0x04040404, 0x04040904, 0x04040404,
0x09090a0a, 0x0a0a080a, 0x0a0a0a0a, 0x0a100a0a, 0x0a090a09, 0x0a080a13, 0x130a0a09, 0x0a0a0913,
0x090a0a13, 0x0a130a09, 0x130a090a, 0x0a100a0a, 0x200a0404, 0x13131320, 0x04040404, 0x1313130a,
0x04090808, 0x08080904, 0x04090908, 0x04080809, 0x08080810, 0x04080808, 0x09080810, 0x08080808,
0x08090808, 0x08080808, 0x0a081010, 0x08080808, 0x080a0a13, 0x08040408, 0x08100a13, 0x0e080909,
0x1c0e0804, 0x2d44431c, 0x1c0e0804, 0x4747432d, 0x0e060808, 0x4747442d, 0x1c080404, 0x45474442,
0x1c0e0808, 0x47474442, 0x1c2d1e0e, 0x4744431e, 0x0e0e0e0e, 0x4744421c, 0x1c1e1c1c, 0x4545421c,
0x2b1b1b2b, 0x2b2b3c2d, 0x442d2d2d, 0x3e3e2d44, 0x47474445, 0x3e444444, 0x47474545, 0x44474447,
0x44476847, 0x5d444444, 0x44476868, 0x3e2d3c3e, 0x3e476868, 0x2b2a2a2b, 0x3e434547, 0x2a2a2a3c,
0x2a2a2a2b, 0x3c2a2a2a, 0x3c2a2a3c, 0x3c3c3c3c, 0x3c2b2b3e, 0x3c3e3c3c, 0x3c3e3e3e, 0x3f5d5d3c,
0x2d3c3c2d, 0x5d44445d, 0x3c2b3c3c, 0x3c3c3c3c, 0x3c3c3c3c, 0x3e3e3c3c, 0x2a2a2b2a, 0x3c3c3c2a,
0x3b3c2b3c, 0x3c3c3b2a, 0x3c3c3c3c, 0x3c3c3c3c, 0x3c3c3c3c, 0x3c3c3c3c, 0x3c3c3e3f, 0x3c3d3f3f,
0x3f3e3f5d, 0x3d3f3f3f, 0x445d3e3c, 0x5d5d4444, 0x5d3c3c3c, 0x3c3c3c3f, 0x3c3c3c3c, 0x3c3c3c3c,
0x3d3d3c3c, 0x3d3c3c3c, 0x3c3c3c3c, 0x3d3d3c3c, 0x3d3c3c3c, 0x3f3d3c3c, 0x3c3c3c3c, 0x3d3d3c3c,
0x3c3c3d3f, 0x3c3c3d3d, 0x3d3d3f5d, 0x3b3c3c3d, 0x3d3c3f3d, 0x3c3c3d3c, 0x3c3c3f3c, 0x3c3c3d3c,
0x3d3f3f3f, 0x3f3d3c3c, 0x3c3d3f3d, 0x3f3d3c3c, 0x3c3d3d3d, 0x3f3d3d3c, 0x3c3c3c3c, 0x3f3c3c3c,
0x3c3d3c3b, 0x3d3b3b3b, 0x3c3d3d3c, 0x3c3b2a3b, 0x3d3d3f3d, 0x3d3b3c3c, 0x3d3f3f3d, 0x3d3c3d3d,
0x3f3f3f3f, 0x3c3c3d3f, 0x3f5d5d3f, 0x3d3d3d3f, 0x3f5d3f3d, 0x3d3f3f5d, 0x3f3f3d3d, 0x3f5d5d3f,
0x3d3f3d3d, 0x5d625d3f, 0x3f3f3d3d, 0x3f5d3f5d, 0x3f3f3d3d, 0x3f3f5c5d, 0x3f3f3d3f, 0x3d5d625d,
0x3d3d3c3c, 0x3f3f3f3f, 0x3d3d3b3d, 0x3d3d3d3d, 0x3d3c3b3c, 0x3d3d3c3d, 0x3b3c3c3d, 0x3d3d3c3c,
0x3d3d3d3d, 0x3d3d3d3d, 0x3d3c3c3d, 0x3d3d3d3d, 0x3c3c3d3f, 0x2b3b3b3b, 0x3d3d3c3d, 0x3d3b3b3b,
0x5c5c5c3f, 0x5c5c5c5c, 0x5c5c3d3d, 0x625c3f3f, 0x5c3f3d3d, 0x625c5c5c, 0x5c5c3d3d, 0x64645c5c,
0x5c5c5c3f, 0x6162625c, 0x5c5c3d3d, 0x6264625c, 0x5c3d3d3d, 0x6264625c, 0x5c3d3c3d, 0x61625d5c,
0x3f5c5c5c, 0x3e3c3f3d, 0x3f5d625c, 0x3c3e5d3d, 0x3f5c6262, 0x3f3f3f3f, 0x3f625c62, 0x5d5d3f3f,
0x3c3f3f5c, 0x3f3f3d3c, 0x3f3f3f5c, 0x443f3f3c, 0x3d3f5c62, 0x62623f3b, 0x3f5d6262, 0x4444623f,
0x3e3e3c3e, 0x423e423e, 0x2b3c3c3c, 0x45424442, 0x1e2b2b3e, 0x45454244, 0x3e3e3e3f, 0x45704542,
0x1e425d3f, 0x45454542, 0x3e42443f, 0x6f354242, 0x42434444, 0x4f354343, 0x4542443e, 0x45454345,
0x6f454242, 0x4a424570, 0x706f4545, 0x6f6f706f, 0x80806f45, 0x806f806f, 0x8080804a, 0x917d8080,
0x80807070, 0x84807d7d, 0x6f6f6f70, 0x808b804a, 0x6f6f4f70, 0x8b80804a, 0x4a4a3545, 0x91807d7d,
0x92928b7d, 0x8b8b9292, 0x92929284, 0x8b8b9292, 0x8b8b9191, 0x8c8b9292, 0x8b919291, 0x8c8b8b92,
0x92919191, 0x8b8b8c92, 0xc1928b84, 0x8c929292, 0x92928b8b, 0x9292928b, 0x8b919191, 0x8b8b8b8b,
0x8c8c8c8b, 0xd3d3c2c2, 0x8c8c8c8c, 0xd3cec2c2, 0x8c8c8c92, 0xd3d3c2c2, 0xc18cc192, 0xd4d3c2c2,
0xc2c2c18c, 0xd4d4d3c3, 0xc292c1c1, 0xd4d4d3c3, 0xc2928c92, 0xd4d4d3c2, 0xc2c18c8c, 0xd4d4d3c2,
0xd4d4d4d4, 0xc3c2c3d4, 0xd4d4d4d3, 0xc2c2c2d4, 0xd4d4d4d4, 0xc1c2c3c7, 0xd4d4d4d4, 0xc2c2c3c3,
0xd4d4d4d4, 0xc1c2c7c7, 0xd4d4d3d4, 0xbec1c2d4, 0xd4d4d3d4, 0xbec1c1c2, 0xc2d4d4d4, 0x8bbec1c2,
0xbebec1c2, 0x8b8b8b8c, 0xbebec1c2, 0x8bbe8b8b, 0xbebec1c1, 0xbec1bebe, 0xbe8bc1c1, 0xbebebebe,
0xbe8bbec1, 0xbebebec1, 0xc1bebe8c, 0xbebebec1, 0xc1c1bebe, 0xbe8bb0be, 0xbebebe8b, 0xbebeb08b,
0xa7999da9, 0x636d9da7, 0xaaa7a9a9, 0x636e9da7, 0xa9a9a7a9, 0x6d999da7, 0xa7aaaaa9, 0x6e9d9d9d,
0xa7a9aaa9, 0x999d9d9d, 0x9da7aaa9, 0x99999da7, 0x9da7aaa9, 0x6e6d9d9d, 0x9da9a7a9, 0xa79d9999,
0x41414141, 0x2c2c2c41, 0x41416341, 0x2c414141, 0x63635e6d, 0x2c2c4141, 0x6363636d, 0x47414163,
0x63666d6e, 0x47634163, 0x6d6e6e6e, 0x6d6d6341, 0x6e6d6d6e, 0x6d6d636d, 0x786e6e9d, 0x6b6b636d,
0x40404841, 0x2c2c4040, 0x40404740, 0x47404040, 0x40474040, 0x6b484840, 0x40484747, 0x47484840,
0x47474863, 0x48474847, 0x47414147, 0x47404047, 0x476b7878, 0x47404140, 0x6b786b6d, 0x6b474863,
0x2c402d2c, 0x462c2c2c, 0x2c2c2c40, 0x2d2c402c, 0x46404048, 0x2c2c2d40, 0x40402c40, 0x40404640,
0x40404040, 0x402c4040, 0x47402c40, 0x40474640, 0x47404747, 0x40404840, 0x40476b48, 0x4040402c,
0x2c402c2c, 0x1b0d0d2c, 0x2c40401d, 0x2c2c1b1d, 0x2c2c2c2c, 0x2d2c2c2c, 0x2c2c2c40, 0x2d2c4040,
0x1d1d402d, 0x1b1b2c2c, 0x2c40462c, 0x2c2d402d, 0x46462c40, 0x402c4040, 0x46402c40, 0x2c2a2c2c,
0x2c1b1b1b, 0x2c1b2c2c, 0x1b1b1b2c, 0x1d1d2c40, 0x2c2d1b1b, 0x2c402d2d, 0x1d2c2c2c, 0x40402c2c,
0x2c46402a, 0x2c1b1b2c, 0x2c464740, 0x2c2c1b2c, 0x40404040, 0x402d2c2c, 0x2c40472c, 0x402c402c,
0x2c2d2d2c, 0x2c2c2c2c, 0x2c2c2c1d, 0x2c2c2c2c, 0x1b0d1b1b, 0x2c2c1b1b, 0x1b1b2c2c, 0x2c2c1b1b,
0x0d1b402c, 0x2a1b1b1b, 0x1b2c2d2c, 0x2a1b1b0d, 0x2c404646, 0x1b2c2c1b, 0x4046402d, 0x2c2c2c40,
0x3b3b5a2c, 0x3d2c5a5a, 0x3b3b3b2c, 0x3b3b5a5a, 0x5a2c2a2c, 0x2a5a5a2c, 0x412c2a1b, 0x3d415a5a,
0x2a2a2c2a, 0x5a5a2c2c, 0x2a1b2a2a, 0x413b1b2a, 0x1b2a402c, 0x5a3b2a1b, 0x2a2c2c2c, 0x5a3b2a1b,
0x665e3b3d, 0x3d5e3b3d, 0x665a3b3b, 0x3d3d3d5e, 0x5a3d3b3b, 0x59595e5e, 0x5a5a3b3b, 0x5e66665e,
0x5a5a5a5a, 0x60666c66, 0x5a3b5a5a, 0x65596566, 0x3b3b5a5a, 0x6c605e5a, 0x3b3b3b5a, 0x66605a5a,
0x66666066, 0x5d593d5e, 0x66665e65, 0x59596098, 0x6060605e, 0x5d596566, 0x605e5e59, 0x60656565,
0x60605e59, 0x65656060, 0x605e6060, 0x65605960, 0x605e6565, 0x65656566, 0x60609866, 0x65656665,
0x9860605e, 0x59606698, 0x605d5959, 0x60609595, 0x605d595d, 0x60959560, 0x6060605e, 0x60956059,
0x60606565, 0x95605a59, 0x60606565, 0x605a5a60, 0x60606065, 0x59596060, 0x60606065, 0x5a606060,
0x60956059, 0x94606095, 0x95956060, 0x94609495, 0x95605b60, 0x60959595, 0x60606060, 0x95956095,
0x60596060, 0x95956060, 0x60606095, 0x95959460, 0x60606060, 0x95959460, 0x60606060, 0x95959595,
0x94606094, 0x94609465, 0x94606060, 0x65946060, 0x94949460, 0x94946060, 0x94949494, 0x95949494,
0x95959598, 0x94949494, 0x94959898, 0x94949595, 0x94959895, 0x94609495, 0x95989895, 0x94949494,
0x59606094, 0x6060605f, 0x60606094, 0x65606594, 0x94959594, 0x60609498, 0x9494a695, 0x60609495,
0x95959594, 0x60659595, 0x94959594, 0x60659494, 0x94959594, 0x94949494, 0x98959460, 0x9598a6a6,
0x94606560, 0x94656094, 0x94949494, 0x94949494, 0x94959560, 0x94949894, 0x94946560, 0x95989895,
0x98959465, 0x98989498, 0x95949494, 0x959898a6, 0x60609494, 0x95989895, 0x94959895, 0x95949494,
0x65609494, 0x5f60605f, 0x60949594, 0x6060605f, 0x94959494, 0x60609460, 0x94946595, 0x60946594,
0x60606094, 0x60949494, 0x60606094, 0x65659460, 0x60609495, 0x65949460, 0x60959898, 0x94949460,
0x5f605f59, 0x605f5f59, 0x60655f5f, 0x605f5f5f, 0x94946060, 0x60606565, 0x94946065, 0x5f659494,
0x65946565, 0x5f659494, 0x94989465, 0x65656565, 0x98989494, 0x65659494, 0xa6989498, 0x65659898,
0x5f605d65, 0x5f5d595f, 0x5f5d6065, 0x595d5f65, 0x605f6565, 0x5f656065, 0x65656565, 0x5f656565,
0x60606560, 0x65946560, 0x65606060, 0x65656565, 0x65655f65, 0x65656565, 0x655f6598, 0x65659465,
0x65646460, 0x64646565, 0x655f655f, 0x65656565, 0x6565655d, 0x65656565, 0x65655d5d, 0x65656565,
0x655f5f65, 0x656a6597, 0x5f656594, 0x65656464, 0x5d656565, 0x65655d58, 0x65656565, 0x5d5d5d65,
0x5d5d5d64, 0x5d625d5c, 0x5d5d5d64, 0x62625c5d, 0x5d5d6265, 0x625d5d5d, 0x5d5d6465, 0x62625d5d,
0x62626464, 0x5d625d62, 0x65626565, 0x625d6262, 0x62626565, 0x625d6262, 0x62656562, 0x62626262,
0x3f3f3f3f, 0x3e3e3e3c, 0x3f3f5d62, 0x2b1e2b3c, 0x62626262, 0x0e2b3e44, 0x62626262, 0x1e424462,
0x67676262, 0x103e4467, 0x6a676262, 0x081e4472, 0x6a686a65, 0x103e6770, 0x6767625d, 0x10456767,
0x101e2d42, 0x01040404, 0x101e3e42, 0x04090909, 0x1e42451e, 0x0b090410, 0x101f1008, 0x0b0b0910,
0x10080808, 0x0b091112, 0x09090909, 0x0b0b0b09, 0x09090909, 0x0b0b0b09, 0x09090909, 0x0b0b0b0b,
0x0c0c0505, 0x0c0c0c05, 0x0c0c0505, 0x180c0c05, 0x0c0c0b04, 0x0c0c0c0c, 0x0b140b14, 0x18190c0c,
0x0b140b0b, 0x26271414, 0x0b0b140b, 0x14222314, 0x150b1415, 0x1423150b, 0x0b0b0b0b, 0x1515150b,
0x05050c0c, 0x0c020c0c, 0x0c050c18, 0x0502050c, 0x1a0c1818, 0x0c05051a, 0x1a1a1818, 0x0c05050c,
0x17181a18, 0x050c0c0c, 0x1a181814, 0x0c0c0c0c, 0x0c0c1814, 0x1a251a0c, 0x1a0c0c14, 0x171a170c,
0x02020c05, 0x02020c0c, 0x05050c02, 0x02050c0c, 0x0c0c0c0c, 0x0c0c0c0c, 0x0c0c0c1a, 0x0c0c0c1a,
0x0c0c170c, 0x1a1a0c1a, 0x0c0c1a0c, 0x1a0c1a0c, 0x17171717, 0x0c1a1a0c, 0x171a0c18, 0x05051a1a,
0x0202050c, 0x02020200, 0x020c0c05, 0x02020202, 0x02020c0c, 0x0202020c, 0x020c1a1a, 0x02020202,
0x0202170c, 0x17020202, 0x1a0c0c0c, 0x17020217, 0x17170c0c, 0x02020c17, 0x17170c05, 0x1a170c0c,
0x02020202, 0x02020202, 0x02020202, 0x02020202, 0x02170202, 0x02020202, 0x17171702, 0x1a0c0202,
0x1a171717, 0x17291a1a, 0x17171717, 0x17291717, 0x020c0c0c, 0x17170c02, 0x0c0c171a, 0x1a0c0c0c,
0x02020202, 0x02020202, 0x02020202, 0x02050202, 0x050c0c0c, 0x0202020c, 0x02020c0c, 0x05050502,
0x0202050c, 0x1a0c0502, 0x0c050c02, 0x1a0c0c0c, 0x1717170c, 0x0c050c17, 0x0c1a1a0c, 0x3a0c050c,
0x0502050c, 0x0c0c0c0c, 0x1a1a0502, 0x0c050c1a, 0x170c1705, 0x170c0c18, 0x260c180c, 0x170c0c26,
0x2214141a, 0x29262631, 0x15152217, 0x374b3823, 0x1f1f2325, 0x384b4b32, 0x161f2350, 0x31324b32,
0x0c0c0c0c, 0x0c0c0c0c, 0x0c0c0c0c, 0x0c0c170c, 0x0c0c1725, 0x170c0c0c, 0x1a1a170c, 0x17171a29,
0x1a1a0c17, 0x1a1a0c1a, 0x1a1a1a1a, 0x290c0c1a, 0x1a1a1a29, 0x291a1a1a, 0x171a1818, 0x251a2936,
0x180c0c0c, 0x18180c0c, 0x180c0c0c, 0x18181418, 0x0c0c1818, 0x19180c0c, 0x0c0c1718, 0x1418180c,
0x180c1818, 0x19191818, 0x181a2937, 0x19181818, 0x18262926, 0x18181819, 0x19371a18, 0x18181819,
0x19191918, 0x19191922, 0x19191919, 0x19191919, 0x19181919, 0x19191919, 0x19191918, 0x19191819,
0x19191919, 0x19191919, 0x27191919, 0x19191927, 0x22221919, 0x19191919, 0x19191918, 0x22262719,
0x38512619, 0x38261926, 0x27191919, 0x26372626, 0x27372619, 0x26272727, 0x27272619, 0x27272627,
0x19192719, 0x26192619, 0x26272727, 0x26191919, 0x27261919, 0x26191919, 0x19191919, 0x19191926,
0x38382737, 0x27383827, 0x27313727, 0x27272727, 0x26262726, 0x38272727, 0x26262626, 0x31383827,
0x27271926, 0x27383837, 0x38271919, 0x27382727, 0x38272626, 0x27272737, 0x27262219, 0x26272626,
0x27272727, 0x51372727, 0x27272727, 0x37373727, 0x27272738, 0x51513727, 0x27383838, 0x51373727,
0x27272727, 0x51513727, 0x31273731, 0x51515138, 0x27272727, 0x513a3837, 0x27262226, 0x37373729,
0x5454513a, 0x54515454, 0x54545451, 0x54545454, 0x54545454, 0x54545454, 0x54545454, 0x55543a3a,
0x51515151, 0x55545151, 0x51545151, 0x54545454, 0x54545151, 0x54545454, 0x51545451, 0x5454513a,
0x8d8d8956, 0x55555589, 0x8d898956, 0x54545589, 0x55555656, 0x54545454, 0x55568956, 0x54545554,
0x55565654, 0x54558955, 0x54545454, 0x54558955, 0x89555454, 0x54545589, 0x55555554, 0x54555455,
0x3a3a5154, 0x37363737, 0x373a5454, 0x373a3737, 0x51515454, 0x51513736, 0x3a545555, 0x3a513a37,
0x3a545454, 0x36363729, 0x373a5454, 0x36292525, 0x29293a54, 0x37292525, 0x373a3a50, 0x51292929,
0x37262637, 0x38373737, 0x37262637, 0x3737373a, 0x37292937, 0x27385150, 0x29252529, 0x37375137,
0x251a1a26, 0x37503629, 0x1a1a2629, 0x2637261a, 0x251a2629, 0x181a2618, 0x26252937, 0x26181817,
0x16192731, 0x161f1f23, 0x23232727, 0x161f2423, 0x27272727, 0x131f2432, 0x27232226, 0x13161623,
0x27271922, 0x16162423, 0x27271918, 0x24152323, 0x27191818, 0x23162323, 0x19191818, 0x23232727,
0x0a121312, 0x0a0a0a0a, 0x12121312, 0x0a0a0a12, 0x13121313, 0x090a1012, 0x12121213, 0x0a101312,
0x120a1213, 0x120b1212, 0x13131313, 0x12121213, 0x13131316, 0x12121313, 0x13131316, 0x16120b13,
0x12121009, 0x120b0b0b, 0x0b120a09, 0x1212120a, 0x0a0b0909, 0x0b0b0b09, 0x0b0a0909, 0x0a0b0b0a,
0x120b0b0b, 0x120b0b0b, 0x120b1212, 0x12121212, 0x120b0b12, 0x0b0b1212, 0x12121216, 0x12131615,
0x16121213, 0x1316201f, 0x0b121316, 0x0b0a0b12, 0x0b0b0b0b, 0x0b0a0a12, 0x0a0a0a0b, 0x130a0a0b,
0x09090b0b, 0x120a0a0a, 0x0a0b1312, 0x0a0a130b, 0x0a0b1613, 0x1313130b, 0x0b090b0b, 0x120a090b,
0x12132020, 0x0a0a1320, 0x20162016, 0x12121624, 0x1f161f13, 0x161f2424, 0x0b121313, 0x24161515,
0x0909090a, 0x1615120b, 0x0b0a0b0b, 0x0b0b0b0b, 0x0b121212, 0x040b0b0b, 0x0b130b0b, 0x090b120b,
0x09090a12, 0x04040912, 0x0b0b0b0b, 0x0404090b, 0x0b151515, 0x09090b0b, 0x15151516, 0x1215150b,
0x1f0b0b15, 0x0b151616, 0x0b0b150b, 0x1216160b, 0x090b150b, 0x09090909, 0x090b0b0b, 0x09090404,
0x0404120a, 0x04090a09, 0x09090909, 0x090a0a0a, 0x04040404, 0x09090904, 0x0909040b, 0x04040409,
0x0a09090b, 0x04040a0b, 0x130b0b0b, 0x0b090b13, 0x0b0b1212, 0x0b090a13, 0x0b0b0b09, 0x160b1313,
0x04040404, 0x04040404, 0x04040909, 0x04040404, 0x04040404, 0x04040404, 0x04040404, 0x04040404,
0x04040404, 0x04040404, 0x04040a0b, 0x04040404, 0x090a0b12, 0x09090909, 0x0a0b0b16, 0x0a13130a,
0x20130804, 0x1e08080a, 0x04040404, 0x0e080404, 0x04040404, 0x0e080404, 0x04040404, 0x2e1e0804,
0x04080404, 0x1e1e0e08, 0x04080904, 0x08080808, 0x04040404, 0x03040404, 0x08040909, 0x04040808,
0x2d1e1c0e, 0x44454442, 0x43432d1e, 0x47474443, 0x1e1e0e0e, 0x45474442, 0x2d43432e, 0x3e424443,
0x4242422e, 0x1e1e4345, 0x422e1e08, 0x42434543, 0x1e0e0804, 0x43424743, 0x08080303, 0x1e1c2d1e,
0x2b3e3e42, 0x3c2d3e2b, 0x3e3e3e44, 0x3e2d2d3e, 0x2d2d4444, 0x5d44442d, 0x3e3e3e3e, 0x4444445d,
0x3c3e3e3e, 0x4444443e, 0x3e3e3e42, 0x3f5d5d3e, 0x44454745, 0x3e3e3e44, 0x44474742, 0x3c3c3e44,
0x2a3c3c2b, 0x3c2b3c2b, 0x3c3c2b3c, 0x3c3c3c3c, 0x3e3e3c3e, 0x3c3e3e3e, 0x445d4444, 0x445d4444,
0x65654747, 0x65656565, 0x5d5d5d3f, 0x65444444, 0x5d5d5d3e, 0x44445d5d, 0x3f3e3e3c, 0x3f3f3f3f,
0x3c3c3c3c, 0x3d3f3f3c, 0x3e3e3c3c, 0x3d3d3f3f, 0x3f5d3f3c, 0x3b3b3c3c, 0x3f5d5d5d, 0x3b3c3c3c,
0x5d5d4462, 0x3d3f3f3f, 0x62656565, 0x62624462, 0x5d5d5d5d, 0x5d5d5d3f, 0x3c3c3e3f, 0x3c3c3c3c,
0x3c3f3c3c, 0x3d3c3d3d, 0x3c3d3d3c, 0x3c3c3c3d, 0x3c3c3f3c, 0x3c3d3c3c, 0x3d3c3c3b, 0x3f5d5d3f,
0x5d3d3c3d, 0x5d5d5d5d, 0x5d3f5d62, 0x625d625d, 0x62625d5d, 0x65656565, 0x5d5d3d3c, 0x445d5d5d,
0x3b3b3c3f, 0x3c3d3d3c, 0x2a3b3c3c, 0x3f3d3d3c, 0x3c3d3c3b, 0x3f3f3f3d, 0x3c3c3d3d, 0x3f3f3f3c,
0x3c3c3d3f, 0x5d3f3d3c, 0x5d5d5d62, 0x623f3d3f, 0x65656568, 0x62625d65, 0x65625d5d, 0x62656a65,
0x625d3f3d, 0x3d3f5d5d, 0x625c3f3f, 0x3f3f5d5d, 0x625d3f3f, 0x3f3f3f3f, 0x5d5d5d3f, 0x3f5c3f3f,
0x5d3f5d5d, 0x5c62625d, 0x5d5d6262, 0x625d5d3f, 0x3f5d6262, 0x3d3f3f3f, 0x5d626262, 0x5c626562,
0x3d3d3d3d, 0x3d3d3d3c, 0x3d3f3f5c, 0x3d3d3d3d, 0x3d3d3f3f, 0x3d3d3c3d, 0x3d3d3f5c, 0x3d3d3d3d,
0x3f3f5c5d, 0x3f5c3f5c, 0x5c5c5d62, 0x5c5c5c62, 0x625c5d3f, 0x3f62625c, 0x6262625d, 0x5d646262,
0x5c3f3d3d, 0x3f3f3f5c, 0x3f3f3d3d, 0x3d3d3d5c, 0x3f3f3d3d, 0x3d3d3d3f, 0x3d3d3d3d, 0x3f3d3d3d,
0x3d3d3d3f, 0x5c3d3f3d, 0x3d3d3f5c, 0x3f3d3f3d, 0x3f5c5c62, 0x3f5c5c5c, 0x3f616262, 0x445c5c3f,
0x3f615c5c, 0x3f44443f, 0x443f3f3d, 0x44444461, 0x443f3f3d, 0x45674461, 0x44443f3f, 0x67676744,
0x44443f5c, 0x67676744, 0x4467443f, 0x45454544, 0x6f67623f, 0x6f6f6f6f, 0x706f6744, 0x6f6f6f72,
0x4545443e, 0x45424242, 0x6f454444, 0x45454245, 0x70454545, 0x45454545, 0x70707045, 0x45454545,
0x7070704a, 0x45454242, 0x456f706f, 0x45424545, 0x456f706f, 0x6f494245, 0x456f456f, 0x704f4945,
0x4a494245, 0x8b807d80, 0x6f6f4a49, 0x7f7d7d6f, 0x80804545, 0x80807d7d, 0x7d806f45, 0x84808080,
0x6f6f706f, 0x8b848780, 0x8080806f, 0x8b918480, 0x80808080, 0x84848480, 0x804f8080, 0x7f808087,
0x91929291, 0x8c929292, 0x918b9291, 0x8c8c9292, 0x8b8b918b, 0x92929291, 0x91918b8b, 0x92929291,
0x9191918b, 0x8b8b8b91, 0x918b8b8b, 0x91918b91, 0x9191918b, 0x7f919191, 0x91918b7f, 0x8084918b,
0xc2c1c192, 0xd4d4d3c2, 0xc1c19292, 0xd4d3c3c2, 0x92928b92, 0xd4c2c2c2, 0x928b8b92, 0xc7c2c292,
0x8b919191, 0xc6c28c8b, 0x84848491, 0xc2c18b7f, 0x7d7d8484, 0xc2be8b7d, 0x7d7d8087, 0xc2c18b7d,
0xc2c2c3d4, 0x8b8bc1c1, 0xc2c2c3d4, 0x8b8bc1c1, 0xc2c2c3d4, 0x8b8bbec1, 0xc2c2c2c7, 0x8b8b8bc1,
0xc1c2c6c6, 0x8a8a8bc1, 0xc1c1c6c2, 0x8b8bc1c1, 0xc1c1c2c6, 0xb0c1c1be, 0xbec1c2c7, 0xc1c1bebe,
0x8bb0be8b, 0xbebeb08b, 0x8bb0be8b, 0x8cbeb08b, 0xbebeb08b, 0x8c8bbebe, 0xb08b8b8b, 0xbebebebe,
0x8b8b8a8a, 0xbec1beb0, 0x8b8b8b8b, 0xbebebebe, 0x8a8a8b8b, 0xbebec1be, 0xbe8b8bc1, 0x8b8bbebe,
0x9d9d66a7, 0xa79d9d9d, 0x9da79da9, 0x9d9d9d9d, 0xa9aaaaaa, 0x9d9d9d9d, 0x9da9aaac, 0x999d9d99,
0x9c9da9ac, 0x6e9d9d99, 0x9ca7aaac, 0x6d9d9d99, 0xaaaaaaad, 0x66999d9d, 0xaaaaaaad, 0x669daaaa,
0x6d6e9d9d, 0x4141416d, 0x636e999d, 0x6341415e, 0x636e9d9d, 0x6b636363, 0x6d6e9999, 0x6363636d,
0x6d6d6666, 0x41416b66, 0x41634141, 0x63636341, 0x415e415e, 0x63636363, 0x63636363, 0x41414163,
0x41402c40, 0x476b6b41, 0x412c4041, 0x41474141, 0x48404863, 0x412c4747, 0x47416363, 0x41476340,
0x41404141, 0x41412c2c, 0x41404763, 0x412c2c2c, 0x63486363, 0x472c2c41, 0x6b6b6b63, 0x41414148,
0x476b4747, 0x47474747, 0x40474763, 0x40486b41, 0x41474741, 0x4747472c, 0x47636341, 0x6b474141,
0x41476341, 0x47474747, 0x41414141, 0x6b6b6363, 0x41476363, 0x6d6b6363, 0x41416363, 0x636b6b6b,
0x2c404047, 0x4040402a, 0x2c2c2c40, 0x40404040, 0x2c404740, 0x48402c41, 0x41414741, 0x4740406b,
0x636b6b47, 0x6b6b6b6b, 0x41474163, 0x486b4747, 0x4141416b, 0x40414163, 0x6b636b6b, 0x416b6b6b,
0x46464740, 0x462c4047, 0x47474640, 0x47484847, 0x46484840, 0x48484848, 0x47474040, 0x4846486b,
0x78484748, 0x48404778, 0x486b4847, 0x6b474048, 0x40474740, 0x6b47402c, 0x40414747, 0x6b472c40,
0x6b474646, 0x2c2a2c6b, 0x47474747, 0x2c2c2c46, 0x75487548, 0x2c2c2c48, 0x6b7a7548, 0x2c404040,
0x476b4748, 0x2c402c2c, 0x40404047, 0x2c2c4041, 0x2c404047, 0x2c2c4048, 0x2c2c2c41, 0x40414140,
0x2c402c2c, 0x5e412c2c, 0x2c40402c, 0x5e5e2c2a, 0x2c2c472c, 0x5a5a2c2c, 0x2c2c2c2c, 0x5a2c2c40,
0x402c4740, 0x415a2c63, 0x402c2c40, 0x412c2c47, 0x2c2c2c2c, 0x2c2a2a2c, 0x2c41402c, 0x2c2a2c2c,
0x5a5a5a5e, 0x665e5e66, 0x5a5a635e, 0x665e5a41, 0x665e6363, 0x5e3b5e5e, 0x6d665e5a, 0x5e3b5e66,
0x5e66665a, 0x66666666, 0x6666635a, 0x6666666d, 0x6d5e5e5a, 0x66666699, 0x665e415a, 0x5e666666,
0x66669866, 0x95956666, 0x66666666, 0x98956066, 0x99986666, 0x98666698, 0x98669866, 0x9895a6a6,
0x98666666, 0x9898a6a6, 0x9860595e, 0xa698a698, 0x66605a66, 0xa6a69866, 0x66666666, 0xa6669860,
0x60606065, 0x5a606060, 0x60606065, 0x60606060, 0x60606698, 0x60606060, 0x65669898, 0x60606060,
0x98989898, 0x60606095, 0xa6a698a6, 0x65956698, 0xa6a6a6a6, 0x6095a6a6, 0xa6a9a6a6, 0x66a6a6a6,
0x60605a60, 0x94959560, 0x60606060, 0x95956060, 0x60606060, 0x95946060, 0x60606060, 0x94606060,
0x60606060, 0x94606060, 0x60606060, 0x94956060, 0x60606066, 0x95956060, 0x60606066, 0x95956060,
0x98989895, 0x94949495, 0x98959895, 0x659494a6, 0x98959895, 0x94949598, 0xa6989895, 0x949898a6,
0x98a69894, 0x95989598, 0xa6a69594, 0x94959898, 0x98949594, 0x9495a6a6, 0x95949595, 0x95a6a698,
0x98949494, 0x98a6a6a6, 0x95989465, 0xa6a69898, 0x95949494, 0xa6a6a698, 0x94946594, 0x94a69594,
0x95959895, 0x98959494, 0x9594a695, 0x98946065, 0x98989895, 0x94946595, 0x95989895, 0x95959494,
0x98a6a695, 0xa6989494, 0x95a69895, 0x94946565, 0x95949494, 0x94659495, 0x98949494, 0x946594a6,
0x9494a6a6, 0x94949895, 0x6595a6a6, 0x95959594, 0x65959895, 0x95989594, 0x95959595, 0x95959595,
0x94949498, 0x95949465, 0x94959895, 0x94949494, 0x94989898, 0x94989598, 0x98989595, 0x98989898,
0x95959495, 0x94989898, 0x94659595, 0x98989898, 0x95959494, 0x9898a695, 0x95656594, 0xa6a69895,
0xa6986594, 0x94659498, 0xa6989595, 0x949498a6, 0xa6989898, 0x94989898, 0xa6989898, 0x94949498,
0xa6989494, 0x98949898, 0xa6989494, 0x98946598, 0xa6989498, 0x98989798, 0x98989498, 0x989798a6,
0x65609898, 0x94656565, 0x65949894, 0x65656565, 0x65989494, 0x65659865, 0x98949494, 0x65659498,
0x98949898, 0x65659898, 0x98989898, 0x97989898, 0x98989798, 0x97989898, 0x98989898, 0x9898989b,
0x98655f65, 0x5d5d5d6a, 0x97986565, 0x65656597, 0x98986565, 0x5d656a65, 0x98976565, 0x65656598,
0x97656565, 0x6a656a6a, 0x98656565, 0x9b656a98, 0x65656565, 0x6a6a9898, 0x65656a6a, 0x9b9b9b65,
0x6565625d, 0x5d5d656a, 0x6a625d5d, 0x6262626a, 0x655d3d5d, 0x626a6865, 0x655d5d65, 0x44446865,
0x6a5d656a, 0x2d2d4462, 0x6a656a72, 0x1c2b4468, 0x62626a6a, 0x1e424465, 0x5d656a6a, 0x2e2d4465,
0x67686262, 0x10424444, 0x3e444444, 0x0910100e, 0x0e3e5d44, 0x0b090909, 0x081e4244, 0x0b090909,
0x101e2d1e, 0x0b040909, 0x10101010, 0x0b0b0909, 0x12091010, 0x0c15140b, 0x09090a1f, 0x1422220b,
0x04040909, 0x04040b04, 0x04040404, 0x0b0b0b09, 0x09040409, 0x0b0b0b0b, 0x040b090b, 0x0b0b0b0b,
0x0b0b1405, 0x0b0b0b0b, 0x0b0b0b0b, 0x0b0b0b0b, 0x140b0b0b, 0x0b050b0b, 0x0b140c0c, 0x190b0b0b,
0x150b0b14, 0x230b1215, 0x150b0b0b, 0x151f1515, 0x15150b0b, 0x1f151f16, 0x15150b0b, 0x23151f0b,
0x0b0b0b0b, 0x1423320b, 0x1515150b, 0x14151515, 0x15151514, 0x0c152315, 0x15150b23, 0x0c151915,
0x17171815, 0x0c0c170c, 0x0c181415, 0x1718180c, 0x18181419, 0x1926180c, 0x26261822, 0x261a180c,
0x26181814, 0x18180c26, 0x18140c14, 0x18261822, 0x180c0c14, 0x180c1414, 0x18141814, 0x18181919,
0x0c172529, 0x1a1a0c0c, 0x0c171a1a, 0x1a1a1a25, 0x18170c0c, 0x0c0c1a1a, 0x26261818, 0x171a251a,
0x261a1a18, 0x1a17171a, 0x180c0c0c, 0x0c0c1718, 0x18181826, 0x0c1a251a, 0x0c192626, 0x0c0c0c17,
0x0c171a1a, 0x0c1a0c0c, 0x0c0c0c17, 0x0c0c0c17, 0x0c0c0c0c, 0x170c0c0c, 0x0c0c0c0c, 0x291a0c0c,
0x1a170c17, 0x0c1a1a1a, 0x0c1a0c0c, 0x0c171a29, 0x0c291a0c, 0x1a1a170c, 0x1736291a, 0x36291a0c,
0x1a17170c, 0x0c0c1a1a, 0x291a2917, 0x1a171a1a, 0x0c1a1a1a, 0x1a0c0c0c, 0x0c0c1a1a, 0x291a0c1a,
0x3a1a1a0c, 0x291a1a29, 0x1a1a170c, 0x1a1a2929, 0x1a290c0c, 0x1a1a1a29, 0x1a291a1a, 0x1a0c1a1a,
0x1a170c0c, 0x3a1a0c0c, 0x1a0c0c0c, 0x1a0c0c1a, 0x1a1a0c0c, 0x1a1a0c0c, 0x1a1a0c17, 0x171a1a0c,
0x0c0c171a, 0x1a1a1a0c, 0x1a0c0c0c, 0x0c0c1a1a, 0x291a0c1a, 0x1a0c1a3a, 0x3a290c29, 0x361a1a29,
0x151f3236, 0x19233223, 0x1f32271a, 0x4b4b4b30, 0x24271817, 0x37233230, 0x38261817, 0x31324b15,
0x22262636, 0x4b4b4b23, 0x191a251a, 0x31323232, 0x1825291a, 0x4b323224, 0x26261a1a, 0x53322423,
0x1729261a, 0x1a1a1a1a, 0x1825263a, 0x1725261a, 0x1a1a2937, 0x291a1a1a, 0x1a293a51, 0x1a362625,
0x1a263751, 0x1a252625, 0x1a375138, 0x1a362925, 0x1a273132, 0x2529361a, 0x3726274b, 0x1a293a3a,
0x19293a36, 0x18182629, 0x37261a1a, 0x18181937, 0x1a181a1a, 0x1a181a19, 0x26291a17, 0x2637261a,
0x263a1a1a, 0x26292529, 0x25292929, 0x26291a1a, 0x3a3a3a50, 0x3a3a2929, 0x293a3a29, 0x37363a36,
0x19192719, 0x27272727, 0x19192751, 0x27272738, 0x19271929, 0x27273827, 0x19311918, 0x38383827,
0x31272619, 0x28535138, 0x31373837, 0x28383837, 0x27372737, 0x38383827, 0x38372726, 0x38383838,
0x26192627, 0x26272727, 0x19193827, 0x27191927, 0x19262727, 0x38192719, 0x38262738, 0x27192627,
0x37262727, 0x27272726, 0x26192738, 0x27272727, 0x27273853, 0x38372727, 0x27385153, 0x51373837,
0x26262626, 0x22262737, 0x26262626, 0x22222626, 0x26192638, 0x26262627, 0x27262637, 0x27272627,
0x27262626, 0x26262627, 0x27272726, 0x26192627, 0x26262637, 0x27262727, 0x26262738, 0x26272727,
0x26272727, 0x37372929, 0x26262727, 0x3a373737, 0x37373727, 0x3a37373a, 0x29375127, 0x37373737,
0x3a293727, 0x37373a38, 0x37372726, 0x3a3a3737, 0x37262627, 0x543a3737, 0x37262626, 0x3a373737,
0x3a515451, 0x5454513a, 0x51515151, 0x50545454, 0x3a515151, 0x3a3a3a3a, 0x5151513a, 0x3a3a3a54,
0x5151513a, 0x3a3a3a51, 0x51545151, 0x3a3a5151, 0x51515154, 0x3a3a3a51, 0x3a3a3a3a, 0x3a363737,
0x5555543a, 0x54555555, 0x89895554, 0x55555555, 0x55555454, 0x8d555555, 0x55555454, 0x8d895554,
0x54555454, 0x898d8955, 0x55545454, 0x898d5555, 0x54545454, 0x898d5554, 0x54545454, 0x568d5655,
0x3a3a3a54, 0x3a51513a, 0x51505454, 0x37513a3a, 0x54545489, 0x373a373a, 0x51545455, 0x3a515151,
0x54515454, 0x37375154, 0x51545455, 0x36373a51, 0x3a515456, 0x37373a3a, 0x3a375055, 0x513a373a,
0x26292937, 0x1818171a, 0x26292629, 0x1818181a, 0x26292629, 0x1818181a, 0x26293737, 0x18181a26,
0x37363737, 0x18181826, 0x29373737, 0x18261a26, 0x29375151, 0x181a1826, 0x25293751, 0x18181818,
0x26191818, 0x24323122, 0x27261818, 0x24323827, 0x18181818, 0x34323731, 0x18171718, 0x27272726,
0x18170c17, 0x23272618, 0x0c0c0c17, 0x22271918, 0x18171718, 0x27272618, 0x27261818, 0x22272726,
0x16161623, 0x15161616, 0x1f242424, 0x16161616, 0x16192434, 0x15161616, 0x19192328, 0x15232823,
0x19232727, 0x15162323, 0x23273227, 0x23232323, 0x32273227, 0x32232227, 0x27272722, 0x19232223,
0x1216120b, 0x12161f12, 0x0b151512, 0x13121615, 0x1615150b, 0x12151215, 0x15120b0b, 0x12161215,
0x12150b15, 0x1216150b, 0x12161516, 0x0b0b0b0b, 0x0b0b0b16, 0x0b130b0b, 0x0b0b120b, 0x0b0b0b0b,
0x0a0b0b0b, 0x0a120a0a, 0x0b0b1213, 0x0a13130a, 0x0a0b1212, 0x0b0a0a09, 0x0a0b1212, 0x130a090a,
0x0a121313, 0x160a0a0a, 0x13131212, 0x0b0a0a0b, 0x0b120b12, 0x0b130a0a, 0x0b120b0b, 0x13130b0b,
0x090b0b0a, 0x0b0b0b09, 0x0b13120a, 0x0b090909, 0x1212090a, 0x0b040409, 0x0909090a, 0x0b040409,
0x09090b13, 0x0b040409, 0x0b13130a, 0x0b09090b, 0x0b12120b, 0x0904090b, 0x0b0b1213, 0x0909090b,
0x0b160b0b, 0x04040404, 0x0b150b0b, 0x09090909, 0x0b160b0b, 0x09090909, 0x0b150b0b, 0x0b040409,
0x0b150b0b, 0x0b0b0909, 0x0b0b1515, 0x120b0b12, 0x09090b0b, 0x0b0b0b0b, 0x0b090909, 0x09090913,
0x09090904, 0x120b0b0a, 0x090b0b09, 0x0a0b0a09, 0x0a131309, 0x0b121313, 0x0a09090a, 0x090b1313,
0x0b090909, 0x0a0a130b, 0x0b09090b, 0x0a0a0a09, 0x130b090b, 0x0a090909, 0x0a090909, 0x09090a0b,
0x0a201613, 0x0a130b09, 0x1313160b, 0x0b161616, 0x0b0b0b0a, 0x0b0b0b0a, 0x0a0b0b09, 0x0a0a0909,
0x1613130b, 0x0a0b1613, 0x0b0b0a09, 0x10131616, 0x0b0b0a0a, 0x0a12130b, 0x130a0909, 0x130a1313,
0x0a080a0a, 0x08080808, 0x08040a0a, 0x08080404, 0x080a0a0a, 0x08080808, 0x080a0a08, 0x08080808,
0x08080a0a, 0x08080804, 0x0a0a0a0a, 0x08080808, 0x0a101013, 0x0408080a, 0x0a0a0a13, 0x0810100a,
0x04080808, 0x1e43430e, 0x08080808, 0x2e431e08, 0x04080808, 0x2f0e0804, 0x08080808, 0x0e080808,
0x08080308, 0x08080808, 0x08080304, 0x0e080808, 0x08080808, 0x1c0e0e08, 0x211e0e08, 0x0e0e1e1e,
0x4445451e, 0x2a3e4444, 0x4343421e, 0x2b2d4447, 0x68432d2e, 0x3e2d4468, 0x45434343, 0x3e3e4444,
0x422d2d0e, 0x3f444747, 0x1c1c1c1c, 0x45454442, 0x1c1e2d1e, 0x68453e1e, 0x1c2d2f2d, 0x4545422d,
0x2b3c3c0e, 0x3c3c3e3c, 0x3c2b2b2a, 0x3c3c3c5d, 0x3e2a3c3c, 0x625d3c5d, 0x5d3c3f3f, 0x445d3f62,
0x3e3f4444, 0x5d3f4462, 0x67624444, 0x62626268, 0x70676870, 0x68626770, 0x67707070, 0x62687272,
0x5d3f3f3e, 0x3c3b3c3c, 0x5d3e3f5d, 0x5d3f3f3f, 0x5d3c2a3e, 0x5d5d5d5d, 0x3f3f3e5d, 0x3f3d3f5d,
0x3c3c6565, 0x3d3c3f5d, 0x3c3c6562, 0x625d5d5d, 0x5d3f4462, 0x5d3f3f5d, 0x68626268, 0x3c3c3c62,
0x3f3d3d3f, 0x3f5d5d3d, 0x5d5d5d5d, 0x3f5d5d3d, 0x3f5d5d5d, 0x3d3d3c3d, 0x3d3d3c3d, 0x3c3c3c3c,
0x3d3d3f5d, 0x3c3c3c3d, 0x3f3f5d62, 0x3c3b3c3d, 0x3d3d3d3f, 0x3d3c3c3b, 0x3d3d3c3c, 0x3d3d3d3b,
0x3d3c3c3d, 0x3d5d625d, 0x3c3d3d3d, 0x3b3c3f3d, 0x3c3d3f3f, 0x3d3d3d3c, 0x3b3c3d3d, 0x3c3c3c3b,
0x3c3c3b3c, 0x2a3b3b3c, 0x3b3c3b3c, 0x2a2a2a3b, 0x2a3c3c3c, 0x2a2a3b2a, 0x3c3d3d3d, 0x2a3b3b3c,
0x65656a3f, 0x62626265, 0x625d623f, 0x62626565, 0x3f3f3f3d, 0x65625d5d, 0x3f3c3b3c, 0x3f3f3f5d,
0x3b3b3b2a, 0x3d3d3d3d, 0x2a3b3b2a, 0x3c3c3c3b, 0x2a3b3b2a, 0x3b3b3b3b, 0x3b3b2a2a, 0x3b3b3b3b,
0x62626162, 0x62646462, 0x5c626262, 0x6a6a625c, 0x62646462, 0x62646462, 0x62646462, 0x61626262,
0x6262623f, 0x62616262, 0x5c3f3d3c, 0x69646462, 0x3f3d3b3b, 0x696a6462, 0x3d3d3d3b, 0x62623f3f,
0x5c3f5c5c, 0x623f6262, 0x625c5c62, 0x62626269, 0x6a646262, 0x623f6269, 0x67626262, 0x3f3f6162,
0x62616262, 0x3f3f3f62, 0x6262696a, 0x3d3c3f62, 0x6262696a, 0x3f3c3d62, 0x6762696a, 0x3f3c3d62,
0x67456767, 0x45456f6f, 0x67676767, 0x4a456f6f, 0x67676762, 0x70706f6f, 0x4567443f, 0x82737067,
0x4442443f, 0x8273706f, 0x4444443f, 0x7073736f, 0x67676761, 0x6f737045, 0x706f6767, 0x6f73706f,
0x6f6f4a45, 0x7080704a, 0x4a70706f, 0x4f6f7045, 0x456f7073, 0x80807070, 0x706f7082, 0x80808080,
0x806f7073, 0x80808087, 0xa382826f, 0x80808087, 0x8782826f, 0x7d80a387, 0x8782826f, 0x87a3a3a3,
0x80808080, 0x80808080, 0x804f8080, 0x7d808080, 0x80808080, 0x497d807d, 0x7d80a380, 0x7d7d4f6f,
0x80808080, 0x807d8080, 0x6f80a380, 0x80808080, 0x80808080, 0x6f7d8080, 0x8080a3a3, 0x6f6f8080,
0x91918480, 0x84849191, 0x8484807d, 0x84878791, 0x847f7f7d, 0x7d828491, 0x84808080, 0x82828284,
0x84807d80, 0x82828182, 0x7d7d6f6f, 0x8182827d, 0x6f6f6f6f, 0x81818181, 0x826f6f6f, 0x81818282,
0x7d7d7d7d, 0xc2c1837d, 0x6f6f6f7d, 0xc6c1837d, 0x6f6f6f81, 0xc6c1847d, 0x6f6f6f7d, 0xc6c1847c,
0x6f6f6f6f, 0xc1c1837d, 0x736f8181, 0xbeb08b81, 0x81818282, 0xb0b0b083, 0x81828281, 0xb0b0b0ae,
0xb0c1c6c6, 0xc1bebebe, 0xbec1c6c6, 0xc1beb0b0, 0xc1c6c6c6, 0xbebec1c1, 0xc6c1c6c6, 0xbebec1c6,
0xc1c1c1c1, 0xc1c1c4c4, 0xc1bebec1, 0xc6c6c6c6, 0xc1beb0b0, 0xc2c6c6c6, 0xc6beb08a, 0xc2c1c1c6,
0xc1bec1c1, 0x8a8bbec1, 0xc2c1bebe, 0x8cbec1c2, 0xc6c1bebe, 0xbec1c6c6, 0xc0c2bebe, 0xc6c6c6c2,
0xc2c2bec1, 0xc6c6c6c2, 0xc6c2bebe, 0xc6c6c6c6, 0xc6c6c2be, 0xc6c6c2c2, 0xc0c6c6c2, 0xc6c0c0c0,
0xaaaaaaad, 0x9d9daaaa, 0xaaaaaaac, 0xaaaaaaaa, 0xa7aaaaac, 0xaaaaa79d, 0x9c9da7aa, 0x9d9d9d99,
0x6d9d9da9, 0x9d9d996d, 0x9d9da9ac, 0x9d6e6e9d, 0x9d9daaad, 0x9d6e6d9d, 0x9da7aaaa, 0x6d6d9d9d,
0x63636d9d, 0x4141636d, 0x6e6e6e9d, 0x6b6d6e6e, 0x789d9daa, 0x789d9d9d, 0x9d9d9d9d, 0x6e789daa,
0x9d6e6d6d, 0x9da1a1a1, 0x9d6e6e9d, 0x9da19d9d, 0x6d6e6d6e, 0x9d789d9d, 0x6d6e6d6d, 0x78789d6e,
0x636b6b63, 0x63414147, 0x6b78786b, 0x63636d78, 0x6b78786e, 0x78786b6d, 0x6b6e7878, 0x786b6378,
0x6d6b7878, 0x6d636378, 0x6b6d789d, 0x63636b78, 0x6b789d78, 0x63636b6b, 0x7878a19d, 0x63636b78,
0x6d6e786e, 0x6b6b78a1, 0x6b787878, 0x6b6b6b6b, 0x6b6b7878, 0x476b6b6b, 0x6b636d9d, 0x6b6d6d6b,
0x6b6b6363, 0x6b6b6b6d, 0x63414141, 0x786b776b, 0x41416347, 0x786b6b63, 0x47476363, 0x6b6b4141,
0x6b6d6d6b, 0x6b6d786d, 0x78786b6b, 0x77787778, 0x78787863, 0x78636b78, 0x6b636d63, 0x7778a078,
0x6b6b6b6b, 0x78787877, 0x78786b6b, 0x786b78a0, 0x78786b6e, 0x6347a1a1, 0x776b6b63, 0x63477878,
0x48487878, 0x6b412c6b, 0x6b637878, 0x412c406b, 0x6b6b789d, 0x2c40486b, 0x6b787877, 0x2c41636d,
0x47787877, 0x402c6363, 0x416b6b77, 0x40416340, 0x48486b6d, 0x416b4847, 0x476b6b6b, 0x6b6b636b,
0x2c2c2c41, 0x412c2c2c, 0x40404763, 0x402c2c41, 0x41416363, 0x412c2c41, 0x63416363, 0x41414147,
0x41634141, 0x41414141, 0x41414141, 0x41414141, 0x6341636b, 0x41414141, 0x6363636d, 0x63414163,
0x40404141, 0x412c2a2c, 0x412c4040, 0x2c2c2c41, 0x41414141, 0x2c2c2c2c, 0x2c2c6363, 0x5a5a2c41,
0x41634141, 0x41415a41, 0x63414741, 0x41415e63, 0x412c4141, 0x63636363, 0x5a2c2c63, 0x63634141,
0x5e5a5a5a, 0x5e666666, 0x5e5a5a2c, 0x98666666, 0x5e5e5a2c, 0x996c6666, 0x5e5a5a2c, 0x98666666,
0x5e5e5a2c, 0x99996666, 0x635a5a41, 0x99666666, 0x5e5a5e41, 0x9966665e, 0x415e415a, 0x6666605e,
0x98666666, 0x98659898, 0x98666666, 0x99989598, 0x98989899, 0x99999898, 0x98989998, 0x99989899,
0x98999899, 0x95669898, 0x98989999, 0x98989898, 0x99999999, 0x98989898, 0x9899a698, 0x99999898,
0xa8a9a8a8, 0x95a6a9a6, 0xa8a8a6a6, 0x98a9a9a9, 0xa89c9895, 0xa6a9ada9, 0x95656098, 0xa9ada9a6,
0x606066a6, 0xa9a69895, 0x60669898, 0x95666066, 0x95959999, 0x60666695, 0x95989998, 0x95669595,
0x60606095, 0x60956060, 0x60606666, 0x95956060, 0x60606066, 0x95956060, 0x60959599, 0x95959560,
0x6095a6a6, 0x95959560, 0x9595a6a6, 0x95959595, 0x66959895, 0x95959595, 0x95989595, 0x95959595,
0x94959595, 0xa6a6a665, 0x95949595, 0xa6a69595, 0x95949595, 0xa6959895, 0x94959595, 0x98959895,
0x60959595, 0x98989594, 0x95606060, 0x95959895, 0x95959595, 0x95959598, 0x95959595, 0x989595a6,
0x9598a6a6, 0x95959594, 0xa6a6a6a6, 0x94959898, 0xa6a6a6a6, 0xa69495a6, 0xa6a6a6a6, 0x98a6a6a6,
0xa6a6a6a6, 0xa69898a6, 0xa6a6a698, 0x989898a6, 0xa6a69895, 0x9898a6a6, 0xa6959595, 0x98a6a6a6,
0x95956095, 0x95949598, 0x95949595, 0x95959895, 0x959898a6, 0x98989595, 0xa6989598, 0xa6989595,
0xa6989598, 0x98a69598, 0xa6a698a6, 0x98a698a6, 0xa6a698a6, 0x989598a6, 0xa6a6a6a6, 0x9898a6a6,
0x95959895, 0xa6989898, 0x98a6a698, 0xa698a698, 0x98989598, 0x9898a6a6, 0xa69898a6, 0x98a6a6a6,
0xa6a6a6a6, 0x9598a6a6, 0xa6a6a6a6, 0x6598a698, 0x98a6a6a6, 0x6598a698, 0x9898a698, 0x6598a698,
0xa69898a6, 0xa6a6a6a6, 0xa69898a6, 0xa6a6a6a6, 0xa6989898, 0x98a6a6a6, 0x98a69865, 0x659ba698,
0x9498a695, 0x98989b97, 0x95989898, 0x98989898, 0x65659898, 0x98659895, 0x6c989895, 0x6c989898,
0x98989898, 0x9b989b98, 0x6598989b, 0x986a9865, 0x6a989b98, 0x9898986a, 0xa6989b98, 0x9b9b9b98,
0xa698989b, 0x9b9b989b, 0x98986c9b, 0x9b9b9b9b, 0x9ba69898, 0x9b9b9b98, 0x98659898, 0x9b9c9b9b,
0x6a989b9b, 0x9b746a65, 0x6c98a89b, 0x9b6a6565, 0x9b9b9b98, 0x6a6a6c6c, 0x9b9c9b98, 0x74749b9b,
0x9b9b9b9b, 0x9b9b9b9b, 0xa06c9b9b, 0x749fa0a8, 0xa09b9b9c, 0x749ba0a0, 0x9b9b9b9b, 0x68749b74,
0x746a6a6a, 0x202e4468, 0x686a6c9b, 0x2e424568, 0x44687474, 0x2e2e4544, 0x676a6a6a, 0x121f2e42,
0x4244686a, 0x11121f1e, 0x103e4468, 0x14111110, 0x101e446a, 0x140b0b09, 0x12101e44, 0x0b0b0b11,
0x0b0b111f, 0x140b0b0b, 0x0c0b1549, 0x14142214, 0x22191412, 0x22221822, 0x22181411, 0x14181818,
0x14140b0b, 0x18140c14, 0x140c0b0b, 0x14141414, 0x220c0b0b, 0x0c140c22, 0x0c0b0b0c, 0x1426140c,
0x140c0c0c, 0x140c1414, 0x140c0c0c, 0x15142226, 0x0c0c0c14, 0x1919140c, 0x180c1422, 0x15142626,
0x0c0c0c14, 0x14141914, 0x0c0c1414, 0x14142226, 0x220c0c14, 0x22141418, 0x22181418, 0x27271414,
0x23151515, 0x0c141515, 0x32231515, 0x14141415, 0x15231f14, 0x14141415, 0x19231522, 0x14141422,
0x15231514, 0x14141814, 0x15231519, 0x14141414, 0x31321523, 0x14141422, 0x22231515, 0x18371919,
0x14141414, 0x18191414, 0x0c141414, 0x1914140c, 0x19141414, 0x14181419, 0x15141414, 0x27191419,
0x14141914, 0x14191414, 0x19191914, 0x14141414, 0x26191418, 0x19141419, 0x26271919, 0x19151419,
0x18181819, 0x1a171a1a, 0x26261818, 0x1a1a1a25, 0x1a181414, 0x1a0c1726, 0x18181819, 0x29172636,
0x18181814, 0x1a17180c, 0x1a181926, 0x1a170c0c, 0x18181927, 0x0c17180c, 0x18181919, 0x18251a18,
0x29291a1a, 0x170c0c1a, 0x251a1a17, 0x251a1a1a, 0x0c1a250c, 0x291a1a0c, 0x171a1a1a, 0x291a1a1a,
0x0c291a18, 0x1a291a0c, 0x0c171818, 0x1717170c, 0x1826180c, 0x291a0c0c, 0x17170c17, 0x3a361a17,
0x0c1a2929, 0x291a1a29, 0x1a0c1a1a, 0x1a292929, 0x1a1a171a, 0x29293a1a, 0x1a1a2929, 0x1a29291a,
0x1a0c1a1a, 0x0c1a291a, 0x1a1a1a1a, 0x1a1a1a36, 0x0c1a1a25, 0x2929291a, 0x17171a25, 0x291a1a0c,
0x1a0c0c1a, 0x1a1a1729, 0x1a1a291a, 0x36362929, 0x1a293a29, 0x1a1a3a29, 0x1a1a1a1a, 0x1a293a29,
0x3a291a1a, 0x50291a1a, 0x3a1a1a29, 0x29291a29, 0x3a1a1a1a, 0x3a36363a, 0x291a3a29, 0x36293629,
0x261a1a1a, 0x4b322319, 0x2626261a, 0x4b232226, 0x2536361a, 0x38221926, 0x1a1a1a1a, 0x2719261a,
0x36251a29, 0x3719263a, 0x1a3a2929, 0x27182636, 0x1a293a3a, 0x2719261a, 0x29292936, 0x32272729,
0x37514b4b, 0x1a293637, 0x3731384b, 0x1a291a1a, 0x27263138, 0x1a295029, 0x26274b4b, 0x1a362929,
0x26273738, 0x1a3a3a29, 0x26262737, 0x291a2926, 0x3626314b, 0x29293a36, 0x50374b4b, 0x3a29293a,
0x2929291a, 0x26263736, 0x291a1a1a, 0x1a1a2536, 0x2929291a, 0x1a372929, 0x3a29291a, 0x263a3a36,
0x291a1a1a, 0x293a5029, 0x1a295029, 0x361a2526, 0x3a3a3a29, 0x51292936, 0x503a3a50, 0x29292929,
0x27271926, 0x38272727, 0x1926191a, 0x53371919, 0x29263726, 0x53272929, 0x37512629, 0x37295454,
0x2929293a, 0x3737513a, 0x1a1a2954, 0x37293729, 0x1a1a1a29, 0x27262626, 0x29373a26, 0x2619191a,
0x38385151, 0x37383737, 0x37383838, 0x38535427, 0x27373854, 0x37385437, 0x27273751, 0x37375137,
0x38372729, 0x38373737, 0x37372737, 0x37545637, 0x5153373a, 0x38383837, 0x3a563727, 0x53383729,
0x26263154, 0x26273726, 0x37272637, 0x27272727, 0x37273738, 0x37272737, 0x38372737, 0x27272726,
0x37372727, 0x26272637, 0x51372727, 0x37262738, 0x51375138, 0x37373738, 0x38373838, 0x37383737,
0x37292627, 0x3a3a3a38, 0x37372627, 0x38373737, 0x38372938, 0x37373a3a, 0x51372927, 0x37373851,
0x37372737, 0x27262737, 0x26272737, 0x26262626, 0x26273138, 0x27272626, 0x37372631, 0x27372626,
0x3737373a, 0x3a292929, 0x37373737, 0x36292937, 0x27272727, 0x37292627, 0x26262626, 0x29292926,
0x26262626, 0x29292626, 0x26262626, 0x37292926, 0x26262626, 0x37292626, 0x26262626, 0x3a292626,
0x54543a3a, 0x55898955, 0x5450543a, 0x50545555, 0x543a3a3a, 0x3a545455, 0x54543a3a, 0x3a3a3a54,
0x5454543a, 0x29363a51, 0x54545451, 0x3a3a373a, 0x54545451, 0x3a3a363a, 0x51545454, 0x3a3a3a3a,
0x3a3a3a54, 0x3a373637, 0x3a3a5150, 0x37373737, 0x513a3a3a, 0x37513a3a, 0x3a3a3a3a, 0x2937373a,
0x3a3a3a3a, 0x29373a3a, 0x3a3a3a3a, 0x36373a51, 0x3a515151, 0x3a51513a, 0x3a363a3a, 0x51545451,
0x26372937, 0x1a1a2626, 0x29372937, 0x37262626, 0x37372937, 0x26292937, 0x29292937, 0x29372626,
0x26262929, 0x29293629, 0x29262629, 0x36292929, 0x29292637, 0x3a292929, 0x2937373a, 0x503a293a,
0x3737261a, 0x26262727, 0x26252637, 0x27262626, 0x261a1a26, 0x27262625, 0x26262926, 0x37292926,
0x37373736, 0x3a37373a, 0x54503a3a, 0x3a505054, 0x503a3a50, 0x3a515454, 0x50505054, 0x3a3a3a3a,
0x26272727, 0x19222226, 0x26272727, 0x15222726, 0x38382737, 0x15235353, 0x4b535151, 0x1522384b,
0x2737513a, 0x15142226, 0x27373a3a, 0x15182226, 0x383a513a, 0x23222727, 0x51545454, 0x22272737,
0x0b0b0b0b, 0x0b0b0b0b, 0x0b0b0b0b, 0x0b0b0b0b, 0x0b0b0b15, 0x15150b0b, 0x0b0b0b15, 0x1515140b,
0x0b0b1515, 0x1514140b, 0x0b151619, 0x15150b0b, 0x15151623, 0x15140b0b, 0x0b0b1523, 0x15150b0b,
0x0b0b0b0b, 0x13131215, 0x14151515, 0x12121623, 0x15151515, 0x1f162322, 0x23231915, 0x15152219,
0x23232219, 0x15151919, 0x14141415, 0x16232214, 0x14141414, 0x23231914, 0x23181414, 0x23191919,
0x0b0b1212, 0x090b0b0b, 0x0b120b0b, 0x09090909, 0x0b151515, 0x0a090b0b, 0x23232315, 0x09090b15,
0x27232315, 0x090b1223, 0x22191515, 0x0b0b1f27, 0x19181519, 0x090b2327, 0x18182223, 0x0a122726,
0x090b0909, 0x0b0b0b0b, 0x0a090a09, 0x160b0b0b, 0x09090909, 0x1f120b0a, 0x09090904, 0x0b12120a,
0x09090909, 0x0b131309, 0x09090909, 0x0a13130a, 0x0a0a0909, 0x0a0a0a0a, 0x090a0909, 0x120a0909,
0x130b090b, 0x04092020, 0x0a0a1324, 0x0a0a130b, 0x09090b1f, 0x0a130a09, 0x1309090b, 0x0a09090a,
0x0a090909, 0x0a130a09, 0x090a0a04, 0x0a0a0904, 0x090a0a09, 0x0a090404, 0x09130a09, 0x09090909,
0x0a0a0909, 0x0a0a130a, 0x130a0a0a, 0x0909090a, 0x13090909, 0x09040409, 0x130a0a0a, 0x0a0a0a0a,
0x100a0a0a, 0x0a13100a, 0x0a0a0a0a, 0x0a0a130a, 0x0a0a090a, 0x0a0a0a09, 0x09090904, 0x0a0a100a,
0x0a080a0a, 0x08201010, 0x100a0a10, 0x100e0a08, 0x0a100a0a, 0x08100e13, 0x10101013, 0x08081020,
0x1320130a, 0x0a080810, 0x0a0a0a0a, 0x0e080808, 0x100a080a, 0x0e100a10, 0x100a0a0a, 0x08081013,
0x08100e08, 0x1c0e080e, 0x0808100a, 0x0e0e0808, 0x080e2008, 0x06080808, 0x0e0e0e08, 0x0e080810,
0x101e0808, 0x081e0808, 0x08081010, 0x080e0808, 0x08080e0e, 0x080e0808, 0x08080808, 0x080e0e0e,
0x2e1e1e1e, 0x45454543, 0x422d1c0e, 0x45457043, 0x432e1e0e, 0x70704545, 0x422e1c0e, 0x45422e2e,
0x1c1e0e06, 0x452e1e0e, 0x0e0e0e06, 0x452e1e1e, 0x0e0e0806, 0x70352010, 0x0a0e0808, 0x45352e10,
0x67677070, 0x3f676867, 0x67676845, 0x67446770, 0x67454745, 0x72707272, 0x42447070, 0x70707267,
0x3e3e4570, 0x67676767, 0x44444547, 0x67444467, 0x45684542, 0x45457070, 0x4445420e, 0x67677270,
0x65656862, 0x3b3c3f5d, 0x3e3f4467, 0x3c3c5d5d, 0x442b3f72, 0x3c3c3f62, 0x68656872, 0x3f3d4468,
0x3f626870, 0x62626862, 0x3c3e6872, 0x6262623f, 0x44446870, 0x623f3f62, 0x62687072, 0x62626268,
0x3d3c3c3c, 0x3c3d3f3d, 0x3d3c3c3d, 0x3b3c3d3f, 0x3f3b2a3c, 0x3b3c3c3f, 0x3f3c3c3d, 0x3c3d3d3d,
0x5d3f5d62, 0x3d3f3f3f, 0x3f3f6262, 0x3c3d3f3f, 0x62626262, 0x3c3d3d5d, 0x68686262, 0x3c3d3d62,
0x3b3b3c3c, 0x3c3c3b3c, 0x3b2a2a2a, 0x3d3d3b3b, 0x3b3b3b2a, 0x3b3c3b3b, 0x3c3c3c2a, 0x3b3b3b3b,
0x3b3b3c3c, 0x3b3b3b2a, 0x3d3c3c3c, 0x3b3b3d3d, 0x3c3b3b3b, 0x3c3d3d3d, 0x3b3b3b3b, 0x3d3c3c3b,
0x3d3b2a2a, 0x3b3c3c3c, 0x3d3b2a3b, 0x3b3c3d3d, 0x3d3d3b2a, 0x3d3c3d3d, 0x3d3d3b3b, 0x3f3f3f3d,
0x3d3d3d3c, 0x615c5c3f, 0x3f3d3c3b, 0x62615c3f, 0x5d3d3b3b, 0x62626262, 0x625d5c3d, 0x62696a62,
0x3c3d3d3b, 0x5c5c3f3d, 0x3d3d3f3d, 0x5c3f3d3d, 0x3d3f5c62, 0x62623d3d, 0x5c616262, 0x5d625c5c,
0x61696969, 0x5c626262, 0x696a6969, 0x3d3f5c62, 0x6a6a696a, 0x3f3f3f64, 0x6a6a6a6a, 0x625c626a,
0x61626262, 0x613f3f3f, 0x61626262, 0x623f3f5c, 0x61625c5c, 0x44626161, 0x62623f3c, 0x62626161,
0x6a623f3c, 0x62676969, 0x6a62613f, 0x626a6a6a, 0x69626262, 0x686a6a6a, 0x62616162, 0x676a6a67,
0x6f676767, 0x73737070, 0x67676761, 0x73454545, 0x67676767, 0x706f4545, 0x70454567, 0x6f6f6f45,
0x6f676767, 0x45456f67, 0x6f706767, 0x6f6f6f6f, 0x67707072, 0x45454545, 0x67446772, 0x45454444,
0x807d8070, 0x80a387a3, 0x8280706f, 0x80a38787, 0x82828270, 0x80808082, 0x82a3a3a3, 0x826f6f80,
0x73827070, 0x73828282, 0x82736f6f, 0x6f7373a3, 0x736f6f6f, 0x70706f82, 0x6f6f6f45, 0x70707373,
0x80808080, 0x6f6f6fa3, 0x806f7080, 0x6f706f80, 0x6f6f7082, 0x6f6f6f6f, 0x6f707080, 0x4a4a6f70,
0x6f707070, 0x45454a6f, 0x6f6f6f6f, 0x42454545, 0x6745456f, 0x6742456f, 0x676f6f70, 0x6f6f6f6f,
0x826f6f45, 0x73818282, 0x6f6f6f6f, 0x81818282, 0x6f6f6f6f, 0x82828282, 0x82736f45, 0x81828282,
0x82816f6f, 0x828282a2, 0x82826f6f, 0x82828282, 0x8282736f, 0x73737382, 0x8273736f, 0x6f737382,
0x84ae8281, 0xb0aeb0b0, 0x8382a2a2, 0x8aaeae84, 0x83818282, 0xb08383ae, 0x81818282, 0xb08383ae,
0x82818182, 0xb0838381, 0x6f6f6f73, 0xbe8b8381, 0x8181736f, 0xb08b8481, 0x8181736f, 0x8b8a8381,
0xbebeb0b0, 0xc1bebec1, 0xbebebeb0, 0xbebebebe, 0xc1c1c1be, 0xbebebebe, 0xbebec1be, 0xbe8a8abe,
0xbec1bebe, 0xbe8bb0be, 0xc1c1c1be, 0xbebebebe, 0xc1c1c1be, 0xc2c1bebe, 0xbec1bebe, 0xc2c2bebe,
0xc2c2c6c2, 0xc2c0c2c2, 0xc2c6c2c1, 0xc0c0c2c6, 0xc6c0c2be, 0xc0c0c2c6, 0xc2c0bec2, 0xc0c0c0c6,
0xc2c0bebe, 0xc0c2c2c2, 0xc0c0bebe, 0xc6c6c6c0, 0xc0c0c2c2, 0xc6c0c0c0, 0xc2c2c2c6, 0xc0c0c0c2,
0xaaaaaaac, 0x6d6d9daa, 0xa7aaaaac, 0x9daaaa9d, 0xaaaaaaac, 0x9daaaaaa, 0x9da7aaac, 0x9d9daaaa,
0x9d9d9dac, 0x9d9d9d9d, 0x9da7a7aa, 0xaaaa9d9d, 0x9d9daaac, 0xaaaa9d9d, 0x9d9d9db8, 0x9d9daaa7,
0x6d9d6e66, 0x6e787866, 0x6d666d63, 0x6d6e6e66, 0x6e9d6d9d, 0x636d6d66, 0xa1a1aa9d, 0x6b63786e,
0x9d9daaaa, 0x636378a1, 0x9d6daaaa, 0x6d6d9daa, 0x9daaaa9d, 0xa1a1a1a1, 0xa1aa9d9d, 0xa1a1a1aa,
0xa19d786e, 0x636d78a1, 0x78786b6d, 0x789d9d78, 0x6e6d6d6d, 0x78786d6d, 0x78786b63, 0x6e789d63,
0x63636b63, 0x6d6e7863, 0x636d786e, 0x636b6d6b, 0x6e9d9d9d, 0x636d6b6d, 0x6d9d789d, 0x6d6d6d6d,
0x47636341, 0x6b636363, 0x4147636b, 0x416b6b63, 0x6363636d, 0x6b6b6347, 0x6d636b6d, 0x6b636363,
0x6b6b7878, 0x63636363, 0x7878786d, 0x636b6e78, 0x7878786b, 0x63637878, 0x6b636363, 0x6b6d786d,
0x6b6d6b63, 0x78787a6b, 0x63636b47, 0x7878786b, 0x41634147, 0x6b6b6341, 0x6b6b636b, 0x4147416b,
0x6b6b6b63, 0x40476b6b, 0x6b6b6363, 0x6b786b6b, 0x6b6d6b47, 0x6b786b6b, 0x476b6b6d, 0x6b6b4747,
0x406b6b6b, 0x6b6b6347, 0x6b6b6d78, 0x63634147, 0x6b6b6b6b, 0x476b4148, 0x4778786b, 0x63474841,
0x636b6b63, 0x41636348, 0x6b476b63, 0x47636b6b, 0x4148786b, 0x6b6e6b48, 0x6b6e786b, 0x6b786e78,
0x6b636378, 0x63636363, 0x78786b6b, 0x78787878, 0x78786d6b, 0x6d6e9d78, 0x6b6b786d, 0x6d636d6b,
0x63634163, 0x41414141, 0x6d6d4141, 0x2c2c4163, 0x6b636363, 0x41636e6d, 0x6363416d, 0x63636b63,
0x412c4163, 0x41635e5a, 0x2c5a636d, 0x41635e41, 0x5e63416d, 0x5e634141, 0x6d66636d, 0x63636363,
0x6d636366, 0x6d6d6d6d, 0x6d636341, 0x6d6d6d6d, 0x63636363, 0x6d6d6d63, 0x63634163, 0x63666341,
0x415e5a5a, 0x666d665e, 0x415e5e5a, 0x9966605e, 0x5e63415a, 0x6c6d9966, 0x666d5e5e, 0x60666d66,
0x5e636d6d, 0x5e5e5e5e, 0x635e6d99, 0x6699665a, 0x666d996d, 0x66665e66, 0x6d996d6d, 0x66666666,
0x99669866, 0xa6999898, 0x99989866, 0x99989898, 0x99989966, 0x98989999, 0x99986666, 0x99a69998,
0x9898605e, 0x99a69c99, 0x98666666, 0xa699a698, 0x99666666, 0xa6a69898, 0x6660666d, 0xa6999898,
0x98989899, 0x95959598, 0x95989999, 0x95959895, 0x95989898, 0x95989895, 0xa69999a6, 0x98999595,
0xa6a6a699, 0x99959595, 0xa699a6a6, 0x989895a6, 0xa69998a6, 0x999998a6, 0x999899a6, 0x98a69899,
0x98959595, 0x95959595, 0x98959595, 0x95959595, 0x95609595, 0x95989595, 0x95609595, 0x95959595,
0x66959595, 0x98959595, 0x66959598, 0x95959595, 0x959595a6, 0x95959595, 0x95959595, 0x95669595,
0x95959595, 0x95959595, 0x95959595, 0x98959895, 0x95956095, 0x98959595, 0x95606095, 0x98989595,
0x95959595, 0x95959595, 0x98959598, 0x95959595, 0x95959595, 0x95959595, 0x95959595, 0x95959595,
0x98959895, 0xa6a6a6a6, 0x98989898, 0xa6a6a6a6, 0x9598a6a6, 0xa6a6a698, 0x98a6a6a6, 0xa6a6a6a6,
0xa698a698, 0xa6a698a6, 0xa6989898, 0xa69898a6, 0x9898a698, 0x98a6a698, 0x98989595, 0xa6a6a6a6,
0xa6a69898, 0x9898a6a6, 0xa6a6a6a6, 0x98a6a6a6, 0xa6a6a6a6, 0x98a6a6a6, 0xa6a6a6a6, 0xa6a6a6a6,
0xa6a6a6a6, 0x98a6a6a6, 0x98a6a6a6, 0xa698a698, 0x98989598, 0xa698a698, 0x98989898, 0xa6a6a698,
0x98a6a698, 0x9595a698, 0xa6a69898, 0x959898a6, 0xa6989898, 0x98a698a6, 0x98a69898, 0x98989898,
0xa6a69598, 0xa6989898, 0xa69898a6, 0xa6a6a8a6, 0xa69898a6, 0x9ba8a8a6, 0x9898a6a6, 0xa6a8a698,
0x9b989898, 0x6c989898, 0xa6989898, 0x9898989b, 0x98989898, 0x989ba698, 0x9b989898, 0x9b9ba69b,
0x98669898, 0x9b9b9b98, 0x986c98a6, 0xa6a69b98, 0x98989b98, 0x9ba6a698, 0x98989b9b, 0x989b9b9b,
0x98656a6c, 0x9b9b9b9b, 0x6c6a6565, 0x9b9b9b98, 0x98986565, 0x9c9b9898, 0x98989898, 0x9b6c6c65,
0x6c98989b, 0x6c6a6a6c, 0x6c9b989b, 0x746c6c6c, 0x6c989b9b, 0x6c6c6c6c, 0x6c9b9b9b, 0x746c6a6c,
0x746a6a9b, 0x6874746c, 0x746a6c9b, 0x68747474, 0x6a6c9b9b, 0x45747474, 0x68749b9b, 0x4468686a,
0x749b9b9b, 0x68686568, 0x74746c6c, 0x45446b9b, 0x74747474, 0x3e446874, 0x6c747474, 0x45707474,
0x1f10101e, 0x0b0b0b15, 0x0b091010, 0x0b0b140b, 0x0b12102e, 0x0b0b0b0b, 0x0b1f1f42, 0x0b0b150b,
0x0b121042, 0x15220b12, 0x0b1f2e42, 0x0b0b0b0b, 0x122e4243, 0x0b0b0b12, 0x1f2e4242, 0x0b1f1512,
0x140c0b0c, 0x0c140c14, 0x0c14140b, 0x190c0c18, 0x0c181414, 0x22180c0c, 0x0b0b0c14, 0x22180c0b,
0x140c0c0c, 0x1826180c, 0x0b0b0b0b, 0x140c1414, 0x0c0c0b0b, 0x140c1418, 0x14180b0b, 0x0c0c0c0c,
0x22191818, 0x19141918, 0x14141426, 0x19141414, 0x14181818, 0x14141914, 0x19181826, 0x15192719,
0x14141414, 0x22191914, 0x0b0c0c18, 0x1914140b, 0x14261814, 0x2726140c, 0x22372614, 0x14141418,
0x14222719, 0x26311914, 0x22191915, 0x19222214, 0x22141415, 0x19262719, 0x15141415, 0x38192215,
0x19191419, 0x14191414, 0x27222727, 0x18141922, 0x27221519, 0x19273127, 0x22141414, 0x19191919,
0x27191927, 0x19191919, 0x19181418, 0x19191914, 0x19191919, 0x27261927, 0x19191819, 0x26272738,
0x22371914, 0x19373819, 0x19373819, 0x18191414, 0x22273719, 0x18192627, 0x27271919, 0x26192627,
0x0c181818, 0x1a180c0c, 0x18181418, 0x1a1a180c, 0x18181819, 0x1a1a261a, 0x18182626, 0x1a1a1818,
0x1a182618, 0x1a181a1a, 0x51371918, 0x1a1a2629, 0x18182937, 0x181a2626, 0x18182951, 0x37261818,
0x180c181a, 0x2529251a, 0x1a18181a, 0x1a171717, 0x0c181818, 0x291a1a17, 0x0c181718, 0x261a170c,
0x170c0c1a, 0x181a1a17, 0x261a1a26, 0x1a180c18, 0x26262618, 0x180c0c26, 0x291a1826, 0x1a1a1a37,
0x1a171717, 0x1a1a2917, 0x291a1a1a, 0x251a1a29, 0x291a1a29, 0x171a2525, 0x1a181a1a, 0x1717291a,
0x1a262526, 0x1a170c17, 0x1a1a1818, 0x1a18181a, 0x29261a18, 0x181a1a26, 0x1a1a261a, 0x1a1a1818,
0x1a1a290c, 0x3a50291a, 0x1a251a17, 0x3a291a1a, 0x1a1a1a1a, 0x25291a1a, 0x1a17171a, 0x1717170c,
0x18171717, 0x17171717, 0x181a1817, 0x17171a17, 0x1a1a1a18, 0x1a1a1a1a, 0x1a171718, 0x1a1a1a1a,
0x513a1a1a, 0x324b2737, 0x363a3a36, 0x30322729, 0x293a3a29, 0x23273829, 0x2529251a, 0x23263726,
0x1a1a1a17, 0x27191818, 0x181a1a1a, 0x181a1818, 0x181a1a1a, 0x1a251a18, 0x1a29291a, 0x261a1818,
0x29384b32, 0x5029293a, 0x3a4b4b4b, 0x1a1a1a29, 0x53537f4b, 0x1a1a293a, 0x514b2727, 0x1a3a503a,
0x37262238, 0x3a3a3a3a, 0x26262619, 0x3a541a1a, 0x1a291a1a, 0x29291a1a, 0x26292526, 0x1a1a1a1a,
0x3a3a3a29, 0x29513a37, 0x363a291a, 0x29373729, 0x293a291a, 0x1a295454, 0x251a1a1a, 0x1a1a2926,
0x29251a1a, 0x26263736, 0x54292529, 0x3a1a1a36, 0x251a1a1a, 0x291a2525, 0x29251a1a, 0x1a263a29,
0x2951371a, 0x29292926, 0x29261a1a, 0x37513a3a, 0x3a291a1a, 0x373a5454, 0x54261a1a, 0x29375455,
0x29263729, 0x29373a54, 0x29373737, 0x51372926, 0x3a3a2929, 0x37373726, 0x3726291a, 0x37372937,
0x37372729, 0x51383837, 0x37373727, 0x37373737, 0x37372726, 0x38383729, 0x27272626, 0x3a383827,
0x26262629, 0x37383837, 0x2729373a, 0x37373854, 0x37512937, 0x51272927, 0x3a542929, 0x51262629,
0x37373737, 0x37372737, 0x3737513a, 0x37373737, 0x27273838, 0x37313838, 0x37373738, 0x37373738,
0x26262737, 0x27272927, 0x37383737, 0x37272727, 0x37373751, 0x37273838, 0x27263751, 0x37373737,
0x383a2627, 0x26272727, 0x38373727, 0x26262727, 0x51373737, 0x26273737, 0x38372937, 0x37273738,
0x37262637, 0x37372727, 0x27262637, 0x373a3737, 0x37272637, 0x37383737, 0x38372737, 0x37372637,
0x26262626, 0x3a292626, 0x26262626, 0x37362926, 0x37372926, 0x37373737, 0x373a3837, 0x3a3a3737,
0x37373737, 0x513a3a37, 0x51372929, 0x3a3a5151, 0x3a373a37, 0x3a3a3a51, 0x3a515437, 0x51373a51,
0x51545454, 0x3a515451, 0x54545151, 0x51545454, 0x3a3a513a, 0x54543a3a, 0x513a5151, 0x54543a3a,
0x54513a3a, 0x54515154, 0x51513a3a, 0x54515454, 0x3a3a5151, 0x3a3a5454, 0x3a3a3a3a, 0x543a3a3a,
0x54513a3a, 0x3a545454, 0x54503a3a, 0x50545454, 0x543a5454, 0x54545454, 0x50545454, 0x54545454,
0x54545454, 0x55555554, 0x55565454, 0x55555555, 0x558d5554, 0x55545555, 0x558d5555, 0x8d555555,
0x54545451, 0x50505450, 0x54545454, 0x503a5054, 0x54545454, 0x55505454, 0x54558d55, 0x55555554,
0x8d8d8d55, 0x558d8d8d, 0x8d8d5555, 0x8d8d8d8d, 0x8d8d8d55, 0x8d8d8d8d, 0x8d8d8d8d, 0x8e8d8d8d,
0x54555554, 0x54543a3a, 0x558d5554, 0x55555454, 0x8d8d8d55, 0x898d8d55, 0x8d8d8d8d, 0x898d8d8d,
0x8f8d8d55, 0x8d8d8f8f, 0x8f8f8d8d, 0x8d8f8f8f, 0x8f8f8e8e, 0x8f8f8f8f, 0x8f8f8f8f, 0x8f8f8f8f,
0x3a545655, 0x26272731, 0x51548989, 0x27262627, 0x54548989, 0x27262737, 0x3a545555, 0x38373131,
0x54555555, 0x26374b4b, 0x51558d8d, 0x29263737, 0x5154558d, 0x36292936, 0x5054558d, 0x3a3a3a50,
0x0b0b1519, 0x15151615, 0x0b151527, 0x15151514, 0x15152338, 0x1515140b, 0x14152231, 0x0b0b0b0b,
0x14192626, 0x0b0b0b0b, 0x0b183737, 0x0b0b0b0b, 0x14183651, 0x0b0b0b0b, 0x14263a54, 0x0b0b0b0b,
0x19141414, 0x19141914, 0x22221919, 0x14142218, 0x38262219, 0x180c1827, 0x26180c0c, 0x18182226,
0x180c0c0b, 0x25262618, 0x180c0b0b, 0x26262517, 0x0c0c0b0b, 0x251a261a, 0x1714140b, 0x37362926,
0x19222222, 0x0b153827, 0x27372619, 0x12233227, 0x38513726, 0x12121927, 0x51535137, 0x0b0b1527,
0x5354543a, 0x09091531, 0x37515436, 0x09090b26, 0x27373725, 0x09090b19, 0x19222637, 0x09090b14,
0x0a0a090b, 0x0a0a0909, 0x0a0a0a0b, 0x0a0a0909, 0x0909090b, 0x0a0a0904, 0x0a0a0a0b, 0x0a0a0909,
0x0a090409, 0x09090909, 0x04090409, 0x09090904, 0x04090909, 0x09090904, 0x09090909, 0x0b0a0a09,
0x09130a09, 0x040a1310, 0x090a0a09, 0x09090909, 0x09090a09, 0x09090909, 0x0a04090a, 0x04090909,
0x0a040a0a, 0x09090909, 0x09040404, 0x09090404, 0x04040409, 0x09090404, 0x0909090a, 0x09090909,
0x0a090a04, 0x04040a10, 0x090a0904, 0x09040a0a, 0x0a0a1009, 0x0804090a, 0x0a0a0a09, 0x0a0a0a0a,
0x0a0a0409, 0x0a0a0a0a, 0x0a040404, 0x09090409, 0x080a0404, 0x04040409, 0x0a0a0a09, 0x04090a0a,
0x0a10130a, 0x0404080a, 0x13101013, 0x0808080a, 0x20100a0a, 0x0808080a, 0x0a100a0a, 0x04040409,
0x0a090809, 0x04040908, 0x09040409, 0x0404090a, 0x09090404, 0x0404090a, 0x09090904, 0x0a090404,
0x080e0404, 0x08080808, 0x080e1009, 0x08080408, 0x0e0e1004, 0x08080808, 0x08080404, 0x08080404,
0x04090404, 0x08080804, 0x04040404, 0x08080808, 0x04040404, 0x08080404, 0x04090409, 0x08090404,
0x09100808, 0x1e4f4912, 0x12080810, 0x06206f1f, 0x15090808, 0x080e4930, 0x1f0a0808, 0x080e2e49,
0x1f0a0809, 0x08080820, 0x100a0808, 0x0e0e0808, 0x1e130a08, 0x06060808, 0x080a0a08, 0x08080608,
0x42421e0e, 0x6767706f, 0x4545442d, 0x7070706f, 0x4444431e, 0x7074746f, 0x4543421c, 0x45707470,
0x4242431e, 0x45707070, 0x4570472d, 0x70707070, 0x4570472d, 0x70707070, 0x42422d0e, 0x45707045,
0x3e677067, 0x68654444, 0x44677070, 0x62623f62, 0x62687274, 0x62626268, 0x62687270, 0x3f44686a,
0x44677067, 0x3f626868, 0x68687070, 0x613f4467, 0x68727270, 0x62626868, 0x62707270, 0x62626868,
0x6a676262, 0x3c3d5d6a, 0x68626262, 0x5d5d6a72, 0x623f3f3f, 0x62626867, 0x623f3f3f, 0x5d626267,
0x6262623f, 0x3d3d6262, 0x62626262, 0x3f3f5c62, 0x62626262, 0x625d5d62, 0x62626262, 0x5d5d5c62,
0x3d3c3c3c, 0x3d3d3d3d, 0x5d3f3f5d, 0x3f5d5d5d, 0x625d5d5d, 0x62626262, 0x5d5c5d5d, 0x5d625d62,
0x3f3f3f3f, 0x3f3f3f3f, 0x3c3c3d3f, 0x3f3f3d3d, 0x3f3f3f5d, 0x3c3c3d3d, 0x3f3d3f3f, 0x3d3f3f3f,
0x623f3d3c, 0x62676962, 0x3d3d3d3d, 0x6262623f, 0x5c5c5c5d, 0x3f3f3f3f, 0x62626262, 0x3c3f5c62,
0x6264625d, 0x5c626262, 0x6262623f, 0x61626262, 0x5c3f3f3d, 0x625c5c5c, 0x3d3d3d3d, 0x3f3f3f3d,
0x6a6a6a6a, 0x62696a6a, 0x6a6a6a69, 0x6a6a6a6a, 0x6a696261, 0x6a6a6a6a, 0x62613f3d, 0x676a6a69,
0x615c5c5c, 0x62696261, 0x62616162, 0x61625c5c, 0x64626262, 0x5c616262, 0x64646261, 0x5c626262,
0x62613f5c, 0x67696762, 0x613f5c61, 0x676a6762, 0x61616262, 0x62676261, 0x61626262, 0x61613f3f,
0x61616262, 0x61616161, 0x62626262, 0x61626262, 0x6161613f, 0x61616162, 0x613f3f3f, 0x69696161,
0x67616167, 0x44456767, 0x67616161, 0x44674467, 0x61616261, 0x67676761, 0x61626162, 0x67446261,
0x6261615c, 0x67443f61, 0x613f3f5c, 0x62626261, 0x61616161, 0x67676161, 0x61626269, 0x62616161,
0x6f456767, 0x6f6f7373, 0x70444444, 0x676f7073, 0x70706744, 0x676f6f6f, 0x67706767, 0x443f6767,
0x3f676767, 0x3f3f6161, 0x61676767, 0x613f3f44, 0x61696761, 0x3f616161, 0x3f616162, 0x3f61613f,
0x67676770, 0x6f6f6742, 0x3f3f4467, 0x6f673f3f, 0x67676144, 0x6f6f6767, 0x67616167, 0x736f6767,
0x443f3f61, 0x7371673f, 0x3f3f3f44, 0x736f6761, 0x3f3f3f3f, 0x73716167, 0x3f443f3f, 0x7371613f,
0x82737373, 0x6f6f7373, 0x73828273, 0x6f6f6f6f, 0x73737373, 0x6f6f6f6f, 0x6f737373, 0x4a6f6f73,
0x6f737373, 0x6f6f6f6f, 0x736f6f73, 0x4a4a426f, 0x6f6f6f73, 0x4a4a426f, 0x736f6f73, 0x6f6f6f73,
0x7d6f6f6f, 0x8b8b8381, 0x7d6f4a6f, 0x8a8bb084, 0x7d6f6f4a, 0xb08b8b84, 0x816f4a6f, 0xb0b08b84,
0x817d6f6f, 0x8a8a8b84, 0x816f6f6f, 0x8b8b8b8b, 0x847d6f4a, 0xbe8bb0b1, 0x847d6f4a, 0xbebec1c1,
0xbebebebe, 0xc2c2be8a, 0xbebebebe, 0xc2bebebe, 0x8cbeb0be, 0xbebebebe, 0x8abe8a8c, 0xbec2be8c,
0xbebebebe, 0xbec1bec1, 0xc1bebebe, 0xbebebec1, 0xc1bebebe, 0x8cbebebe, 0xbebebebe, 0xbebebebe,
0xc0c0c0c2, 0xc0c0c0c2, 0xc2c0c0be, 0xc0c0c2c2, 0xc0c0be8c, 0xbfc0c0c2, 0xc0c0bebe, 0xc0c0c2c0,
0xc0c0c0be, 0xc0c0c0c0, 0xc0c0bebe, 0xc0c0c2c0, 0xc2c0c0be, 0xd1c6c2c2, 0xc2c0c0be, 0xd1c6c2c6,
0x9daaaab8, 0x9d9d9d9d, 0xaaaaaab8, 0x9d9d9daa, 0xacaaaab8, 0x9d9daaaa, 0xacadadb8, 0x9daaaaad,
0xaaadadb9, 0x9daaadaa, 0xadaaadb8, 0xaaaaadad, 0xb8adb8bc, 0xaaadadb8, 0xadadadb8, 0xaaacadad,
0xa19d6d9d, 0x789da1a1, 0x789da19d, 0x9d9d9da1, 0x7878aaa1, 0xa19d9d78, 0xaa789d9d, 0xaaa19d9d,
0x9d6daaaa, 0x9d9d9daa, 0x6da1aaaa, 0x786d789d, 0x6d9da1a0, 0x9d6d9d9d, 0xa0aa9daa, 0x9d6d78a1,
0x9d9d9d9d, 0x78789da1, 0x9daaa19d, 0x786e9d9d, 0x78a1a1a1, 0x6d78786d, 0x78a19d9d, 0x78789d78,
0x9daa9d6d, 0x786d6b78, 0xa19d6e6d, 0x78a19daa, 0x789d789d, 0x9d9d9d9d, 0x789d9da0, 0x78786e78,
0x63636b78, 0x78786e6d, 0x6d6d9d78, 0x786b636b, 0x6d6e786e, 0x786b6b6b, 0x9d9d6d6d, 0x7878786d,
0x786e6e6e, 0x78a17878, 0x6e6b636b, 0x78a19d78, 0x6e786d78, 0x789d789d, 0x78786e9d, 0x9d9d7878,
0x416b6b78, 0x78484741, 0x406b6b78, 0x6b474140, 0x476b6d78, 0x40404041, 0x486b6b6b, 0x40414147,
0x6b6b6d78, 0x47404148, 0x486b78a1, 0x6b41486b, 0x406b6b78, 0x6b6b6b48, 0x486b6b78, 0x47474747,
0x6b78786b, 0x6b6d7878, 0x47486b6b, 0x6b6d7848, 0x41486b40, 0x63636363, 0x41476e40, 0x6e6d6d63,
0x41476b48, 0x6b6b6340, 0x63634848, 0x41634140, 0x41414847, 0x6b634841, 0x48486348, 0x6b636b6b,
0x63636b6d, 0x41416341, 0x6363636b, 0x41416363, 0x63636363, 0x5a416363, 0x6d636363, 0x41636b6d,
0x786b636b, 0x63636b6b, 0x6e476363, 0x63636b6d, 0x6e6b6b6b, 0x63414163, 0x6b6b786b, 0x41634163,
0x63636363, 0x6d634141, 0x66666341, 0x635e4163, 0x6663632c, 0x63636363, 0x63416363, 0x6d666363,
0x63636363, 0x6366635e, 0x63636363, 0x41636b63, 0x63636363, 0x41636363, 0x6d634163, 0x63636363,
0x9966666d, 0x666d6d6d, 0x66666663, 0x6d666d6d, 0x6d666d66, 0x6d99996d, 0x9c6d6663, 0x6d9c9c6d,
0x6d996d63, 0x9c9c6d9c, 0x6d636663, 0x9d6d6d99, 0x66636641, 0x996d666d, 0x635e6341, 0x66666363,
0x66665e66, 0xa6986666, 0x60666666, 0x98665e5e, 0x66666666, 0x66666666, 0x9866999c, 0x99666698,
0xa6996d9c, 0x9998669c, 0xa99c99a7, 0x6c9898a6, 0x9d9c9c9c, 0x99989999, 0x666d9d99, 0x98666699,
0x95a699a6, 0x99a69895, 0x959898a6, 0xa6999895, 0x959899a6, 0x98989595, 0x999898a6, 0x9899a6a6,
0xa6666698, 0xa6a7a6a6, 0x95666060, 0xa6a6a698, 0x60606098, 0xa6999998, 0x95605a66, 0xa6a69595,
0x95959595, 0x95959595, 0x95959598, 0x95959595, 0x95a69998, 0x95959595, 0x98a69995, 0x95959895,
0xa6a69998, 0x95959898, 0xa6989898, 0x9598a6a6, 0x999898a6, 0x989598a6, 0xa6959999, 0x9898a6a6,
0x95959895, 0x95959595, 0x95959595, 0x95959595, 0x98959595, 0x95959598, 0x95959595, 0x95959598,
0x95959595, 0x95959895, 0x95959595, 0x95959895, 0x95959595, 0x95989595, 0x95959598, 0x98959595,
0x98989595, 0xa6a6a698, 0x98959595, 0xa6a6a698, 0x98989895, 0xa6a69898, 0x98989595, 0xa6a69898,
0x98989595, 0xa6a6a6a6, 0x95989595, 0x98a6a698, 0x66669595, 0x98989895, 0x95606598, 0x98989898,
0x98989898, 0xa6989898, 0xa69898a6, 0x95989898, 0xa69898a6, 0x65989898, 0x98a6a6a6, 0x989898a6,
0x98a6a6a6, 0x98989898, 0xa6a6a6a6, 0x98a6a698, 0xa6a69898, 0x989898a6, 0xa6a69898, 0x9898a6a6,
0x98a6a6a6, 0xa69b9898, 0x989ca698, 0x9c989898, 0x9ba69865, 0x98989c9b, 0x9b989865, 0x6c98a69b,
0x98986666, 0x989ca698, 0x98669898, 0xa698989c, 0x98959898, 0x98a69c9b, 0x98989898, 0x989b9898,
0x98989ba6, 0x9b9b9898, 0x9ba6a698, 0x9b989898, 0x9b989898, 0x9b98989b, 0x9c989898, 0x9b98989b,
0x9b989898, 0x9b9ca6a6, 0x989b9b9c, 0x6c9ca6a6, 0x9b9ca69b, 0x6c9ca6a6, 0x9c9c9b98, 0x6c9b9898,
0x6c989b9b, 0x6a6a6c9b, 0x989b9b9b, 0x686a6a9b, 0x6c989ba6, 0x65686c6c, 0x9b9b9ba6, 0x44686c9b,
0x9b9b9c9b, 0x47656a6c, 0x9b9b9b6c, 0x2d2d656c, 0x749b9b6c, 0x2b2b5d65, 0x6b74746c, 0x2b2b2d44,
0x7474a09b, 0x47687468, 0x749ba074, 0x45447074, 0x686c7465, 0x2d437074, 0x44656547, 0x202d4770,
0x4447475d, 0x2e2e4368, 0x4447475d, 0x1f202e43, 0x43472d2b, 0x121f2e2e, 0x44432d2b, 0x0b101e2d,
0x2e2e2e43, 0x0b141512, 0x131f4242, 0x14141512, 0x12102e2e, 0x1514151f, 0x1010202e, 0x14141512,
0x1f131f20, 0x14221412, 0x12121212, 0x14140b0b, 0x0b0b0b0b, 0x140b0b0b, 0x140b0b0b, 0x0b0b1415,
0x0c0c0c0c, 0x0c0b0c0c, 0x140c1414, 0x0b050b0c, 0x19141414, 0x0c0c1414, 0x14141414, 0x14180c14,
0x26140c14, 0x0c191827, 0x14181414, 0x0c141414, 0x18140c14, 0x140c0c0c, 0x140b0c22, 0x22141414,
0x180c0c14, 0x14141919, 0x0c0c0c0c, 0x1414140c, 0x0b0c0c0c, 0x140b0c0b, 0x0c0c0c0c, 0x1414140b,
0x0c0c0c0c, 0x14141414, 0x19182722, 0x190c0c14, 0x0c141818, 0x26140c0c, 0x0c0c0c18, 0x18141414,
0x37141514, 0x27191922, 0x31142219, 0x15191422, 0x14141414, 0x15151414, 0x19141414, 0x14151522,
0x14191514, 0x15192215, 0x14141414, 0x19271919, 0x19151519, 0x15151919, 0x15151414, 0x14191414,
0x22271922, 0x19272719, 0x27271915, 0x19192727, 0x23191515, 0x18182227, 0x23231922, 0x18141919,
0x19191915, 0x18181919, 0x15151514, 0x19181919, 0x14152323, 0x14141414, 0x19192719, 0x19181927,
0x19182637, 0x373a2618, 0x26372619, 0x51372619, 0x18262618, 0x51261919, 0x26181918, 0x1a181926,
0x19181814, 0x1a181919, 0x26191818, 0x26181926, 0x26261918, 0x0c0c1819, 0x18191926, 0x0c0c1818,
0x18262626, 0x1a1a2925, 0x181a2636, 0x251a1818, 0x1a26363a, 0x2629291a, 0x1825291a, 0x1a1a1a18,
0x26261a1a, 0x3a1a1a18, 0x1a1a1836, 0x3a261a1a, 0x2526291a, 0x261a1a1a, 0x1a1a291a, 0x18181817,
0x1a29261a, 0x181a1a1a, 0x26502925, 0x26261a1a, 0x251a1a1a, 0x1a1a1a1a, 0x261a2926, 0x1a262625,
0x1a1a363a, 0x2637371a, 0x261a1a29, 0x1a292526, 0x503a1a18, 0x25262929, 0x26261a18, 0x251a1818,
0x1a181a1a, 0x1a1a1a29, 0x1a1a1a26, 0x1a1a2926, 0x291a1a1a, 0x1a292925, 0x3a1a2526, 0x25251a29,
0x50513a37, 0x3a3a1a36, 0x2537371a, 0x25291a29, 0x25262926, 0x1a251a1a, 0x36292926, 0x25251a1a,
0x18181a1a, 0x1a181a18, 0x1a1a1a1a, 0x29261818, 0x261a1a1a, 0x181a1a26, 0x1a1a1a1a, 0x1a1a2636,
0x1a182926, 0x36262626, 0x1a251a1a, 0x1a1a1a1a, 0x2936261a, 0x1a1a1a1a, 0x25251a25, 0x1a1a1a1a,
0x3a291a1a, 0x1a1a2525, 0x291a1a1a, 0x1a1a2929, 0x1a171a17, 0x1a1a1a1a, 0x261a1a1a, 0x1a1a1a1a,
0x29291a1a, 0x251a1a25, 0x29502525, 0x36292525, 0x25292925, 0x25292625, 0x1a3a3626, 0x2926251a,
0x3629251a, 0x2526363a, 0x25252925, 0x2929363a, 0x291a1a1a, 0x26371a29, 0x251a1a1a, 0x1a1a1a1a,
0x2929251a, 0x29292926, 0x1a262529, 0x2629261a, 0x26261a1a, 0x2626261a, 0x1a1a1a1a, 0x2629291a,
0x26293a37, 0x37262629, 0x29293729, 0x37262637, 0x261a1a1a, 0x29262626, 0x29261a1a, 0x29292629,
0x2929291a, 0x26262629, 0x29372926, 0x29372629, 0x26292929, 0x37372929, 0x363a2929, 0x37292937,
0x29372929, 0x26262629, 0x29545137, 0x26262626, 0x37373737, 0x27292937, 0x29263729, 0x27375437,
0x29292926, 0x373a5129, 0x37262926, 0x29373737, 0x29372937, 0x27292929, 0x37372929, 0x29373729,
0x27273737, 0x37373837, 0x27373727, 0x27373727, 0x37373737, 0x37373737, 0x37373729, 0x37373727,
0x37372729, 0x27385151, 0x37372727, 0x27373751, 0x27372727, 0x27373727, 0x37373737, 0x37272727,
0x37373727, 0x37373737, 0x26373737, 0x3a373737, 0x37373738, 0x37373727, 0x27373737, 0x37372926,
0x37273737, 0x37292937, 0x37372727, 0x37292927, 0x37373727, 0x37292927, 0x37373737, 0x26262929,
0x51535137, 0x37373a51, 0x51545137, 0x29373a3a, 0x51535151, 0x37375153, 0x5454513a, 0x373a5154,
0x51513a37, 0x5151513a, 0x51513737, 0x51515151, 0x51513737, 0x3a3a373a, 0x513a5137, 0x3a3a3a3a,
0x3a3a3a37, 0x5451513a, 0x3a543a37, 0x3a3a3a3a, 0x3a543a37, 0x3a3a513a, 0x51513737, 0x3a50513a,
0x3a3a3a51, 0x54545451, 0x51515451, 0x55565454, 0x54545454, 0x56565554, 0x54515151, 0x89565454,
0x8d8d5554, 0x8d8d8d55, 0x8d8d5450, 0x558d8d8d, 0x8d8d5554, 0x55558d8d, 0x55565554, 0x55558d8d,
0x55543a54, 0x55555555, 0x55545154, 0x55555454, 0x55555456, 0x55555050, 0x55555656, 0x8d553a50,
0x8e8d8d8d, 0x8e8f8f8f, 0x8d8d5555, 0x8d8f8f8f, 0x8d8d8d55, 0x8e8e8f8e, 0x8d8d8d54, 0x8f8f8f8e,
0x8d8d8d55, 0x8e8e8f8f, 0x8d8d8d8d, 0x8f8f8f8f, 0x8d558d8d, 0x8f8f8f8f, 0x8f8d8d8d, 0x8f8f8f8f,
0x8f8d8d8d, 0x8f8f8f8f, 0x8f8d8d8d, 0x8f8f8f8f, 0x8f8e8d8e, 0x8e8f8f8f, 0x8e8f8f8f, 0x8d8e8f8f,
0x8e8f8f8f, 0x8e8e8f8e, 0x8e8d8f8f, 0x8e8e8f8f, 0x8e8d8e8f, 0x8e8f8f8f, 0x8e8d8d8f, 0x8e8d8e8e,
0x5550558d, 0x50505455, 0x55558d8d, 0x3a505455, 0x55558d8d, 0x503a3a54, 0x558d8d8d, 0x3a3a3a3a,
0x508d8d8e, 0x3a3a3a50, 0x548d8d8d, 0x363a5054, 0x8d8d8d8e, 0x3a505455, 0x8d8d8d8f, 0x3a3a5055,
0x19295454, 0x0b0b0b14, 0x19265050, 0x14141415, 0x19265150, 0x14141419, 0x18263a3a, 0x14141818,
0x2636503a, 0x22182226, 0x36373a3a, 0x37373a3a, 0x3737363a, 0x3a3a3a3a, 0x3a3a5029, 0x5151503a,
0x18140c0b, 0x37362518, 0x14140c0c, 0x26251814, 0x1414140c, 0x14181814, 0x18140c0c, 0x14272619,
0x22191419, 0x0b151922, 0x27262637, 0x0b0b1522, 0x31513737, 0x0b0b1519, 0x38373751, 0x0b0b1523,
0x0b0c1426, 0x0909090b, 0x040b0b14, 0x090b0b09, 0x090b0b0b, 0x09090909, 0x090b0b0b, 0x120b0409,
0x0b0b0b0b, 0x0b0b0b0b, 0x0b09090b, 0x0b0b0b0b, 0x09090909, 0x15150b0b, 0x0b0b0b0b, 0x0b120b0b,
0x09090909, 0x0a0a0909, 0x09090909, 0x0a090909, 0x09090b0b, 0x0a090909, 0x0b090b0b, 0x0a0a1212,
0x0b0b0b0b, 0x0b12130b, 0x15151515, 0x131f2323, 0x19141415, 0x23323227, 0x19141515, 0x4b382726,
0x0a090909, 0x0a090a0a, 0x0a0a0909, 0x090a0909, 0x0a0a0a09, 0x090a090a, 0x0a0a0a0a, 0x09090909,
0x0a0a0a13, 0x04090909, 0x090a1213, 0x04090a09, 0x09101f1f, 0x090a130a, 0x0a0a1630, 0x0a090a0a,
0x130a0a09, 0x0a0a1010, 0x130a0a09, 0x0a0a0a13, 0x0a090a09, 0x0a090a0a, 0x09090909, 0x0a10090a,
0x04090904, 0x0a130a09, 0x04090a0a, 0x04090a09, 0x0404090a, 0x04090909, 0x09090a13, 0x04090909,
0x0409090a, 0x090a0404, 0x04090a12, 0x04040404, 0x09090904, 0x04040404, 0x09090404, 0x04040404,
0x09090404, 0x04040409, 0x09090904, 0x0404090a, 0x04040909, 0x04040909, 0x04040909, 0x04040404,
0x04040404, 0x04040404, 0x04040404, 0x04040404, 0x04040404, 0x04040404, 0x04040409, 0x04040404,
0x04040409, 0x04040404, 0x0a040404, 0x04040409, 0x04040404, 0x04040404, 0x04040404, 0x04040404,
0x08130a04, 0x0e1e0e08, 0x08200a04, 0x0e1e1e08, 0x10130a04, 0x08080804, 0x10131204, 0x08080804,
0x101f0a04, 0x08082108, 0x20130904, 0x08081e10, 0x20100904, 0x21080808, 0x130a0904, 0x0e0e081e,
0x422d2d1c, 0x45457045, 0x422e421e, 0x45707045, 0x1e1c0e08, 0x44707045, 0x0e080808, 0x2b424542,
0x08080e08, 0x4242420e, 0x0e1e2121, 0x4545430e, 0x1e1e1e2f, 0x45451e1c, 0x1c0e0e0e, 0x45421e1c,
0x44687067, 0x62626244, 0x3f677067, 0x62623f3f, 0x44687067, 0x62626262, 0x44444445, 0x62626268,
0x3f3e3e44, 0x62626244, 0x44444445, 0x62626244, 0x3f444568, 0x3f3f443f, 0x3e3e4568, 0x3e3c3c3e,
0x62686868, 0x3f3f3f3f, 0x3f626862, 0x3f3d3d3d, 0x3f62623f, 0x3f3f3d3c, 0x3f3f3f3c, 0x3f3f3d2b,
0x3f3f3f3f, 0x3f3f3f3d, 0x3f3f3f3f, 0x3d3f3f3f, 0x3f3f3f3f, 0x3d3d3d3d, 0x3c3f3f3f, 0x3d3c3c3c,
0x3f3f3f3f, 0x5c5c5c3f, 0x3f3f3f3f, 0x5c5c5d3f, 0x3f3f3f3f, 0x5c5c5c3f, 0x3f3f3f3f, 0x5c62625c,
0x5c3f3f3f, 0x6262625c, 0x5c3f3f3d, 0x5c5c615c, 0x3f3f3f3d, 0x3f5c5c3f, 0x3d3d3d3c, 0x5c3f3d3d,
0x3f3f3f3f, 0x3d3d3d3d, 0x5c3f3f5c, 0x3d3d3f3f, 0x3f3f5c5c, 0x3d3f3f3f, 0x3f5c6262, 0x3f3d3d3f,
0x3f5c6262, 0x3f3f3f3f, 0x5c625c5c, 0x3d3d3f3f, 0x62625c3f, 0x3f3f5c62, 0x6464625c, 0x5c626262,
0x6262613f, 0x5c626262, 0x5c5c3f3d, 0x5c616262, 0x3f3f3f3f, 0x5c5c5c3f, 0x3f3f5c5c, 0x5c3f3d3d,
0x5c3f3d3d, 0x3f3d3f5c, 0x5c3f3f3f, 0x5c3d3d3f, 0x615c5c61, 0x625c5c5c, 0x5c5c5c5c, 0x62626262,
0x3f3f3f5c, 0x69696161, 0x61616161, 0x61676261, 0x61616161, 0x61616262, 0x61616161, 0x62616262,
0x67613f3f, 0x69626161, 0x61626262, 0x61616161, 0x61626262, 0x61616161, 0x61616262, 0x62616261,
0x61616169, 0x61616261, 0x61616269, 0x3f616261, 0x69626762, 0x5c616262, 0x62616162, 0x61676261,
0x61626269, 0x61616161, 0x61616162, 0x613f3f61, 0x61615c61, 0x61615c61, 0x61615c61, 0x61616161,
0x61616161, 0x3f61613f, 0x613f6161, 0x3f3f5c3f, 0x613f3f5c, 0x3f3f615c, 0x3f3f3f5c, 0x6161613f,
0x615c5c61, 0x61613f5c, 0x61626261, 0x61613f61, 0x6161615c, 0x3f3f3f61, 0x5c616161, 0x3f5c6161,
0x44443f3f, 0x736f6761, 0x3f3f443f, 0x6f6f673f, 0x44446144, 0x6f6f6f3f, 0x67613f3f, 0x73736f6f,
0x3f3f3f61, 0x73736f6f, 0x3f616761, 0x7371736f, 0x6767613f, 0x73736f6f, 0x67613f3f, 0x82736f71,
0x6f736f73, 0x6f6f6f6f, 0x73737373, 0x6f6f6f73, 0x82827373, 0x6f6f7382, 0x82828273, 0x6f6f7382,
0x82817373, 0x6f828182, 0x826f8281, 0x82828282, 0x82828273, 0x82826f73, 0x82818282, 0x6f828282,
0x8b816f6f, 0xbe8bc1c1, 0xb0836f6f, 0xbe8ab0c1, 0xb083816f, 0xbebeb0be, 0xbeb0816f, 0xbe8bb0be,
0xbeb0836f, 0xc1beb0b0, 0xb0b08181, 0xc2c1b0b0, 0xbeb07c7c, 0xc2bebebe, 0xbe8a837d, 0xc2c1bebe,
0xbebebebe, 0xbebebebe, 0xbebebebe, 0xbebebebe, 0xbebec1c1, 0xbebebebe, 0x8abebec1, 0xbe8a8a8a,
0xbebebec1, 0xc0bebe8c, 0xc2bebec1, 0xc0c0c2c2, 0xc2bebec2, 0xc2c0c2c2, 0xbebec1c2, 0xc0bec0c0,
0xc0c2c0c0, 0xc0c6c0c0, 0xc0c2c0be, 0xc0c6c0c0, 0xc0c0c0be, 0xc0c0c0c0, 0xc0c0c0c0, 0xc0c2c6c2,
0xc0c2c2c2, 0xc0c0c2c2, 0xc0c0c6c2, 0xc0c0c6c0, 0xc2c6c6c6, 0xc0c0c0c0, 0xc0c0c0c0, 0xc0c0c0c0,
0xacacadb9, 0xaaaaaaaa, 0x9da9a9b8, 0xaaaa9d9d, 0x9d9da1b8, 0x9d9d9c9d, 0x9d9d9dac, 0x9d9d9d6d,
0x779d78a5, 0x9d9d6d6d, 0x6d7778a5, 0x6d6d6d6d, 0x6d7777b2, 0x9d9d6d77, 0x6d779da5, 0x9d9d786d,
0x9da1a0ac, 0x9d9da1a1, 0x9d9da1aa, 0xaaa1a0a0, 0xaaaaaa9d, 0xa1a19da1, 0xaaaaaa9d, 0xaaaa789d,
0x9d9da09d, 0xa19d9da1, 0xac9d6d78, 0x9d6d9daa, 0xacaaa19d, 0xaca0aaac, 0xaaaaa1a1, 0xaaa0a19d,
0x9d9d9d9d, 0x6d6d9d9d, 0x9d789da1, 0x789d9d9d, 0x789da09d, 0x789d786d, 0x9da19d9d, 0x78789d9d,
0xa1aa789d, 0x9d9d9d9d, 0x9d9d9da1, 0x9da1a19d, 0x789d9da1, 0x9d9d6e78, 0x9daaa19d, 0x9d9d789d,
0x9da1a19d, 0x7878789d, 0x9d787878, 0x6e789d9d, 0x6d6d6d6d, 0x6e6d9d9d, 0x6d78789d, 0x636b786b,
0x6d78789d, 0x6e6b6b63, 0x6e9d6e6d, 0x6b6b6b63, 0x789d9d78, 0x636d6d6d, 0x6d6d6e78, 0x6b6d6d6e,
0x486b6b6e, 0x48414141, 0x416b6d6d, 0x6b634148, 0x636b6d6b, 0x63636363, 0x6e6b6b63, 0x6b634763,
0x636b6b63, 0x6b6b6363, 0x636b6363, 0x476b6b63, 0x6b6d6d63, 0x63636b63, 0x78786d6d, 0x6e6b6b6b,
0x41636363, 0x6e6e6b63, 0x41486b63, 0x63416347, 0x63486e63, 0x47634863, 0x63636b6b, 0x486b4863,
0x63636363, 0x4863636b, 0x636b6363, 0x4763636b, 0x6363486b, 0x4841636b, 0x4163636e, 0x63416b6b,
0x40476b63, 0x47634740, 0x40404848, 0x47474841, 0x40416348, 0x41404040, 0x63634148, 0x63486341,
0x6b6b486b, 0x48486b47, 0x63636b6b, 0x47637863, 0x40406b6b, 0x63416348, 0x41416b6b, 0x47414148,
0x78636b6b, 0x63635e6b, 0x6b6b636b, 0x6b414147, 0x6b6b636b, 0x6341416b, 0x6b6b6b6b, 0x47486b6b,
0x6b6b6b6b, 0x6b6b6b6b, 0x6b6b4048, 0x486b486b, 0x41484847, 0x4848476b, 0x756b6b6b, 0x6e6b6b78,
0x63636d63, 0x6666635e, 0x63666363, 0x66666363, 0x63634147, 0x996d6363, 0x63634141, 0x99666366,
0x63634141, 0x6d636663, 0x63636b47, 0x665e6663, 0x636b6b6b, 0x66636663, 0x6b47476b, 0x66636363,
0x9c99996d, 0x6699999c, 0x6d996d6d, 0x99669999, 0x6d99666d, 0x9c99a69c, 0x6d999966, 0x9c9ca699,
0x6d6d6d6d, 0x99996666, 0x6d666666, 0x9966669c, 0x635e6666, 0x99666699, 0x66636666, 0x6c666666,
0x95665e66, 0x99999566, 0x66606066, 0x98959566, 0x60606698, 0x95666660, 0x60606666, 0x95666066,
0x66666698, 0x95605e66, 0x66996698, 0x66956698, 0x99996698, 0x95666066, 0x98989999, 0x95959699,
0xa6959998, 0xa6a6a6a6, 0xa698a699, 0xa6a6a6a6, 0x98a6a698, 0xa6a69899, 0x99a6a695, 0x98989898,
0xa6a69995, 0x99a69599, 0xa6a69895, 0x989995a6, 0xa6999595, 0x9899a6a6, 0x99996666, 0xa6a6a699,
0x98959595, 0x98989898, 0x98989898, 0x98a6a6a6, 0x9898a6a6, 0xa6a6a698, 0x9595a6a6, 0x98989895,
0x95a6a695, 0x98989895, 0x99a69895, 0x98989895, 0xa6989898, 0x98989899, 0xa6989998, 0x9898a6a6,
0x95959898, 0x95959598, 0x65959898, 0x65669565, 0x98989898, 0x65669598, 0x98989898, 0x95989898,
0x98989898, 0x95989898, 0xa6a69898, 0x66989898, 0xa6a6a6a6, 0x669898a6, 0xa6a6a8a6, 0x669898a6,
0xa6a69895, 0x98a6a6a6, 0xa6989565, 0x989898a6, 0x98986560, 0x9898a6a6, 0x98956565, 0xa6a69898,
0x95956666, 0xa6989898, 0x65666665, 0xa698a698, 0x66666566, 0x99989866, 0x95666695, 0x98989898,
0x98989898, 0xa6a89898, 0x98989898, 0x989b9898, 0x9c9b9898, 0x6c989898, 0x9c9b9b98, 0x6c986c6c,
0x98989b9c, 0x986c6c98, 0xa69898a6, 0x6c6c6c9b, 0x9ca69ba6, 0x65666c6c, 0x9b9ba698, 0x656c9898,
0x9c9b986c, 0x6c6c6c9c, 0x9b989898, 0x6b6c6c6c, 0x6c9c9898, 0x6b656c66, 0x9b9b9898, 0x6b65636c,
0x6c6c986c, 0x4741656c, 0x6c6c6c6c, 0x2d2d656c, 0x6365665e, 0x2d2d6565, 0x65655d5e, 0x47474741,
0x2d44656b, 0x2d2d2b2d, 0x2b2b2d41, 0x43432d2b, 0x2d2d2d47, 0x2d2d2d2d, 0x46474747, 0x432d2b2d,
0x2d2d2d2d, 0x432d2d2d, 0x2d2b1b2d, 0x4346432d, 0x2d1c1c2d, 0x43432d1c, 0x1c1c2d47, 0x2e2d2d2d,
0x70432d1c, 0x0b122e35, 0x432e1e2d, 0x0b0b1f2e, 0x1f100e1e, 0x11121212, 0x1010102d, 0x15121212,
0x1213101e, 0x150b0b12, 0x1213101e, 0x15111512, 0x1213202e, 0x0b111515, 0x1f130e1e, 0x0b151515,
0x0b0b0b0b, 0x140b0b0b, 0x0b140b0b, 0x0b0b0b0b, 0x15150b0b, 0x14141414, 0x15151515, 0x14141522,
0x15151515, 0x18141515, 0x14221514, 0x18221415, 0x1415140b, 0x14141414, 0x0b0b0b0b, 0x14140b14,
0x140c1427, 0x140c0c18, 0x19181414, 0x0c0c1414, 0x18221814, 0x14141818, 0x18142231, 0x14141818,
0x14142722, 0x140c0c14, 0x14191918, 0x14141418, 0x22180c0c, 0x14222222, 0x26261414, 0x18181819,
0x140c0c18, 0x19262214, 0x14141414, 0x14222214, 0x14141818, 0x14141414, 0x19181414, 0x14141418,
0x26190c18, 0x140c0c19, 0x0c0c0c14, 0x1414140c, 0x18140c14, 0x18181914, 0x18181818, 0x18141918,
0x19141414, 0x15232227, 0x22191414, 0x14151519, 0x22141414, 0x15151519, 0x19192214, 0x22192227,
0x14181918, 0x19151414, 0x18140c14, 0x14152726, 0x14181818, 0x15141518, 0x18273737, 0x22141914,
0x23151515, 0x27192731, 0x19151515, 0x19181923, 0x23151515, 0x22181923, 0x321f1523, 0x2219314b,
0x32231522, 0x1937384b, 0x22231515, 0x19312315, 0x14152319, 0x19191414, 0x19191927, 0x19141919,
0x18181822, 0x181a1818, 0x14181819, 0x18181818, 0x18181819, 0x18181819, 0x14181826, 0x18181818,
0x18191919, 0x0c141814, 0x18181918, 0x180c1818, 0x18181814, 0x0c181818, 0x14141819, 0x0c182618,
0x1a180c18, 0x1a1a3626, 0x19180c18, 0x1a25261a, 0x0c181818, 0x1a290c0c, 0x0c0c1818, 0x1a18181a,
0x180c1818, 0x180c1818, 0x18181826, 0x170c0c18, 0x1918180c, 0x18181818, 0x0c181818, 0x18181818,
0x1a261818, 0x18171718, 0x18181818, 0x181a1818, 0x1a26181a, 0x1a26261a, 0x26503a36, 0x181a1a26,
0x1a26371a, 0x1818181a, 0x18171717, 0x18181818, 0x1818181a, 0x1a1a1a1a, 0x18181818, 0x261a1818,
0x171a1a1a, 0x1a251a17, 0x1a1a1a1a, 0x1a1a1718, 0x25181a1a, 0x181a1a25, 0x25181a1a, 0x26252636,
0x1a1a1a18, 0x50251a1a, 0x1a261a18, 0x371a1a1a, 0x26261a18, 0x2625291a, 0x1a1a1a26, 0x25261a25,
0x291a1a18, 0x25251a1a, 0x29362517, 0x2929251a, 0x1a251a1a, 0x293a291a, 0x1a1a2525, 0x25262929,
0x26292636, 0x25252529, 0x373a2629, 0x29252936, 0x29362625, 0x26252929, 0x1a1a1a25, 0x26252626,
0x29371a1a, 0x29292925, 0x54362929, 0x36363a54, 0x373a513a, 0x36365050, 0x543a3a29, 0x29375454,
0x3a3a3729, 0x26373a54, 0x29292929, 0x26292929, 0x261a1a25, 0x261a2629, 0x1a251a25, 0x261a1a1a,
0x1a262950, 0x26291a1a, 0x1a262954, 0x37261a1a, 0x29292929, 0x3a372926, 0x3a293a3a, 0x3737293a,
0x29372926, 0x37292937, 0x29292626, 0x37513a29, 0x26262626, 0x26262926, 0x29292626, 0x29292626,
0x37292929, 0x37293737, 0x37375137, 0x37292929, 0x373a3a3a, 0x37373737, 0x3a292629, 0x3737373a,
0x3a373737, 0x293a513a, 0x37372929, 0x373a3a37, 0x29373629, 0x3a3a3737, 0x29373729, 0x29373a37,
0x26292937, 0x29373729, 0x373a3737, 0x29293737, 0x3a515137, 0x29293737, 0x373a3729, 0x29373a37,
0x29373737, 0x37373737, 0x37373a3a, 0x37292937, 0x513a3a37, 0x3a373a37, 0x3a373737, 0x5451513a,
0x37373729, 0x27273727, 0x27272737, 0x27272726, 0x26262737, 0x37513726, 0x37372626, 0x37382727,
0x37373737, 0x37372727, 0x37373851, 0x37373737, 0x5137373a, 0x38373751, 0x53373a54, 0x37373751,
0x37373738, 0x26262727, 0x37383737, 0x26262726, 0x37372937, 0x37293737, 0x37373727, 0x38373737,
0x27272737, 0x51383837, 0x3729373a, 0x38383737, 0x37293738, 0x38383837, 0x37372937, 0x3a383838,
0x373a3729, 0x3a3a3737, 0x37372929, 0x51373737, 0x3a373737, 0x543a3a51, 0x513a3a51, 0x54545151,
0x513a3a3a, 0x51545451, 0x3a3a5137, 0x5451513a, 0x513a3a37, 0x51515151, 0x5153513a, 0x37515454,
0x54545151, 0x54555554, 0x54545454, 0x54555554, 0x54545454, 0x3a545554, 0x54513a51, 0x293a5454,
0x51515151, 0x373a3a37, 0x37515154, 0x373a2929, 0x37373a51, 0x29362929, 0x29293737, 0x3a373636,
0x50558955, 0x55553a3a, 0x3a505454, 0x5554503a, 0x3a3a3a3a, 0x8d555450, 0x543a3a3a, 0x8d8d8d54,
0x55503a36, 0x8d8d8d55, 0x55505036, 0x8d8d5555, 0x54545436, 0x55555554, 0x50545136, 0x503a3a3a,
0x8f8e8d8d, 0x8f8e8e8f, 0x8f8e8e8d, 0x8f8f8f8f, 0x8f8e8e8d, 0x8f8f8f8f, 0x8f8d8d8d, 0x8f8f8f8f,
0x8f8d8d8d, 0x8f8f8f8f, 0x8e8d8d8d, 0x8f8f8f8f, 0x8f8d5555, 0x8f8f8f8f, 0x8e8d8d55, 0x8f8f8f8e,
0x8e8d8e8f, 0x8e8d8d8d, 0x8e8d8d8f, 0x8e8e8e8e, 0x8f8f8e8f, 0x8e8e8e8f, 0x8f8f8f8f, 0x8e8f8f8f,
0x8f8f8f8f, 0x8e8e8f8f, 0x8f8f8f8f, 0x8f8e8d8f, 0x8f8f8f8f, 0x8f8f8e8f, 0x8f8f8f8e, 0x8f8f8f8f,
0x558d8f8f, 0x50545555, 0x8d8d8d8e, 0x2954898d, 0x8d8d8d8d, 0x2950558d, 0x8d8f8d8d, 0x54558d8d,
0x8d8f8f8e, 0x54558d8d, 0x8d8d8d8f, 0x54558d8d, 0x8d8f8f8f, 0x54558d8d, 0x8e8f8f8f, 0x55898d8d,
0x363a5129, 0x37373636, 0x36363636, 0x373a513a, 0x29293636, 0x3a51513a, 0x2929373a, 0x37372936,
0x1a293a50, 0x3729291a, 0x1a255154, 0x1a1a1a1a, 0x25365455, 0x1a1a171a, 0x29375454, 0x1a1a171a,
0x32262937, 0x0b0b0b23, 0x22262629, 0x120b0b15, 0x15192637, 0x0b120b14, 0x14141826, 0x0b0b1214,
0x14141826, 0x0b0b0b14, 0x14142625, 0x0b0b1414, 0x0c265129, 0x0b141514, 0x263a3a29, 0x14192219,
0x0b0b0b12, 0x0b0b0b15, 0x150b0b15, 0x0b0b0b23, 0x120b0b0b, 0x0b0b0b0b, 0x0b0b0b15, 0x0b0b0b0b,
0x0b0b0b0b, 0x0b0b0b0b, 0x0b0b0b0b, 0x0b0b0b0b, 0x0b0b0b0b, 0x150b0b0b, 0x0b0b0b14, 0x31221414,
0x1914140b, 0x4b535331, 0x18140b0b, 0x31385127, 0x14140b0b, 0x19263718, 0x180b0b0b, 0x15261818,
0x150b0b0b, 0x15262518, 0x0b0b0b0b, 0x234b4b18, 0x0b0b0b0b, 0x3851260b, 0x0b141523, 0x2626140b,
0x090a1232, 0x100a0a09, 0x09090b23, 0x0a0a0a09, 0x09090b0b, 0x090a0a0a, 0x150b0b0b, 0x09090912,
0x15150b0b, 0x0a09090b, 0x0b140b14, 0x0909090b, 0x0b151931, 0x09090909, 0x0b0b2338, 0x09090409,
0x04090a10, 0x09090404, 0x09090a0a, 0x090a0909, 0x09090a09, 0x04090909, 0x09090909, 0x04040409,
0x04090909, 0x04040404, 0x04090909, 0x04040404, 0x04040409, 0x04010409, 0x04040404, 0x04040404,
0x04040909, 0x09090409, 0x04040404, 0x09040404, 0x04040404, 0x09040404, 0x04040909, 0x09090404,
0x04040404, 0x09090909, 0x04040409, 0x09040404, 0x04040409, 0x0a090904, 0x04040404, 0x0a090404,
0x04040404, 0x04040404, 0x04090a0b, 0x04040404, 0x08040a0a, 0x04040404, 0x09090909, 0x04040404,
0x09090909, 0x09040404, 0x09040909, 0x04040404, 0x0a0a0a0a, 0x04040404, 0x0a0a0a13, 0x09040409,
0x130a0904, 0x0808202e, 0x0a0a0804, 0x04103313, 0x0a0a0a09, 0x102e2e12, 0x0a0a0909, 0x2f2e130a,
0x09090909, 0x21130a0a, 0x08090909, 0x10101010, 0x10090909, 0x08101010, 0x08080808, 0x080e1008,
0x1e0e0e0e, 0x42432d2d, 0x1c0e0e08, 0x4242431e, 0x0e080808, 0x4242421e, 0x08080e10, 0x0e0e0e0e,
0x0e1e1e1e, 0x08080808, 0x080e0e0e, 0x08080808, 0x08080808, 0x0e080808, 0x04080808, 0x2e1e0804,
0x2b3e4444, 0x3c2a2b3e, 0x2b2b3e42, 0x3c2b2b2b, 0x1c1c1e1e, 0x2b2a2a0e, 0x1c1c0e0e, 0x2b0e0e08,
0x08080808, 0x42421e08, 0x0e0e0808, 0x4547420e, 0x1e1e0e1e, 0x4444421e, 0x1e1e0e1e, 0x3c2b1e0e,
0x3d3f443f, 0x3d3d3c3c, 0x3c44443f, 0x3f3d3c3c, 0x3e3f3e3c, 0x623f3f3f, 0x6244443e, 0x62626862,
0x68686767, 0x6267676a, 0x62676867, 0x62626262, 0x3f444444, 0x3f3f4444, 0x44443f3f, 0x5c3f4444,
0x3d3d3d3d, 0x3f3f3f3d, 0x3f3f3f3f, 0x5c5c3f3f, 0x62626262, 0x62626262, 0x62626262, 0x62626262,
0x62626262, 0x62626161, 0x3f626262, 0x62626161, 0x3f3f6162, 0x62613f3f, 0x613f6162, 0x615c3f3f,
0x64626262, 0x5c5c5c62, 0x5c5c5c62, 0x69625c5c, 0x5c626262, 0x64626262, 0x5c626262, 0x6161625c,
0x5c626262, 0x615c3f3f, 0x62626262, 0x64625c5c, 0x62626262, 0x62646262, 0x3f3f5c3f, 0x62625c3f,
0x3f5c6161, 0x62626962, 0x5c61696a, 0x61616162, 0x5c5c6264, 0x613f5c62, 0x5c616162, 0x61616261,
0x61626261, 0x62626961, 0x62626262, 0x61626161, 0x62626262, 0x61616161, 0x5c616264, 0x62696261,
0x61616161, 0x61626161, 0x61616161, 0x61616161, 0x61626161, 0x61616261, 0x61616261, 0x61616261,
0x61616161, 0x61616161, 0x61616162, 0x615c5c5c, 0x61616161, 0x3f3f3f61, 0x61616162, 0x5c5c5c5c,
0x61616161, 0x61616161, 0x61613f61, 0x61616161, 0x61613f61, 0x61616161, 0x5c616161, 0x61616161,
0x61616161, 0x5c5c6161, 0x61616161, 0x61616161, 0x61615c61, 0x61626161, 0x3f3f3f3f, 0x61616161,
0x5c3f6161, 0x3f5c6161, 0x5c3f3f61, 0x3f5c3f61, 0x613f3f61, 0x3f3f6161, 0x5c5c6161, 0x3f3f6161,
0x61616161, 0x61616161, 0x615c3f3f, 0x61613f61, 0x613f3f3f, 0x67613f61, 0x5c616161, 0x6161443f,
0x673f613f, 0x82736f6f, 0x6f67613f, 0x81736f6f, 0x6f676161, 0x73737371, 0x7167613f, 0x73737373,
0x736f6161, 0x736f6f73, 0x736f6767, 0x82737373, 0x73716f67, 0x73737373, 0x736f6f67, 0x6f73736f,
0x81828282, 0x6f818281, 0x82828281, 0x7d7d7d81, 0x7d818282, 0x7d7d6f81, 0x81818181, 0x7d4a7d81,
0x82818182, 0x7d6f8282, 0x82818281, 0x847d7d82, 0x81818173, 0x8b848181, 0x6f81826f, 0xb084837d,
0xbe8b8b7d, 0xc2c2bebe, 0xbebeb07f, 0xc2c2bebe, 0xbebebe84, 0xbec1c1c1, 0xc1bebe8b, 0xc1c2c2c2,
0xc1c1be8b, 0xc2c1bec2, 0xc1c2c1b0, 0xc2c1bebe, 0xc2c1c1c1, 0xc2c2bebe, 0xc2bebec1, 0xbebec1c2,
0x8cbec2c2, 0xc0bebebe, 0xc0c2c2c2, 0xc0be8cbe, 0xbebec2be, 0xc0c0bebe, 0xbebec2c2, 0xc0c2c2c0,
0xbebebebe, 0xbec0c0c0, 0xc0c0bec2, 0xc0c0c0c2, 0xc0c0c2c2, 0xc0c0c0c0, 0x8abec0c0, 0xc0bebebe,
0xc0bfc0c0, 0xc0c0c0c0, 0xc0c0c0c0, 0xc0c0c0c0, 0xc0c0c0c0, 0xc0c0c0bf, 0xc0c0c0c0, 0xc0c0bdbd,
0xbdbdbd8a, 0xc0c0c0c0, 0xc0c0c0c0, 0xc0c0c0c0, 0xc0c0c0c0, 0xc0c0c0c0, 0xbdbdc0c0, 0xc0c0c0c0,
0x9d7877b5, 0xa0a1a0a0, 0x9d9da1b5, 0x779da09d, 0x78a0aab5, 0xa09d7778, 0x77789db5, 0xacac9d78,
0x78789db5, 0xa1a1a09d, 0xa1aaa1b5, 0xa0a0aaa1, 0xa0a1a1b6, 0xa4a0a0a1, 0x78a0a1b5, 0xa5a0a57a,
0xaaaaa0aa, 0x789d789d, 0x6d9d6d78, 0x779d786d, 0x9d7778aa, 0x9d9d9d78, 0xa0a0a0aa, 0x9d9d9d78,
0xacacacaa, 0xaaaaaaa0, 0xb5acacac, 0xa09da1b5, 0x7aa0b5b5, 0x9d7778b5, 0xa5a5b5b5, 0xacaaacb5,
0x9d9d9d9d, 0x9d6e786e, 0x789d786d, 0x9d9d789d, 0x6d9d7777, 0x9d6e6d6d, 0x9da1a0a1, 0xaa9da1aa,
0xa0aaaaaa, 0x9d78aaaa, 0x9da0a0aa, 0x9d63a077, 0xa09da09d, 0x9d9daaaa, 0xaaacacad, 0xacacadac,
0x6d787878, 0x6d6e9d78, 0x789d7877, 0x7878786d, 0xa1aaa1a1, 0x9d789d9d, 0xa19d9daa, 0x9da1a1a1,
0xaa9da0aa, 0xa19d9daa, 0xacaaaaa1, 0xaaaaaaaa, 0xaaa0aaa1, 0xaaaaa1aa, 0xaaaaaaac, 0xa1aaaaaa,
0x6e6b7878, 0x786b6d6e, 0x6e787878, 0x786d7878, 0x6d9d7878, 0x6d6b786e, 0x9d9d786e, 0x9d9da19d,
0xaa9d9d9d, 0xa1a1a19d, 0xaaaaaaaa, 0xaaaaaaaa, 0x9d9daaaa, 0x9d9d9d9d, 0xaa9d9d9d, 0x789d789d,
0x416b6b6b, 0x6b6b6e6b, 0x4163636b, 0x6b6b6b63, 0x636d7878, 0x6b6b6b63, 0x6b9da1a1, 0x786b6b6b,
0x6ea1a1aa, 0x6e6d6b6d, 0x79789da1, 0x78786d78, 0x789d789d, 0x78787878, 0x78786d78, 0x6d636b78,
0x6b6b6b6b, 0x48486b63, 0x47476b6b, 0x40486b63, 0x636da16b, 0x6b6b6b6b, 0x63637878, 0x6b786e6d,
0x6d6b6b6b, 0x486b7878, 0x636b6e6b, 0x6b6b636b, 0x6b6b6b6e, 0x6e78636d, 0x63484778, 0x6b6d6b78,
0x786b486b, 0x47474879, 0x48416b6b, 0x472c4175, 0x41416b6b, 0x47414848, 0x4148486b, 0x6e6b6b47,
0x40484848, 0x636b4847, 0x6b48486b, 0x4847486b, 0x6b6b6b63, 0x6b47406b, 0x486b6b6b, 0x40404048,
0x63634140, 0x6d635e63, 0x63474147, 0x6d636341, 0x41404140, 0x635e4163, 0x47474763, 0x63476363,
0x636b6b63, 0x6b636363, 0x6b634763, 0x6363416b, 0x636b636b, 0x63636363, 0x2c47636b, 0x6b636341,
0x5e66636d, 0x66669963, 0x5e666663, 0x6d66665e, 0x41636d63, 0x665e635a, 0x5e5e6363, 0x665e5e63,
0x41414147, 0x99666663, 0x41634163, 0x99666663, 0x415e4741, 0x99996d63, 0x5a416363, 0xa76d665e,
0x99999866, 0x95959998, 0x9999986d, 0x95959599, 0x99999960, 0x95989599, 0xa6996666, 0x669999a6,
0x99999599, 0x9599a69c, 0x999999a6, 0x999999a6, 0x99989999, 0x99999ca6, 0x999966a6, 0x9c999999,
0x95956666, 0xa6a6a699, 0x98a69566, 0xa6a6a695, 0x95a66066, 0xa6986695, 0x95666666, 0x98956666,
0x66956666, 0x95959595, 0x60959595, 0x95959566, 0x66669598, 0x99999566, 0x95956698, 0x98986666,
0xa699a699, 0xa699a6a6, 0x9999a6a6, 0xa6a69998, 0xa6a6a6a6, 0xa6a69998, 0xa6a699a6, 0xa6a69998,
0xa6a69998, 0xa6a698a6, 0xa6999899, 0x999999a6, 0x98999898, 0x98989899, 0x98989895, 0x98959898,
0xa6a9a9a6, 0x98a6a6a6, 0xa9a9a9a9, 0xa6a6a6a6, 0xa9a8a6a6, 0xa6a6a6a9, 0xa9a8a6a6, 0xa6a6a6a9,
0xa9a6a6a6, 0xa6a6a6a9, 0x9999a699, 0xa6a6a6a6, 0x9999a699, 0xa6a69998, 0xa6999898, 0x99999899,
0x98989898, 0x98989898, 0x98989898, 0x98989898, 0x989898a6, 0x99989898, 0x9898a8a9, 0x98989c9c,
0x9ca6a6a6, 0x9898a6a6, 0xa6a8a6a8, 0x9ca69ca6, 0xa8a8a699, 0xa6a69ba6, 0xa6a69899, 0x99989ba6,
0x9ca69c98, 0x5e65989b, 0x9b989898, 0x666c989b, 0x9898989c, 0x6c6c9898, 0x989c989c, 0x6c989898,
0x98989c99, 0x6c6c6c98, 0x98989898, 0x6c656c6c, 0x9898999c, 0x655d6698, 0x98989c9c, 0x65656c9b,
0x413d3d5e, 0x462d4147, 0x5d5d6565, 0x2b416b65, 0x655d5d65, 0x476b4741, 0x475d3d65, 0x406b6b47,
0x4165656c, 0x2d476b47, 0x65656565, 0x2d406547, 0x6b68656c, 0x2d416b65, 0x6c6c6c6c, 0x2d47656b,
0x1c2d432d, 0x2e432d1c, 0x2b2d2d2d, 0x4343432b, 0x2d2d2d2d, 0x1e43432d, 0x43462d2d, 0x1e1e1e2d,
0x2d472d2d, 0x0e101e2d, 0x4243432d, 0x1313101e, 0x101e4343, 0x130a1010, 0x10102d43, 0x120a1210,
0x1f13202e, 0x14151f15, 0x301f202e, 0x1515151f, 0x1210101e, 0x15151f16, 0x1313100e, 0x1516161f,
0x241f1313, 0x1f161230, 0x16201613, 0x2416161f, 0x131f2416, 0x231f3030, 0x1f1f2013, 0x12151f1f,
0x15151414, 0x14151414, 0x22221515, 0x14141514, 0x0b0b1415, 0x14141414, 0x0b151515, 0x1915140b,
0x14151515, 0x1422140b, 0x15151515, 0x19141414, 0x1415231f, 0x14141414, 0x27231f15, 0x14141414,
0x14181818, 0x14140c14, 0x14142222, 0x18141822, 0x14141418, 0x18191819, 0x19261814, 0x14141414,
0x14181919, 0x14141419, 0x14141414, 0x22141919, 0x14141914, 0x22181922, 0x14141814, 0x14181814,
0x18221914, 0x18181818, 0x18181814, 0x18181818, 0x18141814, 0x26191826, 0x18141814, 0x18141418,
0x26181814, 0x18181819, 0x22181822, 0x19221919, 0x18181819, 0x18181818, 0x18181918, 0x26262619,
0x27181818, 0x26191819, 0x0c0c1814, 0x19181818, 0x18181818, 0x18182618, 0x18261919, 0x19182626,
0x26191926, 0x18141825, 0x18141818, 0x18181818, 0x18181819, 0x26371818, 0x18191918, 0x26261818,
0x18141418, 0x19191919, 0x18141814, 0x14141418, 0x18192619, 0x18191819, 0x18181918, 0x19272637,
0x18261918, 0x19262726, 0x19191818, 0x19272626, 0x18181818, 0x18192619, 0x18181818, 0x18181918,
0x26262619, 0x18181919, 0x26181814, 0x26192626, 0x19271814, 0x19181818, 0x18191919, 0x18181818,
0x140c1426, 0x19191414, 0x140c1418, 0x19191814, 0x14141414, 0x22141414, 0x14141814, 0x19141418,
0x181a1818, 0x1a192618, 0x18181818, 0x26261818, 0x181a1818, 0x18181818, 0x18261818, 0x181a1918,
0x19372619, 0x1826261a, 0x18372726, 0x18181818, 0x18191919, 0x18181818, 0x18191919, 0x18181818,
0x18261a1a, 0x1a26261a, 0x18181a19, 0x19192618, 0x18181918, 0x18181818, 0x18181818, 0x18261918,
0x18181818, 0x18181a18, 0x18181818, 0x1818181a, 0x26181818, 0x1818181a, 0x26261818, 0x18181819,
0x25261a18, 0x25293729, 0x1a1a1a18, 0x1a26261a, 0x1a1a1a18, 0x1a25261a, 0x1a181818, 0x251a1a1a,
0x18171a18, 0x1a1a1a1a, 0x1a181a18, 0x261a1a1a, 0x18181818, 0x1a1a1a1a, 0x181a1a1a, 0x26261a1a,
0x1a26251a, 0x26262925, 0x26361a1a, 0x1a1a1a25, 0x1a1a1a1a, 0x2926251a, 0x291a2625, 0x1a251a25,
0x37372925, 0x2526261a, 0x37292636, 0x26252626, 0x29261a25, 0x26263729, 0x29362536, 0x26292929,
0x37292936, 0x1a261a3a, 0x1a1a1a1a, 0x3a3a2629, 0x1a1a1a1a, 0x29291a1a, 0x2625261a, 0x261a1a26,
0x1a1a3726, 0x291a261a, 0x1a1a2629, 0x29251a1a, 0x26292625, 0x26262626, 0x29292626, 0x26262626,
0x37373729, 0x293a2929, 0x29363729, 0x37515037, 0x29363726, 0x3a543729, 0x29362925, 0x51372937,
0x37373629, 0x3a293754, 0x51292929, 0x29293755, 0x373a3726, 0x29262937, 0x263a3626, 0x29262526,
0x29292929, 0x29373a37, 0x29262629, 0x37373726, 0x29292937, 0x29292937, 0x373a503a, 0x26293751,
0x37373a3a, 0x3a373737, 0x26292626, 0x3a372929, 0x29292629, 0x29292929, 0x29293729, 0x29292929,
0x37293729, 0x54545137, 0x37293a54, 0x54543a51, 0x37373a37, 0x3a515451, 0x37373729, 0x51373737,
0x3737513a, 0x5137373a, 0x37293737, 0x5451373a, 0x29292626, 0x513a3a51, 0x27292929, 0x29292926,
0x3a515454, 0x37383837, 0x37375151, 0x38383737, 0x37373737, 0x51513838, 0x51383737, 0x51373738,
0x37373851, 0x51383837, 0x3737373a, 0x38383837, 0x37373737, 0x38373737, 0x37373729, 0x38373737,
0x38373737, 0x3a383838, 0x38372937, 0x51515353, 0x38383737, 0x383a3a3a, 0x38385351, 0x51535138,
0x51385453, 0x53545351, 0x513a5351, 0x54545451, 0x543a513a, 0x54545151, 0x38373838, 0x5154543a,
0x51515453, 0x37373a51, 0x51375151, 0x37373851, 0x51515151, 0x37373751, 0x37515138, 0x37373737,
0x37385151, 0x29373737, 0x37373a54, 0x37373838, 0x38373a54, 0x37373737, 0x51515154, 0x26373851,
0x37373737, 0x51373737, 0x37373737, 0x3a373637, 0x37373726, 0x3a373a37, 0x37373737, 0x3a373637,
0x373a3737, 0x36373636, 0x37373737, 0x29293636, 0x29373737, 0x51372937, 0x26262926, 0x51372929,
0x3a503a3a, 0x8d553a29, 0x363a543a, 0x8d55503a, 0x293a5454, 0x8d8d5550, 0x3a29363a, 0x558d8d55,
0x54513a29, 0x55545054, 0x3a545437, 0x5554503a, 0x543a3751, 0x50505455, 0x56513637, 0x3a3a5054,
0x8e8e8d8d, 0x8d8d8d8e, 0x8d8e8d8d, 0x8d55548d, 0x558d5555, 0x8d8d5555, 0x55555550, 0x8d8d8d8d,
0x8d555555, 0x8d8d8d8d, 0x55545054, 0x8d8d5554, 0x54503a50, 0x55555550, 0x5550293a, 0x54545454,
0x8f8f8f8d, 0x8f8f8f8f, 0x8f8f8f8e, 0x8f8f8f8f, 0x8f8e8d8d, 0x8f8f8f8f, 0x8f8e8d8d, 0x8e8f8f8f,
0x8f8f8d8d, 0x8d8d8f8f, 0x8f8e8d8d, 0x8d8d8e8d, 0x8d8d5555, 0x8d8d8d8d, 0x55555555, 0x558d558d,
0x8f8f8f8f, 0x558d8d8d, 0x8d8f8f8f, 0x5454898d, 0x8d8f8f8f, 0x5054558d, 0x8d8f8f8f, 0x3a54558d,
0x8d8d8f8f, 0x5454558d, 0x8d8d8d8d, 0x5155898d, 0x5555558d, 0x54558955, 0x50545555, 0x54895450,
0x36515454, 0x1a1a1726, 0x29363654, 0x29262626, 0x37365150, 0x25252626, 0x29293736, 0x26365137,
0x29363650, 0x36545129, 0x51515151, 0x37513751, 0x37365054, 0x3a51513a, 0x5037363a, 0x50263637,
0x37513a29, 0x19181826, 0x3a513629, 0x22262637, 0x373a3a29, 0x26263637, 0x37292626, 0x2626373a,
0x37292629, 0x26293751, 0x37291a26, 0x37373751, 0x37291826, 0x37373751, 0x26252237, 0x26375151,
0x14141415, 0x26181818, 0x14141414, 0x25181714, 0x19181418, 0x1a252618, 0x18181927, 0x51515126,
0x18262629, 0x54503726, 0x26313751, 0x50361818, 0x18263751, 0x18171718, 0x14141926, 0x17140c14,
0x14262726, 0x14140c0c, 0x2737261a, 0x0c0c1419, 0x5151361a, 0x22262751, 0x54545450, 0x51515454,
0x54545554, 0x51545454, 0x55555554, 0x54545454, 0x54545436, 0x54545454, 0x36503a29, 0x5455543a,
0x090b1414, 0x0404040b, 0x04090b0b, 0x0904090b, 0x0b0b0b14, 0x0b0b0904, 0x0b0b1537, 0x14140b0b,
0x14153751, 0x14141414, 0x22265154, 0x150c1414, 0x22263651, 0x140b1414, 0x22265154, 0x120b1414,
0x04040404, 0x04040404, 0x04040909, 0x04040404, 0x04040909, 0x04040404, 0x04040909, 0x04040404,
0x0409090b, 0x04040409, 0x0909090b, 0x04040909, 0x09090912, 0x04090909, 0x09090b12, 0x09111209,
0x04040404, 0x0a090909, 0x04040404, 0x09090909, 0x04040404, 0x09090404, 0x04040404, 0x09090904,
0x04040404, 0x09090904, 0x04040404, 0x09090904, 0x09090909, 0x090a0b0b, 0x09090909, 0x090b0a09,
0x090a0a13, 0x04040409, 0x090a0a09, 0x04040404, 0x040a0a0a, 0x04040404, 0x080a1313, 0x09040404,
0x090a0a0a, 0x09040404, 0x04090a09, 0x04040404, 0x090a0a09, 0x04040404, 0x10100a09, 0x09040404,
0x0a0a0a09, 0x08080808, 0x08100a09, 0x04040810, 0x080a0a09, 0x04080820, 0x08130a09, 0x04040908,
0x0a131008, 0x04040409, 0x090a0a09, 0x04040404, 0x04090909, 0x04040404, 0x04040909, 0x04040404,
0x04080808, 0x202e1004, 0x08080804, 0x2f212e10, 0x08080804, 0x1e1e2e20, 0x10080404, 0x0810201f,
0x20080404, 0x0e0e101f, 0x10080804, 0x100e0808, 0x08100804, 0x0e080e08, 0x08101009, 0x10080808,
0x2e2e1e1e, 0x3e1e2b1e, 0x421e1e2f, 0x3f3e3e43, 0x421c1e20, 0x67454545, 0x1e0e1c10, 0x6745423e,
0x420e1e1e, 0x6f454544, 0x421e1e1e, 0x726f4545, 0x45422d0e, 0x736f6f67, 0x6f42421e, 0x73727170,
0x62624444, 0x62626162, 0x62686244, 0x62626767, 0x68676262, 0x62626267, 0x62616268, 0x61626261,
0x61446772, 0x61616162, 0x61677273, 0x67676767, 0x6a727374, 0x6267676a, 0x72727373, 0x6167676a,
0x44613f61, 0x5c5c3f3f, 0x62626261, 0x3f3f5c61, 0x61616262, 0x5c5c6161, 0x62626262, 0x62626262,
0x62626262, 0x62626267, 0x62626267, 0x62626267, 0x62626262, 0x62626262, 0x61616161, 0x62626262,
0x5c5c6262, 0x5c5c5c5c, 0x6161625c, 0x5c5c6262, 0x5c5c625c, 0x5c615c5c, 0x5c5c6262, 0x62625c3f,
0x3f5c6262, 0x6162615c, 0x5c626262, 0x3f5c625c, 0x62626262, 0x5c5c6162, 0x5c3f5c5c, 0x6262615c,
0x61626464, 0x62696261, 0x62626462, 0x61616262, 0x61616462, 0x62616162, 0x62616161, 0x61616162,
0x6261615c, 0x5c5c5c61, 0x5c62615c, 0x3f5c5c5c, 0x615c3f5c, 0x5c5c3f5c, 0x61615c61, 0x61625c3f,
0x61616164, 0x3f5c5c5c, 0x61616161, 0x5c3f3f5c, 0x615c6161, 0x5c5c6161, 0x615c5c5c, 0x5c616161,
0x61615c3f, 0x5c5c6161, 0x61615c3f, 0x61616161, 0x6161615c, 0x61616161, 0x6161615c, 0x61616161,
0x3f3f3f3f, 0x61613f3f, 0x61616161, 0x61613f3f, 0x6161615c, 0x5c615c5c, 0x6161613f, 0x3f5c5c61,
0x61616161, 0x61616161, 0x61616161, 0x61616161, 0x61616162, 0x61616161, 0x61616264, 0x61616161,
0x3f616161, 0x613f3f3f, 0x61616161, 0x3f446161, 0x61616161, 0x61616161, 0x6161615c, 0x67676161,
0x3f61613f, 0x67616161, 0x61616161, 0x3f3f3f61, 0x61616161, 0x3f3e3f61, 0x3f3f3f3f, 0x673f3f44,
0x73736f67, 0x73737373, 0x6f6f6767, 0x73737373, 0x6f6f6f67, 0x73737373, 0x6f6f6f6f, 0x7373736f,
0x6f6f6f67, 0x6f6f6f6f, 0x6f6f6f67, 0x6f6f6f6f, 0x6f6f6f67, 0x6f6f6f6f, 0x6f6f6f6f, 0x6f6f6f6f,
0x81817373, 0xb0837c81, 0x6f737373, 0xbe8b8181, 0x6f6f7381, 0xc18a8381, 0x6f6f7373, 0xbeb08381,
0x81817373, 0xbeb08381, 0x82816f6f, 0xbeb08a83, 0x84816f6f, 0xbebeb083, 0x8181736f, 0xbebeb083,
0xc1bec1c1, 0xbebebec2, 0xbebec1be, 0xbec0bebe, 0xc1c1bebe, 0xc0c2c1be, 0xc2c2c1be, 0xc0c2c1be,
0xc0bebebe, 0xbebebebe, 0xc2c0bebe, 0xbebec0c0, 0xc2bec1be, 0xc0c0c2c2, 0xbebec1c1, 0xc2c0bebe,
0x8a8abebe, 0xc0bebe8a, 0xbebebebd, 0x8a8abebe, 0xc0c0bebe, 0x8a8ac0c0, 0xc0c0c0be, 0xbebec0be,
0xbebd8abe, 0xbdbec0c0, 0xbebebebe, 0xc0c0bebe, 0xbdbec0c0, 0xc0be8a8a, 0xbebec0c2, 0xc0bebd8a,
0xc0c0c0c0, 0xc0c0c0c0, 0xc0bfbd8a, 0xc0c0c0c0, 0xc0c0bebd, 0xbfc0bfbf, 0xc0c0c0bd, 0xbfbfbfc0,
0xbfbdbdbd, 0xbfc0bfbf, 0xbfbdbdc0, 0xbfc0bfbf, 0xc0c0c0c0, 0xbfbfbfc0, 0xc0c0bdbd, 0xbfbfc0bf,
0xa0a1acb6, 0xb5a4a4a0, 0xb5b5b6d6, 0xb6b5a5b5, 0xb5b6c9d6, 0xb6b6b2b2, 0xb6b6c9d8, 0xd6c9b6b6,
0xc9d6d6db, 0xd6d6c9c9, 0xd6d8d6db, 0xc9c9c9c9, 0xd6d8dbdb, 0xc9c9c9d6, 0xd8d8dbde, 0xd6c9c9d6,
0xb9b5b5b5, 0xb8b8b8b9, 0xb5b5b9b6, 0xb8b8b8b9, 0xb9b9d7d6, 0xb8acb8b9, 0xd6b6d7d7, 0xacacb8b9,
0xd6b6d6d6, 0xb5b5b5b5, 0xb6b5b6d6, 0xb5b5a5a5, 0xc9b2b6d6, 0xa5b2a4b6, 0xd6b6c9d6, 0xb2b2b5d6,
0xadadacac, 0xacacb8ad, 0xadadacad, 0x9d9daaac, 0xacacacb8, 0xa1a0a0ad, 0xacacb8ac, 0xaaaaacac,
0xacb5b5b5, 0xa0a0acac, 0xa0a5a5b5, 0xa1a0a1a0, 0xa5a4b2a5, 0xa1a178a0, 0xb5b5b5b5, 0xa1a5a1a5,
0xa1a0aaaa, 0x9da19daa, 0x6d6da09d, 0x6d6d6d6d, 0x9daa9d9d, 0x6e6d6d6d, 0xa19d9da1, 0x9da1a1a1,
0xa0acaaa0, 0x9d9d9da0, 0x9da09d9d, 0x78789d9d, 0x9d7778a0, 0x6d6e9daa, 0xa09da0a1, 0x9d6d9da0,
0xa19d9d9d, 0x9d78789d, 0x66786e6d, 0x78636363, 0x6d6d6363, 0x63636b63, 0x9d9da19d, 0x9d789d9d,
0x9d9da19d, 0x786d7878, 0x789d786e, 0x789d6d78, 0x78786d9d, 0x6d9d7878, 0x786e6d9d, 0x6d786d78,
0x78a178a1, 0x63636b78, 0x789d9da1, 0x48484863, 0x786d636d, 0x41416348, 0x78636b78, 0x6b63636d,
0x786e789d, 0x636b7979, 0x6e786b6d, 0x786b6e78, 0x6d6b786e, 0x786b6b6b, 0x7978786b, 0x786b6e78,
0x41476b78, 0x6b6b6d6e, 0x4148486b, 0x6b786d6b, 0x41474747, 0x78786341, 0x48484848, 0x6d6d6b41,
0x47486b48, 0x786d6b41, 0x636363a1, 0x6d6d786e, 0x636b78a1, 0x6d6d786b, 0x636e786d, 0x6d78786b,
0x486b6b6b, 0x2c2c486b, 0x6b6b7563, 0x40407578, 0x6b6b786b, 0x476b786b, 0x78786b6d, 0x4748786b,
0x78a06b78, 0x6b6b776b, 0x6d786d78, 0x7878a178, 0x789d6b6d, 0x6b6b786b, 0x9d786d6d, 0x6d6b6d6d,
0x40474763, 0x6b6b4763, 0x636b4163, 0x41776363, 0x6347636b, 0x636b6d6d, 0x6b63636b, 0x636b6d78,
0x63474778, 0x476b776b, 0x6b6b6b6d, 0x6d6b6d6b, 0x6b6d786b, 0x6b636b6b, 0x6d6d776b, 0x4147636d,
0x63636b6b, 0xa799635e, 0x63414740, 0x9c666363, 0x41416341, 0x99996663, 0x41416347, 0x99996641,
0x63634741, 0x99996d63, 0x6d636363, 0x996d6d66, 0x6b63636b, 0x666d6d63, 0x6b6b6347, 0x996d9c66,
0x989899a6, 0x99999c99, 0x98989ca7, 0x99999999, 0x9966999c, 0x9c999898, 0x9966996c, 0x99999899,
0x66999999, 0x99999866, 0x6c669999, 0xa6989999, 0x6d99996d, 0x99996699, 0x9999996d, 0x99999999,
0x95959599, 0x98999895, 0x95999899, 0x98999898, 0x989c99a6, 0x98669899, 0xa6a79999, 0x99999999,
0x999c9999, 0x98999999, 0xa6999999, 0xa6a6a699, 0x99999999, 0x9ca6a6a6, 0x99999999, 0xa69c999c,
0x98666699, 0x66669898, 0x6699a6a6, 0x98959895, 0x989ca699, 0x98989999, 0x9899a699, 0x95959899,
0x99999999, 0x66669866, 0x98989999, 0x66999998, 0x9c989ca6, 0x9966989c, 0x99999c9c, 0x6c999c99,
0x98986698, 0xa6999898, 0x66959895, 0x98989866, 0x95669595, 0x66669898, 0x66989898, 0x66666666,
0x98666695, 0x98666699, 0x6c666666, 0x66669899, 0x6c6c666c, 0x6c666c6c, 0x6666666c, 0x66666666,
0xa6a69898, 0x989c9ca6, 0xa69c9c99, 0x9c9ca6a6, 0x9c9c9c98, 0x6698a6a6, 0x99989898, 0x9c9c989c,
0x9c989899, 0x636c989c, 0x9c98986c, 0x656c9c9c, 0x986c6c98, 0x6c746c6c, 0x986c6c6c, 0x6b656565,
0x989ca69c, 0x656c6c6c, 0x986c6c98, 0x65656566, 0x6c66666c, 0x6565656c, 0x6c6c5e6c, 0x656b656c,
0x41414165, 0x6b6c746c, 0x5d5d4147, 0x74746b65, 0x5d474747, 0x6b6b6847, 0x65476b6b, 0x68656547,
0x746b6b65, 0x2d436874, 0x74746b47, 0x1e2d7074, 0x6b654765, 0x1f2e7068, 0x43472d5d, 0x1f2e452e,
0x43474747, 0x1f2e2020, 0x2f474768, 0x1f10202e, 0x2e434347, 0x1f1f2020, 0x2e434344, 0x1f202020,
0x13101e2e, 0x13161613, 0x12121010, 0x13161212, 0x120b1013, 0x16121212, 0x16151613, 0x1f161616,
0x1215121f, 0x12121212, 0x12121213, 0x16121215, 0x15121213, 0x12151212, 0x12121213, 0x0b121612,
0x1f1f131f, 0x16121613, 0x16161616, 0x15121316, 0x1216161f, 0x12121612, 0x12131316, 0x12151f12,
0x13121216, 0x1f121212, 0x120b1215, 0x23161212, 0x0b0b1216, 0x16151512, 0x12121212, 0x15121212,
0x32383223, 0x0c0b1414, 0x23231516, 0x140b0b15, 0x1f151623, 0x1414151f, 0x15151515, 0x14141515,
0x151f2324, 0x14151515, 0x1f232324, 0x22150b15, 0x1523231f, 0x14231515, 0x1f242416, 0x1515161f,
0x22141414, 0x14141419, 0x26141414, 0x14141819, 0x18141414, 0x22223119, 0x14141414, 0x19141414,
0x22221414, 0x19181414, 0x14141419, 0x1414140c, 0x14141414, 0x14141414, 0x14191914, 0x14221414,
0x26191814, 0x18182626, 0x18181914, 0x14181818, 0x0c141826, 0x18181914, 0x14141419, 0x18222218,
0x18141422, 0x14181818, 0x22222622, 0x18181922, 0x18192719, 0x18182637, 0x18192714, 0x14141822,
0x18181918, 0x19181818, 0x18181818, 0x26261818, 0x18181818, 0x19261818, 0x18181818, 0x18191818,
0x18181814, 0x18262619, 0x18181818, 0x18191918, 0x18181818, 0x19181818, 0x18181818, 0x27272618,
0x19181819, 0x14181818, 0x18141818, 0x14141819, 0x18181818, 0x14182619, 0x0c0c1826, 0x26181818,
0x18181826, 0x19191918, 0x26191819, 0x19192626, 0x37261818, 0x19191926, 0x38261927, 0x19181826,
0x14141414, 0x19222618, 0x19191814, 0x18181919, 0x38381918, 0x19181937, 0x27191919, 0x27191926,
0x19191919, 0x26272726, 0x19181918, 0x26222619, 0x18181819, 0x19191919, 0x19191919, 0x18191919,
0x19192726, 0x18181a18, 0x29262719, 0x181a1818, 0x26191819, 0x26261826, 0x37192637, 0x261a1826,
0x19191919, 0x1a181818, 0x26192619, 0x191a1918, 0x26192619, 0x19191918, 0x19191919, 0x26261919,
0x3726181a, 0x18181826, 0x26191818, 0x1918181a, 0x18181819, 0x1826191a, 0x18191926, 0x19192618,
0x26262619, 0x26263726, 0x26262626, 0x26262619, 0x261a1926, 0x19261919, 0x51261926, 0x26262626,
0x1a181a18, 0x26251a1a, 0x2619261a, 0x26181818, 0x25263726, 0x18181a1a, 0x19262626, 0x2619261a,
0x37262637, 0x26262626, 0x37373737, 0x26262629, 0x37372618, 0x26262626, 0x26263726, 0x26372626,
0x26292636, 0x2626261a, 0x26373726, 0x1a1a1926, 0x26182626, 0x26252637, 0x26373726, 0x26292729,
0x37372929, 0x29292629, 0x26262626, 0x29292627, 0x26262626, 0x37292626, 0x26262619, 0x37292626,
0x29261a1a, 0x26261a25, 0x26251a26, 0x1a262626, 0x26252526, 0x25502625, 0x37292629, 0x26292626,
0x29293a37, 0x29262626, 0x29293737, 0x29292929, 0x29292937, 0x29293629, 0x29292637, 0x36262929,
0x26262629, 0x29292626, 0x29262626, 0x26262926, 0x29292925, 0x26262926, 0x26262926, 0x29262926,
0x26262636, 0x26262626, 0x37292626, 0x26292929, 0x37372929, 0x29292929, 0x29293a37, 0x37292937,
0x37373729, 0x3a373751, 0x26262626, 0x373a373a, 0x26292626, 0x29372929, 0x29292926, 0x29373729,
0x29292926, 0x26262626, 0x29292926, 0x26262929, 0x29292937, 0x29292929, 0x37512937, 0x29292926,
0x37293737, 0x37293a29, 0x29372929, 0x37375137, 0x26262929, 0x37273737, 0x26262626, 0x38372729,
0x51512926, 0x37373737, 0x38372629, 0x37273837, 0x37372929, 0x37373737, 0x37373737, 0x38372937,
0x37383737, 0x38383737, 0x38373851, 0x373a3837, 0x38383738, 0x37383838, 0x38373853, 0x37373737,
0x38385138, 0x31373838, 0x37373838, 0x37373737, 0x27373737, 0x37373727, 0x27373737, 0x27373727,
0x37373737, 0x3a373737, 0x37373737, 0x37373737, 0x37373737, 0x37373737, 0x37373737, 0x37513737,
0x37373737, 0x51383737, 0x27273738, 0x38373737, 0x27272737, 0x37373737, 0x37273727, 0x37373737,
0x51515154, 0x26373851, 0x3751513a, 0x37293738, 0x37383837, 0x37373737, 0x37373737, 0x37293737,
0x37373738, 0x27373737, 0x3737513a, 0x37383737, 0x37375138, 0x38533837, 0x38383837, 0x38515151,
0x37372926, 0x51372937, 0x29373737, 0x51373737, 0x26293738, 0x51373729, 0x26273737, 0x37372626,
0x27262627, 0x27262726, 0x26262627, 0x26262627, 0x26272737, 0x26262627, 0x31373837, 0x26262626,
0x3a373729, 0x37293637, 0x26262651, 0x29251a26, 0x26262753, 0x2925181a, 0x26262627, 0x26252626,
0x19262627, 0x1a252626, 0x26262626, 0x18182526, 0x26262726, 0x26262626, 0x19262626, 0x37262619,
0x54502529, 0x5555503a, 0x363a2929, 0x55543a29, 0x25363626, 0x50543a36, 0x3a262525, 0x36505450,
0x51262625, 0x2926373a, 0x37373726, 0x26262629, 0x26263737, 0x26192637, 0x37252637, 0x22183751,
0x50555555, 0x55503a50, 0x50555555, 0x543a5050, 0x3a3a3a3a, 0x3a3a3a50, 0x29363629, 0x29252636,
0x25262629, 0x1a18181a, 0x18262526, 0x17171717, 0x18181826, 0x17171717, 0x17181819, 0x17171817,
0x54545055, 0x54555555, 0x503a3a50, 0x55555450, 0x3a3a3a50, 0x55543a3a, 0x36293a54, 0x54543a50,
0x29293a50, 0x54545454, 0x503a361a, 0x50545554, 0x543a1a17, 0x55555550, 0x3a1a1717, 0x89555050,
0x51292950, 0x37373637, 0x26363a54, 0x51373737, 0x29515455, 0x51252937, 0x51555554, 0x54543736,
0x54555454, 0x54543a50, 0x89555055, 0x3a3a3654, 0x89555055, 0x3a293a55, 0x54545455, 0x3a365054,
0x25262537, 0x26375337, 0x37512650, 0x3751543a, 0x51545154, 0x273a5150, 0x54555554, 0x26535150,
0x54555554, 0x2253513a, 0x55555450, 0x19263651, 0x54545050, 0x1522263a, 0x54503a54, 0x22375154,
0x0c141414, 0x0c0c0c0c, 0x0b0b0b19, 0x0c0b0b0b, 0x0b0b0b15, 0x0c0b140b, 0x0b141414, 0x0b0b0b0b,
0x0b0b1414, 0x0b0b0b0b, 0x11110b14, 0x0b0b0b0b, 0x0b0b0b0b, 0x0b110b0b, 0x110b0b14, 0x0b120b0b,
0x51515129, 0x54555436, 0x3737371a, 0x54545025, 0x2622260c, 0x3a503a26, 0x0c0c0c0b, 0x3a292917,
0x0b0b0b09, 0x5451180c, 0x0b0b0b09, 0x5126180c, 0x0b0b0909, 0x22140b0b, 0x0b0b0b0b, 0x140b0b11,
0x37515454, 0x12151414, 0x51545454, 0x12151527, 0x51545454, 0x0b152237, 0x3a515454, 0x12112337,
0x50515154, 0x0b112226, 0x37515154, 0x0b0b1826, 0x31373737, 0x12111926, 0x26262618, 0x0b152222,
0x0b121212, 0x0b12110b, 0x12121212, 0x09110b0b, 0x12120b11, 0x12121212, 0x15120b0b, 0x0b150b11,
0x1f120b09, 0x12151215, 0x12150b0b, 0x12161512, 0x12151f1f, 0x1212120b, 0x12111212, 0x161f110b,
0x0909090b, 0x09090909, 0x0909090b, 0x0909131f, 0x0909090b, 0x09090912, 0x09091212, 0x09090909,
0x090a1212, 0x090b0a09, 0x09090912, 0x12120909, 0x0912120b, 0x12110909, 0x12201312, 0x0b090909,
0x1309090a, 0x09040409, 0x1309120a, 0x04040409, 0x09131209, 0x04040409, 0x09091209, 0x04040409,
0x09091212, 0x0404090a, 0x131f121f, 0x0404090a, 0x13121216, 0x04090910, 0x301f0b09, 0x04090a1f,
0x04040909, 0x04040404, 0x04040404, 0x09040404, 0x04040404, 0x09040404, 0x09040909, 0x09040409,
0x04040404, 0x09040404, 0x04040404, 0x10100904, 0x09090404, 0x1f101009, 0x09040404, 0x10122e09,
0x08101009, 0x42100808, 0x08081008, 0x441e1008, 0x10101008, 0x6f45452e, 0x10101010, 0x6f6f4542,
0x2e101008, 0x6f6f4a45, 0x45421e10, 0x6f736f45, 0x6f454242, 0x6f736f4a, 0x6f4a4242, 0x6f6f736f,
0x6f6f4242, 0x73737373, 0x736f6f45, 0x73737373, 0x736f6f6f, 0x73716f71, 0x71716f6f, 0x73717173,
0x7373716f, 0x72727373, 0x7373716f, 0x6f6f7373, 0x73716f45, 0x73737373, 0x73716f6f, 0x73737373,
0x72747473, 0x61626267, 0x67727373, 0x62616162, 0x61677273, 0x62616262, 0x67727273, 0x67676767,
0x67737372, 0x67696a67, 0x72737271, 0x67676769, 0x73737373, 0x69726972, 0x73737474, 0x72727273,
0x62613f61, 0x62616161, 0x62613f61, 0x5c5c3f3f, 0x61626262, 0x5c3f5c3f, 0x62676967, 0x62626262,
0x69676969, 0x69626262, 0x696a6a69, 0x6a696762, 0x696a6a6a, 0x69676969, 0x6a6a7272, 0x62626969,
0x5c5c6162, 0x615c3f5c, 0x62626261, 0x615c5c62, 0x62615c61, 0x61615c61, 0x62616162, 0x61626161,
0x61616162, 0x61626261, 0x6269646a, 0x615c5c61, 0x6a6a696a, 0x5c5c6162, 0x6a6a6a62, 0x6464696a,
0x61626262, 0x61623f3d, 0x62616162, 0x61615c62, 0x3f615c5c, 0x61616161, 0x5c5c5c5c, 0x615c5c61,
0x5c626261, 0x613f5c5c, 0x61616161, 0x61616262, 0x615c5c61, 0x62696462, 0x5c616162, 0x69696962,
0x615c5c61, 0x61616161, 0x61616161, 0x61616161, 0x62616161, 0x61616161, 0x625c3f5c, 0x61616162,
0x62616161, 0x61626161, 0x615c6161, 0x61616161, 0x5c5c5c61, 0x5c616161, 0x5c3f5c62, 0x61613f5c,
0x61616262, 0x5c616161, 0x61626162, 0x5c616161, 0x61616162, 0x3f3f5c61, 0x61613f61, 0x3f3f3f3f,
0x613f3c3f, 0x613f3f61, 0x613f3f3f, 0x613f3f61, 0x443f3f3f, 0x6161613f, 0x3f3f3f3f, 0x6161613f,
0x3f3f3f3f, 0x673f3f3f, 0x44443f61, 0x673f3e3f, 0x3f443f3f, 0x67673f3f, 0x44443f3f, 0x6f674444,
0x3f3f3f3f, 0x6f6f613e, 0x3f446161, 0x6f6f613f, 0x44616161, 0x6f6f6744, 0x44444461, 0x6f6f6f45,
0x6f6f6f45, 0x736f6f6f, 0x6f4a6f6f, 0x81736f6f, 0x6f6f6f6f, 0x81736f6f, 0x736f6f6f, 0x736f8173,
0x82736f6f, 0x81818182, 0x8282736f, 0x81828181, 0x8282736f, 0x81818182, 0x8181736f, 0x81818282,
0x7d818173, 0xbec1b083, 0x7d818181, 0xbebeb083, 0x7d818181, 0xbebeb08b, 0x83818173, 0xbe8b8bb0,
0x83818181, 0xbe8a8a8b, 0x83816f81, 0x8a8a8bb0, 0x83818181, 0xbeb0b0b0, 0x8a838181, 0xbebeb0b0,
0xbebec1be, 0xc2c0bebe, 0xbebec1be, 0xc0c0c0c0, 0xc1bebebe, 0xbebebebe, 0xbec1bebe, 0xbebebebe,
0xbebebebe, 0xbebec2be, 0xbebebebe, 0xbebebebe, 0xbebebebe, 0xbebebebe, 0xbebebebe, 0xbebebebe,
0xc0c0c0c2, 0xbdc0c0c0, 0xbec0c0c0, 0xbdc0c0c0, 0xc0c0bebe, 0xbdbdc0c0, 0xc0c0c0be, 0x8a8ac0c0,
0xc0c0c0be, 0xbdbdc0c0, 0xc0bec0be, 0xbdbdbec0, 0xbdbec0be, 0xc0bdbdbd, 0xc0c0c0be, 0xbd8a8a8a,
0xbfc0bdbd, 0xbfbfbfbf, 0xbfbfbdc0, 0xbdbfbfbf, 0xbfbdbdbd, 0xbfbfbfbf, 0xbfbfbdbd, 0xbf8abfbf,
0xbfbfbfbd, 0xbfbfbfbf, 0xbfbfbdbd, 0xbfbfbfbf, 0xbfc0bdbd, 0xbfbfbfbf, 0xbfbfbdbf, 0x8abfbfbf,
0xd8d8dbde, 0xd6d6d6d8, 0xdbdbdbde, 0xd8d8d6db, 0xdbdbdbde, 0xd8d6d8db, 0xdbdbdbde, 0xd8d8d8db,
0xdbdbdbde, 0xdbd8dbdb, 0xdbdedede, 0xdbdbdbdb, 0xdedbdbde, 0xdbdbdbde, 0xdededede, 0xdbdbdbde,
0xd6c9d6d8, 0xb6b5b6d6, 0xd6d6d8d8, 0xb6b6d6d6, 0xc9d6d8d8, 0xb6d6d6d6, 0xc9d6d6d8, 0xb6b6d6d6,
0xd6d6d8db, 0xb6b6d6c9, 0xd8d8dbd8, 0xc9b6d6d8, 0xd8dbd8d8, 0xd6d6d6d8, 0xd6d8dbdb, 0xd6d6d8d8,
0xb5b6b5b6, 0xa0a1acb5, 0xb5b6b5b9, 0x7aa5b5b5, 0xb5b6b6b5, 0xa1acb5b5, 0xb5b6b6b6, 0xacacb5a5,
0xb5b6b6b6, 0x77a0a4a5, 0xb9d6c9c9, 0xacb5a5b5, 0xb6d6d6d6, 0xb5b9b5b5, 0xb6d6c9d6, 0xb9b6b5b5,
0xa0aaa09d, 0x9da1a09d, 0xaaaa9d77, 0x9da0aaaa, 0xaca0a0a0, 0x9daaacad, 0xaaa0b8b8, 0x78aaaaaa,
0xacaaacac, 0xaab8aca9, 0xacacb8a0, 0xaca0a0ac, 0xadadadb8, 0xa0a0aaad, 0xadadb8b8, 0xacacaab8,
0x9d6d6d9d, 0x786d7878, 0x786d6d78, 0x6e6e7878, 0x6d636678, 0x6d63636d, 0x6e6d6d78, 0x786d6b6b,
0x9d9d9daa, 0x786b6d9d, 0xa1aaacaa, 0x6d786d6e, 0xaaaaaaaa, 0x786d6e9d, 0xaaacaaac, 0xa19d9da1,
0x78786d6e, 0x78786e78, 0x786e6e6b, 0x6b786e6e, 0x6e787963, 0x6d78786e, 0x6378786e, 0x6ea1a163,
0x789da19d, 0x789d786b, 0x786d6b6b, 0x41636ea1, 0x6d63789d, 0x476b6b6b, 0x786d789d, 0x6d786e6d,
0x78a1a16d, 0x789da16d, 0x78789d6d, 0x78789d78, 0x7878786d, 0xa16d7878, 0x636e7878, 0xa1636363,
0x6d6e789d, 0x78636d6d, 0x6378786e, 0x6d786e6e, 0x6e6b6341, 0x78786363, 0xa1a17863, 0x6b63636e,
0x787878a1, 0x77787878, 0xa178789d, 0x6d789d9d, 0x786d6d78, 0x789d9d78, 0x6d787878, 0x78786d6d,
0x789d786b, 0x78787878, 0x6d6d6b63, 0xa06d6d6d, 0x6d6b6d63, 0x786b6b6d, 0x6d6b6b6b, 0x6d6d786d,
0x6d6d6b78, 0x636b636b, 0x6d786d78, 0x6b63636b, 0x78786d78, 0x63414178, 0x779d776d, 0x6d63636b,
0x789d9d78, 0x63636d78, 0x779d9d9d, 0x6b636b9d, 0x7777789d, 0x6b636b6d, 0xa09d7877, 0x6b6b6b6d,
0x63636b6d, 0x6d6d9c6d, 0x6b776d6d, 0x6d6da76d, 0x9c776d63, 0x6d9c9d9c, 0x6d63636b, 0x9c999ca9,
0x6d63636d, 0x6d999c9c, 0x66636363, 0x6d9c9c6d, 0x6d636363, 0x666d9c6d, 0x9d6d6d6b, 0x63636d9c,
0x66666d6d, 0x99999866, 0x66666d66, 0x99999966, 0x66666d6d, 0x99666663, 0x6d666d6d, 0x99666666,
0x66666d6d, 0x996d6d66, 0x636d6d6d, 0x6d999966, 0x6d6d6d66, 0x6d999c6d, 0x6d6d6d6d, 0x6d999c6d,
0x98999899, 0x9c9c9998, 0x98666699, 0xa6999998, 0x98669999, 0x99989999, 0x6666999c, 0x9c986666,
0x6666999c, 0x9c986698, 0x666d9999, 0x9898666c, 0x6d6d6d6d, 0x99989c66, 0x6c6d666d, 0x6c6c6c6c,
0x9999999c, 0x66999c99, 0x9c999ca6, 0x66996c99, 0x999ca69c, 0x6d9c999c, 0x999c9c9c, 0x6d9c6c9c,
0x99999c99, 0x6d9c999c, 0x9c9c9999, 0x9c9c9c99, 0x99999999, 0x9c6d6d6c, 0x99996c6c, 0x9c6d6c99,
0x63636666, 0x6c66655e, 0x63666666, 0x66655e5e, 0x6363636c, 0x636c6363, 0x63636c6d, 0x6b6c6c63,
0x636c7766, 0x636c6363, 0x636c6c6c, 0x636b5e63, 0x636c6b6c, 0x6b6b6363, 0x636b6b6c, 0x63636363,
0x6c6c666c, 0x6b6b6c6c, 0x746c6c6c, 0x476b7777, 0x6c636563, 0x40476c6c, 0x6565656d, 0x2d2d6565,
0x65654763, 0x2d404768, 0x47476b6b, 0x4046476b, 0x4747476b, 0x47474747, 0x40474747, 0x2d474747,
0x47476b6b, 0x47432d47, 0x47474047, 0x43434343, 0x46462d2d, 0x43434343, 0x472d2d40, 0x43434747,
0x47474740, 0x43434744, 0x43472d2d, 0x432e4343, 0x432d2d46, 0x43432f43, 0x472d4346, 0x43432e43,
0x2e2d4347, 0x1f202e20, 0x2f2f4343, 0x202e202e, 0x2e2f4343, 0x13202021, 0x212e4343, 0x13202e21,
0x2e2e2e1e, 0x1320352e, 0x2e432e43, 0x1f202e2e, 0x2e2e2e43, 0x1f13202e, 0x2e2e2e2e, 0x13202020,
0x0b121f20, 0x0b121212, 0x0b12131f, 0x0b0b1212, 0x0b12121f, 0x0b121212, 0x12121213, 0x0b12120b,
0x12161213, 0x0b0b0b0b, 0x1215161f, 0x12121212, 0x12161313, 0x0b121516, 0x16161313, 0x0b0b1216,
0x1212120b, 0x15121215, 0x120b0b0b, 0x12121215, 0x12150b0b, 0x120b1212, 0x0b0b0b0b, 0x150b0b0b,
0x1512120b, 0x15150b15, 0x12121512, 0x1516150b, 0x12120b0b, 0x15151f15, 0x1f121216, 0x15151515,
0x15151515, 0x23151523, 0x231f1515, 0x23151515, 0x16161515, 0x15151515, 0x16162323, 0x161f2315,
0x15151523, 0x23231615, 0x0b0b1515, 0x32322315, 0x15151512, 0x23231523, 0x15151512, 0x16161623,
0x22151523, 0x19191414, 0x14192323, 0x19141414, 0x14151515, 0x14221414, 0x15151616, 0x14141515,
0x23241616, 0x14141515, 0x32321623, 0x14151515, 0x15151515, 0x14151616, 0x16161515, 0x15151515,
0x14181419, 0x18191818, 0x18181419, 0x18191819, 0x27221414, 0x14141819, 0x14141414, 0x14141414,
0x14141914, 0x26191818, 0x14141922, 0x26181414, 0x19271919, 0x19191814, 0x19191919, 0x19181819,
0x18140c18, 0x18262718, 0x18182619, 0x18191919, 0x18192719, 0x19191819, 0x19191919, 0x19191919,
0x18191926, 0x19181818, 0x22191819, 0x18191918, 0x19191919, 0x22191919, 0x19191819, 0x27271919,
0x19181818, 0x19191919, 0x19181818, 0x19221919, 0x19181819, 0x26221919, 0x19181819, 0x19221919,
0x18191919, 0x19191919, 0x19191918, 0x19191918, 0x22221818, 0x19191919, 0x19181819, 0x19192219,
0x26221926, 0x19191819, 0x19191919, 0x27261919, 0x18182627, 0x26191919, 0x18191919, 0x19181919,
0x19181918, 0x19192619, 0x22191919, 0x19262619, 0x19192226, 0x19221919, 0x19261919, 0x19221919,
0x27192619, 0x19191929, 0x26191919, 0x19262626, 0x26191919, 0x26263726, 0x26261919, 0x19192626,
0x26262619, 0x26272626, 0x26192619, 0x26262626, 0x19191919, 0x27271926, 0x19192619, 0x37262619,
0x37292618, 0x26262626, 0x26261919, 0x26262619, 0x19262619, 0x26262619, 0x26261919, 0x26262626,
0x26272619, 0x26262626, 0x26262626, 0x26265137, 0x27272626, 0x26263738, 0x26262726, 0x19192627,
0x26262626, 0x26262626, 0x26262626, 0x26262626, 0x26262626, 0x26262627, 0x26262626, 0x29372929,
0x26262937, 0x29272637, 0x26262937, 0x29262627, 0x26261919, 0x26262926, 0x27262626, 0x26262627,
0x19262626, 0x3a292926, 0x26293829, 0x37293737, 0x37262626, 0x29292937, 0x26191926, 0x29293726,
0x26372729, 0x37372926, 0x29372929, 0x3a375137, 0x37292929, 0x37373729, 0x38272626, 0x37373727,
0x2929263a, 0x3a292929, 0x3a292937, 0x36363a3a, 0x26262926, 0x29293737, 0x29292626, 0x26262937,
0x29292929, 0x26292929, 0x37372937, 0x26262629, 0x26372929, 0x26292926, 0x26372937, 0x26292929,
0x29262637, 0x29373737, 0x29292626, 0x29373737, 0x29293729, 0x29293729, 0x37292929, 0x37373737,
0x37372929, 0x543a3737, 0x29292926, 0x37293729, 0x26262929, 0x37372929, 0x26262629, 0x37292926,
0x26372626, 0x29262629, 0x2629373a, 0x26293737, 0x2937373a, 0x29373737, 0x37373737, 0x29373729,
0x51373737, 0x29292929, 0x513a3737, 0x3729293a, 0x51373737, 0x2929373a, 0x37513737, 0x29293737,
0x37292929, 0x37373737, 0x37262926, 0x37373737, 0x27262929, 0x37373737, 0x26262929, 0x37372727,
0x26262929, 0x37373726, 0x27262937, 0x37373729, 0x37372929, 0x37373737, 0x543a3737, 0x37373851,
0x29373737, 0x27373737, 0x37373737, 0x37373737, 0x37373737, 0x37373737, 0x38373737, 0x37373738,
0x37383837, 0x37373737, 0x373a3737, 0x37383737, 0x37373837, 0x37373737, 0x29373737, 0x37373729,
0x37273727, 0x37373837, 0x37373737, 0x37373737, 0x38372737, 0x37373737, 0x51372737, 0x37373737,
0x37373737, 0x37373729, 0x37373737, 0x37373737, 0x37373737, 0x37373737, 0x37373737, 0x37373737,
0x38383737, 0x37373737, 0x27372637, 0x37273737, 0x38373737, 0x27373737, 0x37373737, 0x26373727,
0x37373737, 0x27373737, 0x38383837, 0x37383737, 0x37373837, 0x37373737, 0x38383837, 0x37373737,
0x27313737, 0x26272626, 0x27272637, 0x26272626, 0x27272627, 0x27272727, 0x27272731, 0x27373727,
0x26262727, 0x27313127, 0x27273727, 0x27383731, 0x38313138, 0x26372731, 0x4b383137, 0x27373838,
0x26262627, 0x26262626, 0x38372727, 0x26222631, 0x38312727, 0x26222631, 0x26272727, 0x27272626,
0x22262731, 0x26272726, 0x26262727, 0x26272727, 0x22262626, 0x27312726, 0x19222627, 0x27221819,
0x51372525, 0x22222753, 0x37372627, 0x18192638, 0x26222626, 0x18182226, 0x22272727, 0x18221919,
0x19222722, 0x22222619, 0x22222222, 0x18222727, 0x19222227, 0x18181822, 0x18192227, 0x18221919,
0x18181818, 0x17181818, 0x18262718, 0x18181718, 0x18262618, 0x18181818, 0x22182218, 0x25261818,
0x18181818, 0x26261818, 0x17182218, 0x17181814, 0x22181822, 0x17222218, 0x22181822, 0x17222222,
0x1a1a1717, 0x54503a3a, 0x1a1a261a, 0x3a3a3625, 0x181a2626, 0x3a3a2925, 0x18182522, 0x543a3726,
0x17181818, 0x3a251a17, 0x18181818, 0x29291a17, 0x18181717, 0x2925261a, 0x18181817, 0x3a251a18,
0x55555455, 0x54545589, 0x55545555, 0x55898d8d, 0x55545050, 0x55558d8d, 0x50555555, 0x55898d89,
0x50545454, 0x558d8d50, 0x50503a29, 0x898d8950, 0x503a2929, 0x8d895554, 0x3a502951, 0x8954503a,
0x543a5054, 0x27535454, 0x54505455, 0x31545454, 0x54558989, 0x53545454, 0x54548955, 0x51545454,
0x54555555, 0x51545455, 0x54555555, 0x51545454, 0x54545455, 0x54545554, 0x54545455, 0x54545555,
0x1f221515, 0x12111115, 0x23222322, 0x1112151f, 0x151f2737, 0x11121515, 0x0b153151, 0x15151512,
0x0b153750, 0x1f151212, 0x11223851, 0x1f151211, 0x15235151, 0x49231111, 0x0b224b53, 0x23231111,
0x11120b0b, 0x14111215, 0x12150b0b, 0x0b0b1112, 0x12151212, 0x090b1212, 0x12120b12, 0x110b1212,
0x15120b0b, 0x11111512, 0x15151212, 0x12121215, 0x1512151f, 0x12121212, 0x1f151215, 0x09121515,
0x1f152722, 0x11151515, 0x15110b11, 0x11121515, 0x0b0b0b0b, 0x11120b0b, 0x0b121212, 0x090b090b,
0x09120909, 0x120b0b11, 0x09090909, 0x11111109, 0x09090909, 0x110b1109, 0x09090909, 0x1f121212,
0x0b150b09, 0x1112120b, 0x090b090b, 0x090b1209, 0x09090909, 0x090b0b09, 0x09090909, 0x09090909,
0x09091112, 0x0a110909, 0x09091211, 0x0915160b, 0x12111f12, 0x09121212, 0x1209121f, 0x09090912,
0x12120909, 0x12111212, 0x09090909, 0x0b121f12, 0x13090909, 0x09091f1f, 0x120a0909, 0x09090909,
0x09090909, 0x091f1f12, 0x09090909, 0x09120909, 0x09090909, 0x12120909, 0x13120909, 0x12120913,
0x23230b11, 0x0909101f, 0x23230b09, 0x09091f1f, 0x23150b09, 0x09102030, 0x32150909, 0x09101223,
0x22230b09, 0x09091223, 0x1f1f1112, 0x0909101f, 0x0b110912, 0x09100909, 0x09090909, 0x09091012,
0x09090904, 0x421f1f08, 0x10090909, 0x42421f1f, 0x35100909, 0x6f454245, 0x42100909, 0x6f4a424a,
0x1f090909, 0x6f4a422e, 0x10090909, 0x6f42421f, 0x2e100909, 0x456f4242, 0x2e100909, 0x6f6f4249,
0x6f70454a, 0x73736f6f, 0x6f736f4a, 0x7373736f, 0x8273736f, 0x82737373, 0x73736f6f, 0x82737373,
0x8282736f, 0x82737382, 0x8282736f, 0xa3828273, 0x8282736f, 0xa3a38282, 0x82826f6f, 0xa3a3a3a3,
0x7373716f, 0x73737373, 0xa2737373, 0x737373a3, 0xa382a382, 0xa37373a3, 0xa3a3a3a3, 0xa3a3a374,
0xa3a3a3a3, 0xa3a3a3a3, 0xa3a3a3a3, 0xa3a3a3a3, 0xa3a3a3a3, 0xa3a3a3a3, 0xa3a3a3a3, 0xa3a3a3a3,
0x73739f73, 0x69727474, 0x9f739f73, 0x69727374, 0x9f9fa3a3, 0x6a697273, 0x9f74a3a3, 0x6a696972,
0x9f9fa3a3, 0x72696973, 0x9e73a3a3, 0x726a7272, 0x9f7374a3, 0x72697272, 0x737474a3, 0x69727373,
0x72726a69, 0x6162696a, 0x6a696769, 0x6962696a, 0x6262696a, 0x69626969, 0x69626769, 0x69626262,
0x6a696969, 0x6a676269, 0x67696969, 0x6a6a6a69, 0x69696a6a, 0x6a726a69, 0x69696a69, 0x62696969,
0x69626962, 0x6a69696a, 0x6161626a, 0x69676262, 0x696a6a69, 0x69696962, 0x72726a69, 0x61696a6a,
0x72726a6a, 0x6162696a, 0x6a6a726a, 0x69626269, 0x696a6967, 0x64626461, 0x69626762, 0x62626969,
0x6969696a, 0x6961646a, 0x6a6a6a6a, 0x5c3f6269, 0x62696969, 0x5c5c6162, 0x61626161, 0x69625c61,
0x62626161, 0x62616262, 0x62616262, 0x62616264, 0x61626261, 0x62616161, 0x61626962, 0x613f3f3f,
0x61616969, 0x613f3f61, 0x62626962, 0x5c3f3f61, 0x5c616267, 0x3f3f3f3f, 0x3f616969, 0x3f3f3d3f,
0x62696962, 0x3f3f3f61, 0x6a696262, 0x61616269, 0x44616161, 0x676a6967, 0x443f6161, 0x72726761,
0x3c3f3f3f, 0x44613f3c, 0x3c3f3f3f, 0x3f3f3c3c, 0x3f3e3f3f, 0x3f3f3f3f, 0x3f3f3f3f, 0x3f3f3f3f,
0x61613f3f, 0x67613f3f, 0x3f3f3f3f, 0x67616144, 0x3f616261, 0x61614444, 0x61676769, 0x3f3f4444,
0x613f3f44, 0x73737367, 0x673f443f, 0x7373736f, 0x6761613f, 0x8282736f, 0x67616761, 0x736f6f6f,
0x67676767, 0x736f6f6f, 0x6f676767, 0x73736f6f, 0x6f673f61, 0x82736f6f, 0x6f6f6144, 0x73736f73,
0x81817373, 0x81828181, 0x73737373, 0x81828281, 0x73737373, 0x81818181, 0x81817373, 0x817d8181,
0x81737373, 0x83818181, 0x81817373, 0x83838182, 0x81828182, 0x83848181, 0x81817381, 0x83838181,
0xb0838181, 0xbebeb0b0, 0xb0838381, 0xbebeb0b0, 0xb08a8381, 0xbebebeb0, 0xbeb08384, 0xbebebebe,
0xbeb08a83, 0xbebebebe, 0xbebeb083, 0xbebec1be, 0xbebeb083, 0xbebec1be, 0xbebeb0b0, 0xbebebebe,
0xbebebebe, 0x8a8abebe, 0xbebebebe, 0xbebebebe, 0xbebebebe, 0xbebebebe, 0xbebebebe, 0xbebebebe,
0xbebebebe, 0xbebebebe, 0xbebebebe, 0xbebebebe, 0xbebebebe, 0xbebebebe, 0xbebebec1, 0xbebebebe,
0xbebebebe, 0xbd8a8abd, 0xbdc0bebd, 0xbdbd8abd, 0xbebebdbd, 0x8a8a8abd, 0xbdbd8a8a, 0x8a8abdbe,
0x8a8abdbe, 0xbd8abd8a, 0x8abdbebe, 0xbd8a8a8a, 0xbdbdbdbe, 0xbdbdbdbd, 0xbebdbdbe, 0xbdbdc0c0,
0xbdbfbfc0, 0x8e8abdbf, 0xbdbfbdbd, 0x8e8abfbf, 0xbfbf8abd, 0x8ebfbfbf, 0xbfbf8a8a, 0xbfbfbfbf,
0xbfbfbdbd, 0xbfbfbfbd, 0xbfbf8abd, 0x8ebfbfbf, 0xbfbfbdbd, 0x8abfbf8a, 0xbd8abdbf, 0x8a8a8a8a,
0xdedededf, 0xdbdbdede, 0xdededede, 0xdbdedede, 0xdededede, 0xdbdedede, 0xdededede, 0xdededede,
0xdededede, 0xdededede, 0xdedededf, 0xdededede, 0xdedededf, 0xdbdedede, 0xdedededf, 0xdededede,
0xd6d8d8db, 0xc9c9d8db, 0xdbdbdbdb, 0xd6c9dbdb, 0xdbdbdbdb, 0xd6d8dbdb, 0xdbd6dbdb, 0xd6d6dbd9,
0xdbdbdbdb, 0xcbd6d9db, 0xdbdbdede, 0xd6dbd9d9, 0xdbdbdbdb, 0xd6d6d9db, 0xdbdbdbde, 0xd9dbdbdb,
0xd6d6d6d6, 0xb9b6b6d6, 0xd8d6d8d6, 0xb9b5b6d6, 0xd6d8d8d8, 0xb6b2b6d6, 0xd6d6d6d6, 0xb6b3b6d6,
0xd6d6c9c9, 0xb6b6b6d6, 0xd6d6d6d6, 0xb2b2c9d6, 0xd6d6d6d6, 0xb2b2c9cb, 0xcbd6d6d6, 0xb2b2b6c9,
0xacadb8b8, 0xacacaaac, 0xacb9b9b9, 0xacaaacb8, 0xb9d7b9d7, 0xaca0acb8, 0xb9d7d7d6, 0xaca0acb5,
0xb9d7d8c9, 0xacacacac, 0xd6d7d6b3, 0xb5acb5b9, 0xd6d7d6b3, 0xacacb5b9, 0xb6d6c9b3, 0xacb9b5b6,
0xaaaaacaa, 0x78aaaaa1, 0xacaaa1aa, 0xa1aaaaaa, 0xa1aaa0aa, 0xa1a19da1, 0xaaa0acac, 0x786e6d9d,
0xacaaacac, 0x786d9d9d, 0xacacacb8, 0x7878aaaa, 0xadb8b8ac, 0xa178aaaa, 0xa0a0acac, 0xa1a1acac,
0x6d6e636b, 0x6e7878a1, 0x6d6d78a1, 0xa1a17878, 0x9da1a1a1, 0xa1a1789d, 0x6e9d9d6e, 0xa1787878,
0x6d6b6b78, 0xa178786e, 0x9d6d6b78, 0x786d786b, 0x786b78a1, 0x636b6d6d, 0x78789daa, 0x6d6e789d,
0xa1a1a16d, 0x63636378, 0x78a1aca1, 0x6b786b6b, 0xacacaca1, 0x6d9d9da1, 0xa1a1a1a1, 0xa1a1a1a1,
0xa1a1a1a0, 0xa1a17878, 0x78787878, 0xa09d7878, 0x6d6d6363, 0x4747636b, 0x6d6b786b, 0x63486363,
0x636e786d, 0x6d6d6d6b, 0x636d7863, 0x6d6b6363, 0x6d6d6363, 0x78636363, 0x6d6b6b78, 0x6d6d6b6b,
0x636378a1, 0x6d78a077, 0x6b789d78, 0x6d6d776d, 0x78786d47, 0x77787878, 0x6b78a178, 0xa0a0a178,
0x77776d6d, 0x6d6d9d77, 0x6d6d7878, 0x6d6d776b, 0x6d6b6d78, 0x6d6d6d6d, 0x786b9d78, 0x6d6d63aa,
0xa077786d, 0x6d6d6d9d, 0x6b776d6d, 0x6d9d6d6d, 0x78636378, 0x6d6d6b6d, 0x636da0ac, 0x776d6d9d,
0x9d9d7878, 0x63669d9d, 0x9da09d6d, 0x666d6d6d, 0x9ca06d6d, 0x6d666d6d, 0x9c9d6d6d, 0x66666d6d,
0x6d9c6d63, 0x63636d6d, 0x669c6d6d, 0x6d666d6d, 0x6d666d77, 0x6d63669c, 0x6d636d77, 0x9c66636d,
0x66666d63, 0x6d6d6d99, 0x6d6d6d66, 0x666d999c, 0x6d9c9c6d, 0x666d9c9c, 0x66666d6d, 0x6d6d6d66,
0x6363669c, 0x6d996d66, 0x6363636d, 0x6d996d66, 0x635e639d, 0x999c996d, 0x66636d9c, 0x999c999c,
0x99666666, 0x99999999, 0x6d666666, 0x98999999, 0x6d666d66, 0x66999999, 0x63666d66, 0x6c996d66,
0x66636d6d, 0x99996d99, 0x66666d6d, 0x6d666d6d, 0x6d6d6d6d, 0x6d66666d, 0x6d6d996d, 0x666d666d,
0x9c999966, 0x6d6d9c9c, 0x6d6c6c99, 0x6c6d996d, 0x99999999, 0x6d6d6d6c, 0x6d6d6d6c, 0x6d6d6d6d,
0x9c999c99, 0x776c996d, 0x6d9c6d99, 0x6d6c6d6c, 0x9c996d99, 0x6b6c6d77, 0x6c6c6d6c, 0x6b6b6d6d,
0x636d6c6d, 0x47656347, 0x6363636c, 0x47636547, 0x6b6b6b63, 0x476b6363, 0x6b636363, 0x6b47636b,
0x6b6b6b77, 0x47476563, 0x6363636b, 0x4747636b, 0x636b6363, 0x47636363, 0x636b6363, 0x47636b6b,
0x2d476b63, 0x2d2d472d, 0x46464747, 0x2d2d4747, 0x46464047, 0x432d4646, 0x462d4647, 0x46464747,
0x46464747, 0x46464347, 0x40464747, 0x46474647, 0x46474747, 0x46464646, 0x46474647, 0x47464646,
0x462d2d2d, 0x2e2e4343, 0x47464647, 0x2e2f4643, 0x46464647, 0x2e2f2f2f, 0x43434346, 0x2e2f2f2f,
0x46474747, 0x1e2e2f43, 0x46464746, 0x1e1e2f43, 0x46464646, 0x1e1e1e2f, 0x43434647, 0x2e2e2e2f,
0x202e432f, 0x201f2020, 0x20212e2e, 0x1f202020, 0x20212e2e, 0x20202e20, 0x20201e2e, 0x20202e20,
0x2020211e, 0x1f202020, 0x201e211e, 0x1f202020, 0x20211e1e, 0x201f2e2e, 0x20211e1e, 0x1f13202e,
0x12121313, 0x12121516, 0x12161313, 0x0b121215, 0x1f121320, 0x0b121216, 0x16161320, 0x0b121216,
0x1f131313, 0x1212121f, 0x16131313, 0x1f161f24, 0x16161613, 0x12161616, 0x13131313, 0x15161616,
0x12121512, 0x12121515, 0x12120b0b, 0x15121515, 0x15151212, 0x15152315, 0x15121212, 0x12121515,
0x12121212, 0x15121515, 0x1512161f, 0x15151515, 0x12121516, 0x15151515, 0x15151612, 0x15151515,
0x15151515, 0x16161515, 0x15151515, 0x15161515, 0x12121215, 0x15151615, 0x15120b0b, 0x12121516,
0x15150b15, 0x15151515, 0x15151f1f, 0x16151f15, 0x15152315, 0x16121523, 0x23151f15, 0x0b121223,
0x15151515, 0x15151515, 0x16151215, 0x15151516, 0x1f15120b, 0x16151516, 0x1f161615, 0x15151516,
0x23161615, 0x15161616, 0x16161616, 0x161f2423, 0x16161616, 0x16232423, 0x16161612, 0x16151616,
0x19141415, 0x19192219, 0x14141515, 0x19222719, 0x22272219, 0x19191919, 0x14192215, 0x19191919,
0x19231915, 0x19191915, 0x15271915, 0x19141919, 0x19192323, 0x27221922, 0x19231615, 0x19232323,
0x19191818, 0x37191919, 0x18181819, 0x19192219, 0x19191919, 0x19262619, 0x19191919, 0x19191919,
0x19181818, 0x19191826, 0x26191919, 0x19191927, 0x19221926, 0x27192219, 0x22372619, 0x37191919,
0x26222638, 0x19262626, 0x19192627, 0x19191919, 0x19191919, 0x19192219, 0x19191919, 0x19222219,
0x14141419, 0x19191919, 0x19191922, 0x22192219, 0x19192627, 0x19191919, 0x19191922, 0x27191919,
0x19191919, 0x19191819, 0x19191919, 0x19181919, 0x19222222, 0x19191919, 0x19191919, 0x19191919,
0x19191919, 0x22192219, 0x27222219, 0x19221919, 0x26192219, 0x19191919, 0x27272219, 0x26273822,
0x19192622, 0x26191919, 0x19191919, 0x19191919, 0x19191922, 0x19191919, 0x19221919, 0x19191919,
0x26262726, 0x19191926, 0x22222626, 0x19222226, 0x19192219, 0x19222622, 0x19192619, 0x22222222,
0x19262619, 0x19191919, 0x19192619, 0x26262619, 0x19191926, 0x26262619, 0x26262626, 0x26192626,
0x19262626, 0x26262626, 0x26191926, 0x26262627, 0x27222227, 0x26272726, 0x27191927, 0x27272222,
0x27262619, 0x27292626, 0x26262626, 0x27372726, 0x26262626, 0x26262626, 0x27382726, 0x27272626,
0x26261919, 0x27272626, 0x26191926, 0x31262626, 0x26262726, 0x26272727, 0x26272727, 0x27272726,
0x26262626, 0x37373737, 0x29373726, 0x29263737, 0x29273726, 0x26262937, 0x26272927, 0x26262626,
0x26272726, 0x26262626, 0x26372627, 0x26292626, 0x26262619, 0x26262626, 0x29382726, 0x26262626,
0x3a3a3737, 0x26292937, 0x29373737, 0x26292937, 0x29292937, 0x37372929, 0x29373737, 0x3a293737,
0x37263737, 0x51263737, 0x26262626, 0x29292937, 0x26262626, 0x26262626, 0x26262626, 0x26262626,
0x29292926, 0x29292929, 0x37372926, 0x26292929, 0x37293737, 0x29372937, 0x3729293a, 0x373a3729,
0x2929293a, 0x513a3737, 0x26262929, 0x3a3a3a37, 0x26262937, 0x37373729, 0x29292937, 0x37373a37,
0x51372929, 0x3629373a, 0x37373737, 0x5037373a, 0x37292937, 0x543a3737, 0x37292937, 0x3a3a3a37,
0x37292937, 0x37373737, 0x37373737, 0x3a373729, 0x3a373737, 0x3a373729, 0x37292937, 0x37373729,
0x54543a37, 0x37373851, 0x54545154, 0x3737383a, 0x513a5154, 0x3737373a, 0x37545137, 0x37383737,
0x37373737, 0x37373737, 0x3737373a, 0x38385137, 0x3737373a, 0x37373a37, 0x37373737, 0x51385137,
0x37383738, 0x37373737, 0x38373838, 0x37373737, 0x37373737, 0x37373737, 0x37373737, 0x37373737,
0x37513737, 0x37373737, 0x37383737, 0x37373737, 0x37373737, 0x37273837, 0x27373738, 0x37375137,
0x38383727, 0x37373838, 0x51373727, 0x37373838, 0x37373737, 0x37373737, 0x37373737, 0x51373737,
0x37373737, 0x37373737, 0x37373737, 0x37372727, 0x37373737, 0x37272737, 0x37372737, 0x37272727,
0x38383837, 0x38383838, 0x37513737, 0x37373838, 0x37373737, 0x37373737, 0x37373737, 0x38373737,
0x37272737, 0x4b4b3737, 0x37313737, 0x31373738, 0x37373737, 0x384b3838, 0x38383738, 0x37373737,
0x4b383837, 0x31385353, 0x31313131, 0x384b4b37, 0x27272727, 0x27313127, 0x31313138, 0x27313131,
0x38312738, 0x31383838, 0x27273138, 0x4b382727, 0x27273138, 0x38312726, 0x26272727, 0x26272727,
0x22262627, 0x26191922, 0x27272726, 0x22222227, 0x27272727, 0x22222226, 0x26273127, 0x22262219,
0x22263831, 0x22192222, 0x22262738, 0x22142222, 0x31262627, 0x27232227, 0x27222226, 0x23232227,
0x19192227, 0x18181918, 0x18191819, 0x26262218, 0x18192222, 0x26272619, 0x19222222, 0x22221822,
0x22222222, 0x27261926, 0x31272722, 0x22191822, 0x22272731, 0x26222219, 0x19192227, 0x26222222,
0x26221818, 0x18181826, 0x18181822, 0x22181818, 0x18181818, 0x18182222, 0x26261822, 0x14141822,
0x18221822, 0x14141818, 0x18182222, 0x14181818, 0x18222626, 0x18181818, 0x26262622, 0x18181826,
0x18222622, 0x50292518, 0x18182622, 0x36251a18, 0x17181818, 0x251a1a18, 0x18181814, 0x25251a18,
0x22181414, 0x18262626, 0x18181814, 0x18192219, 0x18141818, 0x19222218, 0x18141414, 0x15151414,
0x373a2951, 0x55545436, 0x26262529, 0x54545436, 0x26262626, 0x54545436, 0x26263737, 0x3a503726,
0x26263122, 0x37262626, 0x19192218, 0x26192222, 0x19191518, 0x18141419, 0x15191514, 0x22221915,
0x55555555, 0x51515455, 0x54545555, 0x31513751, 0x37375454, 0x22272626, 0x27375036, 0x19191922,
0x19385137, 0x22221918, 0x23384b37, 0x27311919, 0x27382619, 0x15221922, 0x15141819, 0x15152722,
0x0b0b2237, 0x11121515, 0x0b111523, 0x0b111515, 0x0b111523, 0x0b0b1212, 0x11111522, 0x0b111212,
0x15142223, 0x11111112, 0x23151f23, 0x1112121f, 0x23151514, 0x15151515, 0x15151515, 0x121f1f15,
0x15121212, 0x0b111516, 0x12121111, 0x12121512, 0x1211110b, 0x12151f15, 0x120b0b0b, 0x1112241f,
0x1215110b, 0x09121f15, 0x15151511, 0x09121212, 0x1f301f12, 0x09111212, 0x1f241511, 0x0b0b1112,
0x12121211, 0x12121212, 0x12121211, 0x12111212, 0x12110b11, 0x1212121f, 0x12121212, 0x15121f1f,
0x1f160b0b, 0x30151215, 0x12110b0b, 0x1f1f1f15, 0x1f110b0b, 0x1f233223, 0x22151511, 0x12233831,
0x09090912, 0x10090909, 0x09091212, 0x12121209, 0x09120909, 0x10090912, 0x12121f12, 0x12121212,
0x12122e34, 0x10121212, 0x0912201f, 0x09121f12, 0x121f2e20, 0x10101012, 0x12121f12, 0x12121212,
0x12090909, 0x09090912, 0x09090910, 0x09090910, 0x09091009, 0x12100909, 0x09090909, 0x10090909,
0x13101009, 0x12100912, 0x10101210, 0x10121f12, 0x09101213, 0x12091f1f, 0x09101010, 0x12091010,
0x11090909, 0x0909121f, 0x12090909, 0x10101f1f, 0x202e1209, 0x10101f12, 0x121f1f12, 0x1f101012,
0x1f121f12, 0x2e2e1212, 0x09101009, 0x2e452e12, 0x091f2e1f, 0x102e2e2e, 0x0910121f, 0x101f1f12,
0x2e100809, 0x7345422e, 0x2e1f1f10, 0x736f492e, 0x2e101010, 0x706f4542, 0x2e1f1010, 0xa36f6f49,
0x1f090910, 0xafa36f4a, 0x4a100910, 0xa3828270, 0x6f421e10, 0x82a3826f, 0x6f45421f, 0xa3a36f4a,
0x82736f6f, 0xa3afa3a3, 0xa3827373, 0xafafa3a3, 0xa3a38282, 0xafa3a3a3, 0xa3a3a3a3, 0xafa3a3a3,
0xa3afafaf, 0xa38282a3, 0xafa3a3af, 0xa3a382a3, 0xa3828282, 0xa3a3a3a3, 0xa3a3a3a3, 0x6f82a3a3,
0xa3a3a3a3, 0xa3a3a3a3, 0xafafafaf, 0x74a3a3af, 0xa3afafaf, 0x73a3a3a3, 0xa3a3afaf, 0x7374a3a3,
0xa3a3afa3, 0x6f73a3a3, 0xa382a3a3, 0x6772a3a3, 0x827382a3, 0x7173a3a3, 0x7373736f, 0x71737473,
0x737474a3, 0x72727473, 0x73747474, 0x72737474, 0x9f9f7473, 0x72727374, 0x739f9f73, 0x71727473,
0x74747473, 0x9f9f9f73, 0x6f73736f, 0x74737472, 0x6f727272, 0x72727272, 0x7373726f, 0x7267676f,
0x6969696a, 0x69696969, 0x69696972, 0x67696969, 0x61616167, 0x696a7269, 0x72696767, 0x6a697272,
0x729f7474, 0x6a697272, 0x74747474, 0x726a729f, 0x72727272, 0x72727272, 0x72727272, 0x726a7272,
0x61616769, 0x69696a69, 0x61626969, 0x69696967, 0x676a6a6a, 0x6a72726a, 0x68686772, 0x72727272,
0x72726872, 0x72727272, 0x72727272, 0x72727272, 0x72727272, 0x72727267, 0x70727272, 0x72726770,
0x61626969, 0x3f3f3f61, 0x61626767, 0x443f6161, 0x67676769, 0x67616167, 0x72727272, 0x72727267,
0x74747272, 0x72737272, 0x72747472, 0x72727272, 0x72727272, 0x72726f67, 0x67677072, 0x72726745,
0x44446161, 0x72676161, 0x67676244, 0x69676767, 0x6767686a, 0x72727167, 0x67676872, 0x6f727272,
0x72727272, 0x67727272, 0x72727272, 0x67676772, 0x67707272, 0x67676167, 0x44446768, 0x44676744,
0x67697272, 0x3f616767, 0x67716767, 0x67676769, 0x72726771, 0x6f676771, 0x72727272, 0x67676771,
0x72726767, 0x67676772, 0x67706f67, 0x67676767, 0x67676767, 0x67676767, 0x44614444, 0x67676744,
0x736f673f, 0x6f736f73, 0x736f4244, 0x6f737373, 0x736f6f6f, 0x73736f6f, 0x6f6f6f6f, 0x6f6f6f6f,
0x7373736f, 0x6f6f6f6f, 0x7373736f, 0x6f6f6f73, 0xa2736f6f, 0x6f737382, 0x7373736f, 0x82737373,
0x73737373, 0x8381816f, 0x7373736f, 0x83818173, 0x736f6f73, 0x81816f73, 0x736f6f6f, 0x83816f6f,
0x6f6f7373, 0x83818173, 0x7373736f, 0xb0818173, 0x816f6f6f, 0xb0838181, 0x81737373, 0xb0ae8381,
0xc1beb0b0, 0xbebebebe, 0xc1beb0b0, 0xbebebebe, 0xc1bebe8a, 0xbebebec1, 0xc1bebe8a, 0xbebebebe,
0xbebebe8a, 0xbebebebe, 0xbebeb0b0, 0xbebebebe, 0xbebeb0b0, 0xbebebebe, 0xbebeb0b0, 0xbebebebe,
0xbebebebe, 0xbebebebe, 0xbebebebe, 0xbebebdbe, 0xbebec0be, 0xbebebdbd, 0xbebebebe, 0xbebebebe,
0xbebdbebe, 0xbdbec0be, 0xbebdbdbe, 0xbebebebe, 0xbebebebe, 0xbebebebe, 0xbebebebe, 0xbebebdbe,
0xc0bdbdbe, 0xbdbdbec0, 0xc0bebdbe, 0xbfbdbdc0, 0xc0bdbdbd, 0xc0c0bfc0, 0xc0bd8a8a, 0xc0bfbdc0,
0xbdbdbd8a, 0xbfbfbdc0, 0xbdbdc0be, 0xbfbdbdc0, 0xbdbdc0bd, 0xbdbdbdbd, 0xbdc0c0bd, 0xbdbdbdbd,
0x8abfbfbf, 0x8a8a8a8a, 0xbdbfc0bf, 0xbf8abdbd, 0xbfbfbfbf, 0x8e8abdbf, 0xbfbfbfbf, 0x8a8a8abf,
0xbfbfbfbf, 0x8a8a8a8a, 0xbfbd8abd, 0x8a8a8a8a, 0x8a8a8abd, 0x8a8a8a8a, 0x8abd8a8a, 0x8a8a8a8a,
0xdfdededf, 0xdededede, 0xdedededf, 0xdededede, 0xdfdededf, 0xdededede, 0xdedfdedf, 0xdededede,
0xdedfdfdf, 0xdedfdede, 0xdfdfdfdf, 0xdededfdf, 0xdfdfdfdf, 0xdededfdf, 0xdfdfdfdf, 0xdedededf,
0xdededede, 0xdbdbdbde, 0xdededede, 0xdbdbdbde, 0xdededede, 0xdbdbdbde, 0xdededede, 0xdbdbdbde,
0xdededede, 0xdbdbdbde, 0xdededede, 0xdbdbdede, 0xdededede, 0xdbdbdede, 0xdededede, 0xdbdbdede,
0xd6d6d6d6, 0xc9b6b6c9, 0xdbd6d9d6, 0xd6c9c9d6, 0xdbcbd9d9, 0xd8cbd6db, 0xdbd9d9db, 0xdbcbdbdb,
0xdbdbdbdb, 0xdbdbdbdb, 0xdbdbdbdb, 0xdbdbdbdb, 0xdbdbd9d9, 0xdbdededb, 0xdbd9d9d6, 0xdbdbdbd9,
0xd6d6d6c9, 0xb5d6b6b6, 0xd6c9d6d6, 0xb9d6d6d6, 0xd8d6d6d8, 0xd6d8d6d8, 0xd8dbd8db, 0xd7d8d8d8,
0xdbdbdbdb, 0xd8d8dbdb, 0xdbdbdbdb, 0xd8d8dbdb, 0xdbdbdbdb, 0xdbdbdbdb, 0xdbdbdbde, 0xdbdbdbdb,
0xaca9b5b5, 0xa1aaaca0, 0xacb5b9b5, 0xa1a1a1a5, 0xacb9b9b5, 0x7a78aca5, 0xa5b5b5b9, 0x6b78aca5,
0xb5b5b5d6, 0xa078a5a5, 0xb9b9b5d6, 0xa5a1a1b5, 0xa5b2b6d8, 0xa1a57aa4, 0xb5a4c9d8, 0xaca57ab5,
0xa1a1a1aa, 0x786d78a1, 0xacacaaaa, 0x787878a1, 0xa1a1a1a0, 0x786378a1, 0x78787878, 0x6b636378,
0x6d78acac, 0x6b636378, 0xa1acaca5, 0x78789da1, 0xa1a17a78, 0x78a078a1, 0x7878a178, 0x7878a078,
0x78787778, 0x78786d6d, 0xa0a16d78, 0x78789d78, 0xa1aca178, 0x6d78a1a1, 0xacaca178, 0x78a1a1a1,
0x78aca06b, 0x7878a1ac, 0xa1aa776b, 0x6d6da1a5, 0xa1a07778, 0x6b6b78a0, 0x787878a1, 0x786d6b77,
0x6e78a178, 0x7778789d, 0x78786d6b, 0xa1a0776d, 0x6d6d7878, 0xaaa17878, 0x6b787878, 0x78786d6d,
0x786d6b6b, 0x6b786d6d, 0x78787878, 0x786b6d9d, 0x786d7878, 0x6d6d6d78, 0x786b7878, 0x6d786d78,
0x6378789d, 0x9d6d6d6b, 0x787878a0, 0x9d6d6b6d, 0x786d77a0, 0x776d6d77, 0x77777877, 0x6d6d9da0,
0x6d6d7863, 0x6d9d9d78, 0x786d6b6b, 0x9d9d9d6d, 0x776d6d6b, 0x9d9d776d, 0x6d6d6d63, 0x9da09d78,
0x6d6d6d9d, 0x9d9c6d6d, 0x6d6d9c9c, 0x9c6d6d6d, 0x9c9d9c6d, 0x9d9c6d9c, 0x9c9c9c99, 0x9c9c9c6d,
0x6d9c6d6d, 0x6d9c9c6d, 0x999c9c6d, 0x9d9c6d6d, 0x9c9d9c9c, 0xa09d9c9c, 0x9c9d9d9d, 0x9c9d9d6d,
0x6d6d6666, 0x6d996d6d, 0x6d6d6d6d, 0x996d6d66, 0x999c9c9c, 0x6d6d996d, 0x996d6d6d, 0x6d6d9c99,
0x996d6d6d, 0x6d9c9c99, 0x6d6d6d99, 0x6d9c9c99, 0x99996d99, 0x9c9c9c99, 0x999c9c99, 0x9c9c9c9c,
0x66666d6d, 0x99666d6d, 0x6d999999, 0x6d6d6d66, 0x6699996d, 0x9c6d6c6d, 0x63999c6d, 0x776d6c66,
0x6d9c9999, 0x6d9c6c6d, 0x6d9c9c6d, 0x779c7799, 0x6d9c9c99, 0x6d9c7766, 0x9c9c9c99, 0x776d6d9c,
0x6c776d6d, 0x6d776d6d, 0x779c6d6d, 0x6b6d6c6d, 0x9c6d779c, 0x6b6b6d9c, 0x77777777, 0x6c6c6d77,
0x776d6d6d, 0x6b6b6b6d, 0x7777a06d, 0x6b6b6b6b, 0x6d6c9ca0, 0x6b6b6b6b, 0x776d779c, 0x6d6d776d,
0x63474163, 0x476b6b6b, 0x6c6b6363, 0x6b6b6b77, 0x77776d6b, 0x6b6b6b77, 0x7777776c, 0x6b6b6b6d,
0x6b77776b, 0x6b77706b, 0x6b6b776b, 0x4770776b, 0xa077a06b, 0x476b706b, 0x77776c6b, 0x6b70706b,
0x47464647, 0x46464770, 0x46464647, 0x46464646, 0x4647706b, 0x46464646, 0x47467047, 0x46464747,
0x46464770, 0x46464647, 0x46464647, 0x46464747, 0x46464747, 0x47464646, 0x46464747, 0x70474647,
0x43464746, 0x2e2e2f46, 0x47707046, 0x212e2f43, 0x46474e47, 0x1e2f4646, 0x4646704e, 0x2e2f2f46,
0x46464646, 0x2f2f2f70, 0x46474646, 0x2f2f2f2f, 0x4e474746, 0x2f2f2f46, 0x46464747, 0x2f4d4646,
0x20201e21, 0x2020202e, 0x20212121, 0x20132020, 0x202e2121, 0x13132020, 0x2021212e, 0x13202020,
0x20212e2e, 0x20202020, 0x202e2121, 0x20202013, 0x202e2e2e, 0x20201320, 0x20202e2e, 0x13132020,
0x13131320, 0x231f1313, 0x13161f20, 0x241f1613, 0x1316201f, 0x16161613, 0x2020201f, 0x13161616,
0x2020201f, 0x13161616, 0x13131313, 0x13161613, 0x20202020, 0x16161616, 0x16202013, 0x16131613,
0x16162423, 0x15121515, 0x121f1516, 0x16151515, 0x12161516, 0x15151512, 0x15161212, 0x15151515,
0x1f161213, 0x15151516, 0x1f161613, 0x1f1f1616, 0x16161316, 0x15151212, 0x1616131f, 0x16161616,
0x15121515, 0x12121515, 0x15151515, 0x12161515, 0x12151515, 0x12161615, 0x15120b15, 0x12121515,
0x15120b15, 0x0b121516, 0x15151515, 0x120b1515, 0x15151515, 0x12121215, 0x15151515, 0x160b1215,
0x120b1216, 0x16161616, 0x120b1216, 0x24242416, 0x20201612, 0x24333020, 0x24201f12, 0x20202020,
0x13131616, 0x16132020, 0x13131316, 0x20202020, 0x13131316, 0x33201320, 0x16131216, 0x212e2013,
0x16161615, 0x19191919, 0x16162424, 0x15191919, 0x23232424, 0x19192327, 0x24242316, 0x27233832,
0x24161616, 0x27273828, 0x23162020, 0x19282723, 0x23243020, 0x23322823, 0x24343320, 0x23191516,
0x27311919, 0x22221919, 0x19141915, 0x19191919, 0x19192219, 0x19191919, 0x19221927, 0x19191919,
0x27192227, 0x19191922, 0x27271919, 0x19192227, 0x27272323, 0x19192227, 0x19232323, 0x27192727,
0x22191914, 0x22191922, 0x22231919, 0x19191919, 0x19192219, 0x19191919, 0x19192719, 0x19191919,
0x19191919, 0x19191919, 0x19191919, 0x19191919, 0x19191922, 0x23271919, 0x19222223, 0x32271922,
0x27191919, 0x26222727, 0x19192219, 0x27222226, 0x19191919, 0x27262622, 0x19272322, 0x19222219,
0x19272719, 0x23221919, 0x19192219, 0x27221919, 0x19191919, 0x19221922, 0x19221923, 0x22272319,
0x19192727, 0x22191919, 0x26222727, 0x19222622, 0x22221926, 0x22312722, 0x22222222, 0x22262727,
0x19191922, 0x23222327, 0x19192227, 0x27272723, 0x22222723, 0x27272322, 0x22222223, 0x23232219,
0x23222222, 0x31312327, 0x23222219, 0x27313131, 0x31312719, 0x27313231, 0x27232222, 0x27272323,
0x27232327, 0x31272323, 0x23272727, 0x26272323, 0x27272727, 0x22272727, 0x27273223, 0x26383831,
0x27272637, 0x26262727, 0x26372727, 0x26272727, 0x27272727, 0x38372727, 0x27262627, 0x37272727,
0x27262637, 0x27272727, 0x27272726, 0x31272727, 0x27262726, 0x27272727, 0x26262727, 0x27272727,
0x26372626, 0x26262626, 0x26262627, 0x26262626, 0x26262737, 0x26262626, 0x27262627, 0x19262626,
0x27262627, 0x26262626, 0x27272627, 0x26262626, 0x27272727, 0x26272726, 0x27272727, 0x26272726,
0x26272626, 0x26263726, 0x26262626, 0x37375129, 0x26372926, 0x37262926, 0x26262626, 0x37262629,
0x37262619, 0x29263737, 0x26262626, 0x26373726, 0x26262626, 0x26292726, 0x26262627, 0x27272626,
0x29293737, 0x3a3a3737, 0x37293737, 0x37373737, 0x37372937, 0x37373737, 0x37372937, 0x37373737,
0x29373727, 0x37373737, 0x29292726, 0x37373729, 0x26262627, 0x26262929, 0x26373726, 0x26292929,
0x3a373737, 0x29373737, 0x37373737, 0x37373729, 0x3737373a, 0x37373a37, 0x373a3a37, 0x3a515454,
0x3737373a, 0x37545451, 0x3737373a, 0x37513a51, 0x37373729, 0x37373737, 0x37513729, 0x37373737,
0x37373729, 0x37373737, 0x37373726, 0x3737513a, 0x3737383a, 0x3737373a, 0x37373851, 0x37273737,
0x37375137, 0x37373737, 0x37373737, 0x37372737, 0x27373a37, 0x37272937, 0x27263737, 0x37382937,
0x37273737, 0x37383837, 0x37373737, 0x51383737, 0x37513737, 0x37373737, 0x37373729, 0x37373738,
0x37373837, 0x37373737, 0x37373837, 0x37273737, 0x27373737, 0x37272727, 0x27373729, 0x37372727,
0x27373737, 0x37273727, 0x37373738, 0x27273737, 0x37374b3a, 0x37273737, 0x51515137, 0x37273737,
0x37373751, 0x37373737, 0x37375154, 0x37373737, 0x37373737, 0x27273737, 0x37272737, 0x27273737,
0x3737374b, 0x31313838, 0x37373737, 0x27273738, 0x37372737, 0x27273738, 0x38382737, 0x27273138,
0x38383737, 0x27272727, 0x37373127, 0x27272731, 0x27272727, 0x31272727, 0x27312727, 0x27272727,
0x26262627, 0x26262626, 0x31272727, 0x26262727, 0x4b382727, 0x2727314b, 0x38312727, 0x27272731,
0x31313127, 0x27272727, 0x27272731, 0x27272727, 0x27273131, 0x31272726, 0x27313837, 0x27312726,
0x27272727, 0x22192227, 0x22272727, 0x22222222, 0x22222727, 0x22222222, 0x27272727, 0x22222223,
0x27272727, 0x23232323, 0x27232227, 0x27222327, 0x27272331, 0x27222227, 0x27272731, 0x32232327,
0x27272322, 0x26272222, 0x22273123, 0x22272722, 0x19192222, 0x19192322, 0x23232322, 0x19192222,
0x23233127, 0x15192222, 0x27313127, 0x19222223, 0x23272322, 0x23222222, 0x22222331, 0x32272322,
0x53272218, 0x18181837, 0x53311818, 0x19222238, 0x37261922, 0x19182227, 0x19191919, 0x19141919,
0x19221915, 0x19141922, 0x22232319, 0x15222223, 0x15232323, 0x15222222, 0x15232323, 0x1515151f,
0x19181818, 0x15151514, 0x19191919, 0x15151919, 0x27191922, 0x23151922, 0x4b271919, 0x32232231,
0x4b271919, 0x32383238, 0x31221915, 0x23322723, 0x22221f15, 0x151f2322, 0x1515151f, 0x15151515,
0x15151515, 0x15151515, 0x15151515, 0x15151515, 0x15152323, 0x23232423, 0x231f2432, 0x15152323,
0x2323494b, 0x12151515, 0x15232323, 0x15151515, 0x1515151f, 0x15151515, 0x15151515, 0x121f1f15,
0x14151515, 0x15151915, 0x15151515, 0x12150b14, 0x15151515, 0x15150b0b, 0x12121515, 0x12111111,
0x11111211, 0x12111111, 0x11111515, 0x15151115, 0x12111111, 0x15110b11, 0x12121512, 0x110b1111,
0x23151512, 0x151f2423, 0x23151512, 0x1f1f1f15, 0x15151512, 0x1f1f1515, 0x15151111, 0x1f1f1515,
0x15121211, 0x1f151211, 0x11151515, 0x15151512, 0x12151515, 0x12121515, 0x11111212, 0x15121111,
0x1f1f1515, 0x1211121f, 0x1523231f, 0x0b111212, 0x151f1f1f, 0x0b111212, 0x1f231f1f, 0x1111121f,
0x1211121f, 0x0b0b1112, 0x120b0b15, 0x110b0b12, 0x15151215, 0x11111212, 0x1f1f1515, 0x11111212,
0x19141512, 0x12233831, 0x32221212, 0x12152323, 0x32221111, 0x1212111f, 0x12110b11, 0x12121212,
0x11111111, 0x12121211, 0x110b1111, 0x12121211, 0x090b1111, 0x11111111, 0x11110b11, 0x09111212,
0x10121212, 0x1f121212, 0x1f1f1212, 0x12091020, 0x1f121212, 0x1f090912, 0x10121212, 0x12121009,
0x09101212, 0x10101210, 0x09090911, 0x09091209, 0x09090909, 0x12121212, 0x09090909, 0x1f201209,
0x09090912, 0x1f121209, 0x09121010, 0x12121009, 0x1f121012, 0x09100910, 0x12121012, 0x10090910,
0x09091012, 0x1f090909, 0x12090910, 0x12090910, 0x10121210, 0x09100909, 0x10101212, 0x10101009,
0x121f1f2e, 0x1e10101f, 0x101f1212, 0x1f10101f, 0x1f1f1209, 0x42101010, 0x2e422e1f, 0x45422e1f,
0x1f2e4249, 0x2e454210, 0x422e2e42, 0x2e42421f, 0x2e101f2e, 0x2e10101f, 0x1f10101f, 0x10101f2e,
0x704a4542, 0x82826f6f, 0x4a1e4242, 0x8270826f, 0x4a454242, 0x706f736f, 0x42424245, 0x454a452e,
0x1f1f421f, 0x456f6f42, 0x1f1f101f, 0x6f45451f, 0x1010102e, 0x42454542, 0x1f101010, 0x42424245,
0xa3a3a3a3, 0x6f73a382, 0x6f737070, 0x70737370, 0x706f7070, 0x6f6f7070, 0x70708270, 0x70706f45,
0x6f73a373, 0x70747070, 0x70a37070, 0x70454570, 0x70454545, 0x70704570, 0x45454542, 0x42704345,
0x736f7470, 0x72737373, 0x73706f6f, 0x73726f6f, 0x6f736f42, 0x726f6f6f, 0x6f706f45, 0x736f6f6f,
0x73734545, 0x7373736f, 0x706f4545, 0x74737370, 0x6f6f6f45, 0x6f707370, 0x70746f70, 0x7073706f,
0x74747372, 0x72726f72, 0x6f737373, 0x67747272, 0x6f727370, 0x72727272, 0x72737372, 0x676f6f72,
0x72727274, 0x7070676f, 0x67676770, 0x70674545, 0x6767706f, 0x67454545, 0x42447070, 0x44674544,
0x67676767, 0x68676a72, 0x67676267, 0x68676767, 0x67676768, 0x68686767, 0x67676867, 0x44446767,
0x44674444, 0x68446744, 0x67684444, 0x68677070, 0x70706767, 0x1e446870, 0x3e3e4570, 0x2b3e3e3e,
0x68677070, 0x72706767, 0x68677067, 0x70676767, 0x70706744, 0x68707272, 0x67686744, 0x44446767,
0x44446768, 0x44444444, 0x2b2b4467, 0x6767443e, 0x3e3e3e1e, 0x6745423e, 0x3e3e3e2b, 0x4444443e,
0x67707072, 0x67676767, 0x44676767, 0x62444444, 0x3f3e3f44, 0x68444444, 0x3e3e3f3e, 0x67674444,
0x44446744, 0x44687067, 0x70676767, 0x44444567, 0x44676767, 0x443e4244, 0x3e424444, 0x3f3e443e,
0x44446167, 0x61676244, 0x67676767, 0x67676767, 0x67616768, 0x44676767, 0x67676267, 0x61676767,
0x6744443f, 0x67676767, 0x44443e3e, 0x67676244, 0x443f4444, 0x61676744, 0x44676744, 0x67676767,
0x44443f44, 0x6f676f67, 0x67674467, 0x6f676767, 0x67676761, 0x6f6f6744, 0x443f3f44, 0x6f6f6f67,
0x453f4461, 0x6f6f6745, 0x45676761, 0x6f6f3f3f, 0x45676744, 0x6f6f4544, 0x45676745, 0x6f6f6767,
0x73736f6f, 0x73737373, 0x6f6f736f, 0x73737373, 0x6f73736f, 0x81817373, 0x7373736f, 0x81737373,
0x73737373, 0x816f7373, 0x73736f6f, 0x81737381, 0x73817373, 0x81828181, 0x6f738173, 0x8181826f,
0x81818181, 0xb0b08381, 0x81817373, 0xbeb08381, 0x81737373, 0xbeb0ae81, 0x81817381, 0xbeb08381,
0x83818181, 0xbeb08383, 0x83818181, 0xbeb08a83, 0x81818181, 0xc1beb083, 0x83818181, 0xc1c1c1b0,
0xbebebebe, 0xbebec2c1, 0xbebebebe, 0xbebebec1, 0xbebebebe, 0xbebebec1, 0xbebebebe, 0xbebebebe,
0xbebebec1, 0xbec2c2be, 0xbebebec1, 0xbec2c0be, 0xbebebec1, 0xbebebebe, 0xbebebebe, 0xbebebebe,
0xbec0bebe, 0xc0c0bebe, 0xc0c0c0c0, 0xc0c0c0c0, 0xbebebebe, 0xc0c0c0c0, 0xbebdbdbe, 0xc0c0c0c0,
0xbebdbebe, 0xbec0c0c0, 0xc0bebebe, 0xc0c0c0c0, 0xc0bebebe, 0xbdc0c0c0, 0xbebdbebe, 0xbdbec0c0,
0xbdbdc0c0, 0x8a8a8abd, 0xbd8abdbd, 0x8a8a8abd, 0xbdbdbdbe, 0x8abd8abd, 0xbdbec0c0, 0xbfbfbdbd,
0xbdbdbdbe, 0xbfbfbdbd, 0x8abec0c0, 0xbdbfbdbd, 0xbdbdbdbd, 0xbfbfbfbd, 0x8abdbdbd, 0xbfbfbd8a,
0x8abd8a8a, 0x8a8a8a8a, 0xbfbf8a8a, 0x8a8a8a8a, 0x8abfbd8a, 0x8a8a8a8a, 0x8abfbfbd, 0x8a8a8a8a,
0xbfbfbfbf, 0x8a8a8a8a, 0xbfbfbf8a, 0x8a8a8a8a, 0x8a8a8abd, 0x8a8a8a8a, 0x8abdbdbf, 0x8a8a8a8a,
0xdfdfdfdf, 0xdedfdfdf, 0xdedfdfdf, 0xdededfde, 0xdededfdf, 0xdededede, 0xdfdfdfdf, 0xdededfde,
0xdedededf, 0xdedededf, 0xdfdededf, 0xdedededf, 0xdedfdfdf, 0xdededede, 0xdedededf, 0xdedecacb,
0xdededede, 0xdbdedbde, 0xdededede, 0xdbdedede, 0xdededede, 0xdbdbdede, 0xdededede, 0xdbdbdede,
0xdededede, 0xd9dbdede, 0xdededed9, 0xdbdbdbde, 0xd9d9d9cb, 0xdbd9dbdb, 0xd9d9dede, 0xd9d9dbdb,
0xdbdbd9cb, 0xdededbd9, 0xdbd9cbdb, 0xdedededb, 0xd9d9d9db, 0xdbd9dbcb, 0xd9d9d9d9, 0xdbd9dbdb,
0xd9d9cbd6, 0xdbdbdbd9, 0xd9cbcbd9, 0xdbdbd9d9, 0xcbcbcbdb, 0xdbdbd9cb, 0xcbcbcbdb, 0xd9d9cbcb,
0xdbdbdbde, 0xdbdbdbdb, 0xdbdbdede, 0xdbdbdbdb, 0xdededede, 0xdbdbdbde, 0xdedbdbde, 0xdbdbdbdb,
0xdedbdbdb, 0xdbdbdbdb, 0xdedbdede, 0xdbdbdbdb, 0xdbdbdedb, 0xdbdbdbdb, 0xdbdbdbdb, 0xdbdbdbdb,
0xb5b6d6d8, 0xb9b5b5b5, 0xa4b2d6d6, 0xb5b5a5a4, 0xb6c9d6d8, 0xa488b5b6, 0xb6d6d8db, 0x88b2b2b6,
0xc9d6dbd6, 0xb6b6b6b6, 0xc9c9dbd6, 0xc9b6c9b6, 0xb3c9d6d6, 0xb6b6c9b3, 0xb3d6d6d6, 0xb2b2c9b3,
0x6d787aa5, 0xa1aca178, 0xa1a5acb5, 0x78a1a1a1, 0xa1a1b5b2, 0x7aaca1a0, 0xa1a5a5a4, 0xa1a17a78,
0x7ba5b6b6, 0x6d6b776b, 0x7b88a5b3, 0x6b6b6b6b, 0xa5b2b2b6, 0x75757575, 0xb5a5b2b6, 0x75756ba5,
0x7a78a1a1, 0x7878a078, 0x786d7878, 0x6b78a1a0, 0xa1a1a078, 0x787ba178, 0xa1a0a0a1, 0x78a178a1,
0xaca0a1a1, 0x787b78a1, 0xa0787878, 0x787a7878, 0x78787875, 0x7b7a7878, 0x6b6b4848, 0x6b486b6b,
0xa06d7878, 0x78a0a0a0, 0x786d7878, 0x9daca0a0, 0x6d6b786d, 0x77787877, 0x7878786b, 0x779d7877,
0x78a1786b, 0x786d7778, 0x78787878, 0x786d6d6d, 0x786d6b78, 0x6d6d7878, 0x776b636b, 0x6d787878,
0x6d6d6b6d, 0x6d9d776d, 0x6d77789d, 0x6d9d776d, 0xa19d7778, 0x9caaa09d, 0x77787777, 0x9ca09d78,
0x9d776d78, 0x9c9d9d9d, 0xa1787778, 0x9d9daa9d, 0x77787878, 0xa06d9d9d, 0x6d6d7878, 0xa077779d,
0x6d9d9d9c, 0x9cac9d6d, 0x9da99d6d, 0xa0aca09c, 0x9c9d9d6d, 0x9ca09d9c, 0x9d9d9d9d, 0x9c9ca9a9,
0x9d9d9d9d, 0x999ca09d, 0x9d9d9d9d, 0x999ca9a9, 0xa7a99d9d, 0x6d9c9d9d, 0x9d9c6d9c, 0x9c9d9c9c,
0x9c9c9c6d, 0x999c9c9c, 0x996d9c6d, 0x999c9c9c, 0x996d9c99, 0x9d9c9c9c, 0x9c9c9c9c, 0x9ca7a99c,
0x9d9c996d, 0x9d9ca9a7, 0x9d9c996d, 0xa99c9c9d, 0x9d9c9c9d, 0xa9a0a9aa, 0xa99daaa9, 0xa0a0acad,
0x9d9d9d6d, 0x776d6d9c, 0x9c99999c, 0xac6d779c, 0x9c9c9c9c, 0xa0779c9c, 0x9da0a09c, 0xa09c9c9c,
0x9ca9a0a9, 0xa09c9c77, 0xa0a09cad, 0xa09ca09c, 0xa9a0a0a9, 0xa0a0a0a9, 0xa9a0a9a0, 0xa0a0a0a9,
0x6d77779c, 0x6b6d776d, 0xa07777a0, 0x6d6b6b77, 0x77a077a4, 0x77777777, 0x6ba0aca0, 0x6b77a06b,
0x6ba0ac77, 0x7763776c, 0x7777a0a0, 0x776b6ba0, 0x77a0a0ac, 0x77776b6c, 0x77a0a0a0, 0x7777476b,
0x6b6b6c6b, 0x70707a77, 0xa07777a0, 0x476b6b77, 0x776b7777, 0x4770a477, 0x747aa077, 0x476b707a,
0x7077746b, 0x476b7070, 0x6b6b7777, 0x47477a70, 0x776b7777, 0x4e47477a, 0x7a706b77, 0x47474770,
0x47474647, 0x4e474647, 0x46477047, 0x46464343, 0x43434647, 0x467a4e46, 0x43464647, 0x46464746,
0x4647707a, 0x46474e46, 0x4e474647, 0x46474647, 0x47464676, 0x47464646, 0x4e434347, 0x46434770,
0x2f464747, 0x2f462f2f, 0x2f464747, 0x2f464646, 0x2f43464e, 0x2f2f4346, 0x46464646, 0x2f2f2f2f,
0x2f464646, 0x2f462f2f, 0x2f2f4643, 0x2f2f2f46, 0x2f2f4646, 0x2f212f2f, 0x462f4647, 0x2f2d2f46,
0x2021352f, 0x131f202e, 0x212e2e2f, 0x13202020, 0x20212e2e, 0x131f2020, 0x21212f2f, 0x20202020,
0x212f2f46, 0x2020492e, 0x2f2f2f2f, 0x202e492f, 0x2f2f212f, 0x20202e2e, 0x2121212f, 0x20212121,
0x20131313, 0x20131620, 0x20131313, 0x16162020, 0x13131313, 0x2016161f, 0x13131f20, 0x13131313,
0x1313161f, 0x13161f13, 0x13131313, 0x1f161f1f, 0x13131320, 0x1f16161f, 0x13131313, 0x13131313,
0x161f1620, 0x15161f24, 0x16161616, 0x16121616, 0x16161f16, 0x1f16161f, 0x20202416, 0x16161624,
0x16202016, 0x1f1f1f20, 0x13202020, 0x1f202013, 0x1620241f, 0x20202020, 0x16202016, 0x20201616,
0x12121212, 0x160b0b0b, 0x120b151f, 0x0b12120b, 0x1616161f, 0x12121212, 0x1f161616, 0x1216161f,
0x16161616, 0x16161616, 0x16161f1f, 0x16161616, 0x161f2020, 0x13161f16, 0x16202024, 0x13161616,
0x13131216, 0x202e1313, 0x16161312, 0x13201613, 0x13131213, 0x16201313, 0x16161616, 0x16241616,
0x1313161f, 0x16161616, 0x13131313, 0x15161616, 0x13131613, 0x15161616, 0x16131613, 0x16161616,
0x23242020, 0x19191619, 0x24201f13, 0x23282828, 0x24242416, 0x28282423, 0x16161616, 0x16192315,
0x15161616, 0x16232316, 0x16161615, 0x16231616, 0x23161616, 0x16191616, 0x23161616, 0x19192316,
0x19232319, 0x23222719, 0x19232823, 0x27272727, 0x23322323, 0x27232727, 0x27232323, 0x23272727,
0x23232316, 0x32272323, 0x23191919, 0x32272327, 0x23232323, 0x27233223, 0x23282323, 0x23272323,
0x23222223, 0x38231922, 0x19222327, 0x23272723, 0x19232727, 0x19222319, 0x23312323, 0x19191919,
0x23272727, 0x27272323, 0x23232327, 0x23272727, 0x23231927, 0x19192323, 0x23282727, 0x23232328,
0x22232727, 0x22272219, 0x23231919, 0x19191919, 0x23231919, 0x19192223, 0x19232727, 0x19192319,
0x19232323, 0x19231919, 0x23282823, 0x23272723, 0x23323223, 0x27272723, 0x2823284b, 0x32272728,
0x22221922, 0x23232222, 0x23222219, 0x27232222, 0x22232323, 0x27272222, 0x27232323, 0x27222323,
0x27322723, 0x23192323, 0x27272723, 0x19232327, 0x27272327, 0x23232327, 0x23272728, 0x27272723,
0x27273232, 0x27272727, 0x27232731, 0x26272727, 0x27233131, 0x27273827, 0x27272327, 0x27272727,
0x27272319, 0x26272722, 0x23232723, 0x27272623, 0x23272727, 0x27312723, 0x27272723, 0x27272723,
0x27272727, 0x27272727, 0x26272726, 0x27272626, 0x27272727, 0x27272627, 0x27272727, 0x27272727,
0x27272727, 0x27272727, 0x26272727, 0x27272727, 0x27313131, 0x26272727, 0x27373127, 0x27272727,
0x27272727, 0x27272727, 0x26272726, 0x27272726, 0x38383727, 0x37372727, 0x37272727, 0x27272731,
0x37272727, 0x27272727, 0x27272727, 0x26272727, 0x31272727, 0x37372727, 0x27272727, 0x37272731,
0x29262627, 0x37372626, 0x26262626, 0x37372626, 0x37373727, 0x26262627, 0x29373727, 0x26262627,
0x27262627, 0x26293737, 0x37292727, 0x29373737, 0x37372727, 0x29262737, 0x26272737, 0x27262727,
0x27373729, 0x37373726, 0x26293727, 0x29373726, 0x37372737, 0x26292929, 0x37292626, 0x37373737,
0x37272626, 0x37372627, 0x29272727, 0x37372927, 0x27293727, 0x37373729, 0x26262626, 0x26273726,
0x37373729, 0x29293737, 0x37373729, 0x51373737, 0x37373729, 0x29373737, 0x37373737, 0x37373726,
0x37373737, 0x37292937, 0x3a373737, 0x37373737, 0x37373737, 0x37373737, 0x37373a37, 0x3a373737,
0x27373726, 0x37513737, 0x29373737, 0x37373737, 0x37373729, 0x37373737, 0x37373737, 0x3737373a,
0x37373737, 0x51373737, 0x37373737, 0x38385138, 0x3a373737, 0x37383a38, 0x37373737, 0x37383837,
0x27272727, 0x37373727, 0x37372737, 0x37373737, 0x37373737, 0x37373737, 0x37373737, 0x37373737,
0x37373738, 0x37373737, 0x38383737, 0x37373738, 0x37513837, 0x37373737, 0x37513837, 0x37373737,
0x37273738, 0x27272737, 0x27273837, 0x27262727, 0x27263737, 0x37372727, 0x37372737, 0x37373737,
0x27273737, 0x27272727, 0x27272737, 0x37373727, 0x27262737, 0x38383731, 0x27273737, 0x38373731,
0x27312727, 0x31273127, 0x27272727, 0x31313131, 0x31373727, 0x38383231, 0x38373737, 0x32313838,
0x38383838, 0x3231384b, 0x38383838, 0x3838384b, 0x4b373838, 0x3838384b, 0x4b383838, 0x32383838,
0x27272738, 0x38323831, 0x31312738, 0x31273131, 0x31313238, 0x27273131, 0x31323832, 0x27313131,
0x32323832, 0x31313132, 0x32323838, 0x27273131, 0x32383832, 0x31273132, 0x32323232, 0x32313232,
0x31323131, 0x31232327, 0x27323127, 0x32272723, 0x31323122, 0x23232327, 0x27272727, 0x22232323,
0x32272727, 0x23233232, 0x32312727, 0x23233132, 0x32312732, 0x23222327, 0x27312738, 0x23232323,
0x31272732, 0x23272732, 0x4b323132, 0x23232332, 0x4b322323, 0x23232327, 0x23232222, 0x23232322,
0x23273123, 0x22233223, 0x23232327, 0x23232331, 0x23232223, 0x23232323, 0x23232223, 0x23232322,
0x23232323, 0x15151523, 0x23232322, 0x2315151f, 0x23232323, 0x1f152323, 0x23232323, 0x1f23231f,
0x23231f22, 0x1f232315, 0x23232323, 0x23232323, 0x24302323, 0x23232323, 0x23232323, 0x23232323,
0x231f1f1f, 0x15151f23, 0x231f1f1f, 0x1515151f, 0x151f1515, 0x15151515, 0x1f231f15, 0x1f1f1f15,
0x1f1f1f1f, 0x15151515, 0x1f1f1f23, 0x1f151515, 0x1f1f1f23, 0x1f1f1515, 0x23232323, 0x1f231f1f,
0x15151515, 0x12151515, 0x15151515, 0x15151515, 0x15151515, 0x151f1515, 0x1f1f1515, 0x151f1515,
0x15151515, 0x1f1f1f15, 0x1f151515, 0x1f1f231f, 0x1f151515, 0x151f1f1f, 0x1f151515, 0x151f1f1f,
0x12121515, 0x11111115, 0x11121515, 0x11111211, 0x11151515, 0x12151512, 0x12121215, 0x12121512,
0x1515151f, 0x11111112, 0x15151215, 0x11121215, 0x15151215, 0x15151515, 0x15151515, 0x15151515,
0x1211110b, 0x11121111, 0x12121111, 0x0b111112, 0x12111112, 0x11121111, 0x0b111112, 0x12111211,
0x12111111, 0x11121212, 0x12121212, 0x12121212, 0x11111515, 0x12121212, 0x12111215, 0x11121212,
0x12151212, 0x0b111212, 0x1111110b, 0x0b111212, 0x121f1f11, 0x0b0b1111, 0x1f1f1f15, 0x0b111112,
0x12121111, 0x0b0b1111, 0x11111111, 0x110b1111, 0x0b111212, 0x0b111111, 0x11111112, 0x11121512,
0x12111111, 0x11121212, 0x12110b11, 0x12121212, 0x1111110b, 0x11111111, 0x1111110b, 0x11121211,
0x0b110b09, 0x121f1211, 0x0b0b0b0b, 0x0b12120b, 0x0b091111, 0x11110b09, 0x09090b11, 0x0b0b0b0b,
0x09090911, 0x12121212, 0x09091212, 0x12201210, 0x09091212, 0x09121209, 0x090b0b0b, 0x12090909,
0x110b0b0b, 0x10090909, 0x120b0b0b, 0x09090912, 0x120b0b0b, 0x09090912, 0x11110b0b, 0x09090912,
0x09091212, 0x12101209, 0x09091009, 0x1f121f10, 0x12121f12, 0x1f10101f, 0x1f121212, 0x12121010,
0x10121209, 0x10100909, 0x09090909, 0x12101009, 0x12090909, 0x10101f1f, 0x09090909, 0x09090909,
0x10101f12, 0x10101f10, 0x10091f2e, 0x10101010, 0x1010101f, 0x10101010, 0x10101010, 0x10080910,
0x10101010, 0x09090910, 0x09100909, 0x09090909, 0x10090909, 0x09090909, 0x10090909, 0x10101010,
0x10091010, 0x2e2e1f1f, 0x10101010, 0x2e101010, 0x09091010, 0x2e101010, 0x10081009, 0x10101010,
0x10101009, 0x08090910, 0x10101010, 0x08100910, 0x10101010, 0x08101010, 0x10100909, 0x10090910,
0x45434542, 0x45704343, 0x42422e42, 0x43454242, 0x2e2e2e2e, 0x70454343, 0x1e2e2e2e, 0x4543422e,
0x08101010, 0x1e101010, 0x10101008, 0x1e1e1e1e, 0x1e100e08, 0x2e42422e, 0x10100808, 0x4345432e,
0x70744545, 0x70707070, 0x70707042, 0x70707370, 0x45704545, 0x4270a370, 0x2e424243, 0x70a37042,
0x1e1e2e1e, 0x8770421e, 0x2e42421e, 0x70432e2e, 0x4343432e, 0x422e4342, 0x45457045, 0x43434343,
0x42444770, 0x44454444, 0x2b1e4345, 0x1e3e1e1e, 0x422d2d1e, 0x1e1e1e42, 0x43424343, 0x43421e42,
0x432e4570, 0x42434343, 0x45437070, 0x43454570, 0x45457043, 0x43707070, 0x43434370, 0x43707070,
0x3e1e3e42, 0x2b3e3e1e, 0x4444423e, 0x423e423e, 0x43421e1e, 0x47687045, 0x47454243, 0x45458570,
0x43434743, 0x45457070, 0x1e424543, 0x43424242, 0x43424242, 0x432e4342, 0x43474543, 0x4343432e,
0x443e2b2b, 0x45444444, 0x1e1e3e44, 0x4545443e, 0x3e3e4445, 0x44424242, 0x45454544, 0x44424245,
0x67454247, 0x42424545, 0x45454345, 0x45454242, 0x45424343, 0x45454442, 0x47454343, 0x43454442,
0x3e424444, 0x443e423e, 0x3e444442, 0x44444242, 0x42454442, 0x3e424542, 0x44687044, 0x44454745,
0x45454542, 0x45454245, 0x43457045, 0x70454545, 0x42457070, 0x70454545, 0x70704542, 0x70454545,
0x67684544, 0x44443e45, 0x67674444, 0x44444445, 0x45454444, 0x44444444, 0x45454445, 0x3e3e4444,
0x3e444545, 0x1e3e4242, 0x42447070, 0x3e424444, 0x45454545, 0x44424444, 0x67706745, 0x42444544,
0x44454544, 0x6f4a4a45, 0x42444444, 0x6f6f6f45, 0x44444444, 0x6f6f6f45, 0x4444443e, 0x6f6f6f45,
0x45424242, 0x6f6f6f45, 0x45454242, 0x8280706f, 0x6f454545, 0x6f806f6f, 0x4a454545, 0x8282806f,
0x736f736f, 0x73737382, 0x8181816f, 0x6f6f6f81, 0x81738282, 0x816f8182, 0x8282826f, 0x81818182,
0x6f816f6f, 0x84828284, 0x6f817d82, 0x84828282, 0x81828282, 0x8181827d, 0x81828282, 0x81818182,
0x84838181, 0xbec1c1b0, 0x8b838181, 0xbebebeb0, 0x83838181, 0xbebebeb0, 0x83838183, 0xbebeb08b,
0x8b838484, 0xbebe8b8a, 0xb0b08484, 0xbebe8a8b, 0xb08b8484, 0xbebebebe, 0xb08b8483, 0xbebebebe,
0xbebec1be, 0xbec2c0be, 0xbebebebe, 0xbec2c2c0, 0xc2c1c1be, 0xc0c2c2c0, 0xc2c2c2be, 0xc2c0c2c2,
0xc6c6c2c1, 0xc0c0c2c6, 0xc2c2bec1, 0xc2bebebe, 0xbebec1c1, 0xc2bebebe, 0xc2c2c1c1, 0xbebebebe,
0xbebebebe, 0xbdbdbdbd, 0xbebebebe, 0xbdbebebe, 0xbebec0c0, 0xbdbdbebe, 0xbebec0c0, 0xc0c0bebe,
0xbebec0be, 0xc0c0c0be, 0xbebec0c0, 0xbdbec0be, 0xbec0c6c2, 0xbdbdbdbd, 0xbebec0c0, 0xbdbdbebe,
0xbdbdbdbd, 0xbfbfbdbd, 0xc0bdbdbd, 0xbdbfbd8a, 0xc0c0bdbd, 0xbdbfbfbf, 0xbfc0c0bd, 0x8a8abdbd,
0xbdc0c0c0, 0xbd8a8abd, 0x8abdbdbd, 0xbfbdbd8a, 0xbdbdbdbd, 0xbfbfbfbd, 0xbfc0bdbd, 0x8abdbfbf,
0x8abdbfbd, 0x8a8a8a8a, 0x8a8abfbf, 0x8a8a8abf, 0x8a8abdbf, 0x8a8a8a8e, 0x8ebfbfbd, 0x8a8e8e8e,
0x8abfbfbd, 0x8a8e8e8e, 0x8a8a8abd, 0x8a8e8e8a, 0x8a8abdbf, 0x8a8abfbf, 0xbfbfbfbd, 0x8a8a8ebf,
0xdedededf, 0xdeded9d9, 0xdfdededf, 0xd9dedfdf, 0xdedededf, 0xd9d9dedf, 0xdedededf, 0xdededede,
0xdedededf, 0xdededede, 0xdedbdede, 0xdededede, 0xdeded9de, 0xdededede, 0xdedbdbdb, 0xdeded9db,
0xdbdeded9, 0xd9d9dbdb, 0xdeded9d9, 0xcbd9dbdb, 0xdeded9de, 0xcbd9d9db, 0xdbdedede, 0xcbcbd9d9,
0xd9decbde, 0xcbcbd9d9, 0xdeded9d9, 0xcbcbd9db, 0xdededede, 0xcbcbd9db, 0xdedbdbdb, 0xcbcbcbdb,
0xcbc8cbd9, 0xcbd9d9d9, 0xcbc8c8cb, 0xd9d9d9cb, 0xc8c8cbcb, 0xcbcbcbcb, 0xcbc8cbcb, 0xd9cbcbcb,
0xcbc8cbcb, 0xcbcbcbcb, 0xc8cbcbcb, 0xcbcbcbc8, 0x91c8cbc8, 0xd9cbcbc8, 0x91929292, 0xcbcbc892,
0xdbdbdbcb, 0xdbdbdbdb, 0xdbdeded9, 0xd9d9dbd9, 0xdbdbd9cb, 0xd6d9d9d9, 0xd9d9cbcb, 0xd9d9d9d9,
0xd9d9cbcb, 0xd6d9d9db, 0xd9cbcbcb, 0xd9cbd9db, 0xcbcbcbcb, 0xd9cbd9d9, 0xcbcbcbcb, 0xd9cbd9d9,
0xb3d6d8d9, 0xb2b6c9b3, 0xb3cbd6d6, 0xb2b6b288, 0xb3cbd8d6, 0xb2b2b288, 0xc9d6dbdb, 0xb288b2b3,
0xc9d6dbdb, 0xb2b2b2b3, 0xcbd6d6d9, 0xb3b3b3b3, 0xcbcbd6db, 0xb3c9b3b3, 0xcbcbd6d9, 0xb2c9b3c9,
0xa588a588, 0x4878757a, 0x76767a88, 0x4875787b, 0xa5887a7a, 0x757b88a5, 0xa5a57676, 0x7b7a88a5,
0xb2888888, 0x7b88b288, 0x88b2b3b2, 0x7ba5b276, 0x88b2b2b2, 0x7588a576, 0x88888888, 0xa5b28876,
0x75484848, 0x6e486b75, 0x756b6b6b, 0x7548757b, 0x6b487575, 0x48487575, 0x6b487575, 0x6b78756b,
0x6b757575, 0x6b484848, 0x6b7575a5, 0x6b484848, 0x48487575, 0x75756b6b, 0x6b757588, 0x78757575,
0x636b486b, 0x78636b6b, 0x6b6b6b6b, 0x6b634763, 0x786b6b6b, 0x6b6b6b77, 0x6b6b6347, 0x6d6b6363,
0x6b6b6b6b, 0x786b6b6b, 0x6b6b6b6b, 0x6b6b6b63, 0x47476b6b, 0x6d636363, 0x636b7878, 0x786d6b6b,
0x786d77a1, 0x9d779da0, 0x6d776d9d, 0x9c777778, 0x776d6b6b, 0x6d6d6377, 0xaaa16d77, 0x6d6d6d9d,
0xa0787777, 0x6d6d779d, 0x6d777877, 0x9c9d6d6d, 0x6d9d7878, 0x9c6d6d77, 0x6d9daaa0, 0x9c6d7777,
0x9c9c9c9c, 0xa99d999c, 0x6d6d6d6d, 0x9d9d999c, 0x6d6d6d6d, 0x9d9d9c9c, 0x6d6d9c6d, 0x9c9d9c9c,
0x9d6d6d9d, 0x9da99c6d, 0x6d6d6d6d, 0x9d9d9d6d, 0x6d9c9c9c, 0x999d9d99, 0x9c6d9d9d, 0x9c9c9c9c,
0x9da7acac, 0xa9a9a0a0, 0xa7a7a9a9, 0xaaa0a0a9, 0xa9a7a9a9, 0xaca9a9a9, 0xaaa96d9c, 0xa9a9a9a9,
0xa9a96d9c, 0xa9a9a9a9, 0x9da99d9c, 0xa0a9a99c, 0x9da99d99, 0x9ca0a09c, 0x9ca9a79d, 0x9c9c9c9c,
0xa9ac9ca9, 0xa0a0a0a0, 0x9ca99caa, 0xa0a0a99c, 0xa9a0a0a9, 0xa0a9a09c, 0xa9a0a0a0, 0xa0a9a0a9,
0xa9a0a0a0, 0xa0a0a09c, 0x9c9c9ca0, 0xa9a99ca9, 0xa0a0a99c, 0xaca9a9a9, 0xa99ca9a0, 0xa0acaca0,
0x7a77a0ac, 0x6b776ba0, 0x77a0a4a0, 0x6b77776b, 0x6c7777a0, 0x77776b6b, 0x776b77a0, 0xa4777777,
0x776b77a0, 0x6b77776b, 0x7777a0a0, 0x777a706b, 0xa0a0a0a0, 0x75777a77, 0xa0a0a0a0, 0xa47aa4a0,
0x7a7a6b6b, 0x4747477a, 0x707a7477, 0x4e4e474e, 0x7a707077, 0x47707670, 0x70707477, 0x4e4e7047,
0x707a7077, 0x46477076, 0x707a7075, 0x4e477670, 0x7a7a7a6b, 0x7047707a, 0x767aa47a, 0x46464770,
0x46477046, 0x43464746, 0x4e464747, 0x47464646, 0x4e474746, 0x46464346, 0x4e707647, 0x47464676,
0x4e474646, 0x4646464e, 0x4e464670, 0x462f2f70, 0x764e464e, 0x2f2f2f70, 0x704e4646, 0x434d4e46,
0x462f2f46, 0x2f2f2f2f, 0x2f2f4e4e, 0x2f2f2f2f, 0x2f464646, 0x2f2d2f2d, 0x2f2f2f46, 0x462f2f2f,
0x2f2f2f46, 0x2f21212d, 0x2f2f2f46, 0x2f2f2f21, 0x2f2f2f2f, 0x212f2f46, 0x462f2f2f, 0x21212f2f,
0x21212f2f, 0x20202121, 0x2f2f4d46, 0x20212121, 0x2f2f2f2f, 0x21212121, 0x2f212146, 0x2121212f,
0x2f2f2f2f, 0x21212121, 0x2f2f2f2f, 0x2121212f, 0x2f2f2f2f, 0x21212121, 0x2f2f2f2f, 0x21212f2f,
0x13131320, 0x13131313, 0x13131320, 0x13131313, 0x13132020, 0x1613131f, 0x13132020, 0x16131613,
0x16162020, 0x13131313, 0x16202021, 0x13131313, 0x13132021, 0x1f1f1f16, 0x13202121, 0x2020201f,
0x20201616, 0x20202016, 0x2020161f, 0x33202020, 0x16161616, 0x20202016, 0x13131316, 0x16162013,
0x13131316, 0x20161613, 0x13131316, 0x16161616, 0x13131616, 0x13131313, 0x13131316, 0x16161613,
0x20202424, 0x16131616, 0x24202434, 0x161f2420, 0x20243324, 0x1f1f2020, 0x20202420, 0x16162020,
0x20161616, 0x30202020, 0x20201620, 0x33202020, 0x16161616, 0x33202020, 0x16201616, 0x24212016,
0x16161616, 0x16121616, 0x20201f1f, 0x1616161f, 0x1f201f20, 0x16161616, 0x1f202020, 0x16161616,
0x161f2024, 0x1f161616, 0x24202024, 0x231f161f, 0x24202433, 0x231f161f, 0x20202024, 0x1f161f20,
0x16162316, 0x23192323, 0x16162416, 0x19232323, 0x16161f16, 0x23232316, 0x16161616, 0x1f232323,
0x23231f23, 0x23232323, 0x1f232323, 0x16162323, 0x231f2323, 0x16232323, 0x2323231f, 0x16242323,
0x15191619, 0x23231915, 0x19231f16, 0x19232316, 0x19242416, 0x19162323, 0x16161623, 0x16161616,
0x1f161624, 0x34241f16, 0x1f241f1f, 0x2424241f, 0x1f232424, 0x24202016, 0x1f242424, 0x3324241f,
0x32322723, 0x32322828, 0x23232319, 0x23232328, 0x28232319, 0x23232328, 0x23231916, 0x23232323,
0x23242424, 0x23232323, 0x23242424, 0x23232323, 0x23283224, 0x32282423, 0x23323424, 0x24242323,
0x23232327, 0x23232327, 0x23231919, 0x23232323, 0x23232323, 0x32322823, 0x23232323, 0x28232323,
0x23232323, 0x23232323, 0x23232824, 0x28232323, 0x23232828, 0x23232319, 0x28232424, 0x23232323,
0x27272727, 0x27272723, 0x27273228, 0x27272727, 0x27283228, 0x27232327, 0x23282323, 0x27232332,
0x23232823, 0x23272323, 0x28232328, 0x28283228, 0x28282323, 0x28282828, 0x23323223, 0x32282828,
0x27272327, 0x27232223, 0x27272327, 0x27271923, 0x28272727, 0x27272227, 0x27272832, 0x27272727,
0x23272723, 0x32313127, 0x23232323, 0x27272727, 0x32272832, 0x23272732, 0x27232832, 0x27272727,
0x27272727, 0x27272727, 0x27272727, 0x27272727, 0x27272727, 0x27312727, 0x27271922, 0x27383727,
0x31312727, 0x374b4b31, 0x27272727, 0x31383827, 0x27272727, 0x27313827, 0x27272727, 0x31273132,
0x27272727, 0x37272737, 0x27272727, 0x37273731, 0x26272727, 0x27272727, 0x31313727, 0x37373727,
0x31313131, 0x26272727, 0x27273131, 0x31374b38, 0x31273737, 0x37373837, 0x38312727, 0x37383837,
0x27373737, 0x26263727, 0x37373737, 0x27272727, 0x27373727, 0x27272727, 0x27372727, 0x26272726,
0x27372727, 0x27272727, 0x37373727, 0x27272737, 0x27273737, 0x37272727, 0x27272737, 0x27312727,
0x26262627, 0x26262927, 0x27262737, 0x26272927, 0x37373729, 0x26373737, 0x29292727, 0x29373737,
0x37272738, 0x27263737, 0x37373738, 0x37375138, 0x27272737, 0x37373729, 0x27272727, 0x27262926,
0x37373729, 0x37373737, 0x37513726, 0x37373737, 0x37372626, 0x37373737, 0x37373737, 0x37373737,
0x37375137, 0x37373737, 0x37373737, 0x51513737, 0x51513737, 0x51373737, 0x51375137, 0x37373a51,
0x37373a37, 0x37373737, 0x51545137, 0x3737373a, 0x56545137, 0x37375151, 0x51373737, 0x5151513a,
0x38373737, 0x51515137, 0x37373737, 0x37375138, 0x37373737, 0x3737513a, 0x53513737, 0x37373851,
0x37383737, 0x37373738, 0x38513837, 0x37383838, 0x37383837, 0x38373737, 0x37375153, 0x38373737,
0x37375154, 0x51383737, 0x37373737, 0x38373838, 0x38515151, 0x38373738, 0x38385151, 0x38373737,
0x37373837, 0x37373737, 0x384b3737, 0x37373737, 0x37373738, 0x37373737, 0x37373738, 0x31373837,
0x37373738, 0x37373738, 0x37373737, 0x38383737, 0x37373738, 0x38373127, 0x37373738, 0x37313131,
0x38383838, 0x32323832, 0x31313737, 0x32323131, 0x31383731, 0x31313132, 0x38383731, 0x31313232,
0x31313131, 0x31313132, 0x32313131, 0x31313232, 0x38313131, 0x32313232, 0x31313138, 0x32313838,
0x31313232, 0x31313132, 0x31313131, 0x32313131, 0x31313131, 0x4b322727, 0x31313231, 0x31313131,
0x38313131, 0x31313132, 0x32313131, 0x31313131, 0x32323838, 0x27323231, 0x32324b38, 0x31323831,
0x27272732, 0x23232327, 0x23272731, 0x27232323, 0x23273132, 0x32322222, 0x32312727, 0x23232327,
0x32272727, 0x22232327, 0x31312731, 0x23312323, 0x27273131, 0x23232323, 0x31313132, 0x23232323,
0x23232323, 0x23232330, 0x22232323, 0x23232322, 0x23232223, 0x23233223, 0x23232222, 0x23232323,
0x23232322, 0x23222222, 0x23232322, 0x30232323, 0x23222222, 0x32323223, 0x23222223, 0x23242323,
0x1f232323, 0x23232315, 0x23232322, 0x1f1f2323, 0x24232323, 0x1f233023, 0x23232323, 0x1f232323,
0x2323231f, 0x23232323, 0x23232323, 0x23232323, 0x23231f23, 0x24232423, 0x23232332, 0x23232323,
0x1f1f2323, 0x1f1f1f1f, 0x231f1f15, 0x231f2323, 0x23231f1f, 0x1f1f2323, 0x1f1f1f1f, 0x231f1f1f,
0x1f1f2323, 0x1f231f1f, 0x1f1f2323, 0x1f232323, 0x24232323, 0x1f232330, 0x34302323, 0x23231f24,
0x1f1f1515, 0x1f1f1f1f, 0x1f1f151f, 0x1f1f1f1f, 0x1f1f1f1f, 0x1f1f1f1f, 0x1f1f1f23, 0x15151f1f,
0x1f1f151f, 0x1f1f151f, 0x1f1f1f1f, 0x1f1f1f1f, 0x231f1f1f, 0x1f1f1f23, 0x23231f1f, 0x1f1f1f23,
0x15151515, 0x1f151f15, 0x1215151f, 0x1f151f15, 0x15151515, 0x12151f15, 0x1f231f15, 0x151f1f1f,
0x151f2323, 0x1f1f1f1f, 0x1515151f, 0x15151515, 0x1515151f, 0x15151515, 0x1f151f1f, 0x1515151f,
0x12121215, 0x12121212, 0x1212121f, 0x15121212, 0x12121115, 0x1f1f1515, 0x15151212, 0x15151515,
0x15121212, 0x15121515, 0x12121112, 0x1f1f1515, 0x15121515, 0x1f1f1515, 0x15151f1f, 0x1f121215,
0x11111112, 0x12121512, 0x12121212, 0x15151212, 0x15151512, 0x15151515, 0x1f151212, 0x15151515,
0x1f1f1515, 0x1111151f, 0x1f1f1f1f, 0x1515151f, 0x23231f1f, 0x15151f1f, 0x1f231f23, 0x15151515,
0x0b0b1111, 0x0b0b0b0b, 0x0b111111, 0x15110b0b, 0x11151f1f, 0x1f121211, 0x12121512, 0x15151212,
0x15151511, 0x11121211, 0x0b111515, 0x1112110b, 0x11151515, 0x15151111, 0x15151f1f, 0x1515111f,
0x15151512, 0x09121215, 0x151f1f15, 0x0912121f, 0x1115151f, 0x09091112, 0x0b111515, 0x1212120b,
0x11111111, 0x12120b0b, 0x12121111, 0x12121212, 0x12151511, 0x12121212, 0x11121111, 0x12121211,
0x09090909, 0x09090909, 0x09090909, 0x09090909, 0x09090909, 0x12090909, 0x12121212, 0x121f1212,
0x12121216, 0x12201f12, 0x12121212, 0x11121512, 0x12121212, 0x12151211, 0x12151512, 0x121f1212,
0x10120909, 0x09121010, 0x202e1209, 0x12101020, 0x202e1f12, 0x1f1f1f1f, 0x12121112, 0x121f1f12,
0x1f1f1209, 0x12121f1f, 0x121f1f12, 0x12121f12, 0x12121212, 0x12121212, 0x09101212, 0x12120912,
0x101f1009, 0x10101010, 0x1f1f121f, 0x2e20101f, 0x2e1f1f1f, 0x2e2e202e, 0x1f1f201f, 0x2e201f12,
0x13121212, 0x2e202010, 0x131f121f, 0x492e201f, 0x1f1f1f1f, 0x4912121f, 0x13121212, 0x2e1f1010,
0x42421e08, 0x70704543, 0x70704343, 0x4f857070, 0x4f432e70, 0x70704370, 0x422e202e, 0x70352e42,
0x432e2e2e, 0x4f432e42, 0x432e2e20, 0x70434370, 0x3570432e, 0x70433570, 0x432e354d, 0x704f7070,
0x7045704f, 0x43434370, 0x70707070, 0x2e2e4370, 0x85858585, 0x1e2e704f, 0x85707070, 0x43437085,
0x43454370, 0x43433543, 0x2e434370, 0x432e432e, 0x2e2e4343, 0x2e2e2e43, 0x2e204243, 0x2e2e4242,
0x4f434370, 0x43454370, 0x70437043, 0x434f4f4f, 0x4343432e, 0x704f7070, 0x3543432e, 0x85354370,
0x43432e43, 0x85352e43, 0x43434343, 0x4f352e2e, 0x43424343, 0x42422e2e, 0x422e2e42, 0x35352e2e,
0x42434243, 0x45434342, 0x43434345, 0x422e2e42, 0x70707070, 0x1e2e4243, 0x43437070, 0x2e424343,
0x4370704f, 0x4243421e, 0x4f857085, 0x43434342, 0x704f7045, 0x43437070, 0x4f49454f, 0x43437085,
0x45454345, 0x42454242, 0x45432e42, 0x42421e42, 0x42424343, 0x70704543, 0x1e424342, 0x45454542,
0x43464343, 0x42424243, 0x4343422e, 0x2e434343, 0x2e43432e, 0x43432e2e, 0x2e434d4d, 0x432e432e,
0x70707042, 0x70457045, 0x45424545, 0x74a37045, 0x45424245, 0x45707045, 0x45454543, 0x42704545,
0x43424345, 0x45707070, 0x45457070, 0x45457070, 0x70354342, 0x45454570, 0x45424235, 0x70704545,
0x45456845, 0x42676745, 0x42454545, 0x3e456842, 0x45707070, 0x45457045, 0x70707045, 0x45444545,
0x70706f45, 0x45707070, 0x706f4545, 0x6f73706f, 0x704a6f70, 0x6f6f7370, 0x6f6f706f, 0x6f6f6f6f,
0x45424242, 0x8282826f, 0x6f454542, 0x6f82806f, 0x4a424545, 0x6f7d826f, 0x6f4a4245, 0x6f826f6f,
0x4a454545, 0x80826f45, 0x456f4a45, 0x82826f6f, 0x706f456f, 0x82827d6f, 0x6f826f70, 0x80828080,
0x82828482, 0x847d8182, 0x8181827d, 0x847d817d, 0x826f6f6f, 0x84848282, 0x847d6f6f, 0x7d818282,
0x82816f6f, 0x7c7d8182, 0x81827d6f, 0x7c7d7d82, 0x84827d6f, 0x7d7d7d82, 0x827d6f6f, 0x837d6f7d,
0x8b8b8383, 0xbebec1be, 0xb08b8381, 0xc1bebebe, 0xbe8b8481, 0xc1c1bebe, 0xbebe8b81, 0xc2bec1c2,
0xc1c18b83, 0xbebebec1, 0xc1c1be83, 0xbebebebe, 0xc1c1be83, 0xc1c1c2c1, 0xbebec183, 0xc2c2c2c1,
0xc2c2bec2, 0xbebebebe, 0xbec0bec2, 0xbebebebe, 0xbebebec1, 0xbebebebe, 0xc0bebec2, 0xbebebec0,
0xbec0c2c2, 0xbebec0be, 0xbec0c0be, 0xbebebebe, 0xbebebebe, 0xbebebebe, 0xbebebebe, 0xbebebec0,
0xbebec0c0, 0xbdbdbebe, 0xbebec0be, 0xbd8abdbd, 0xbebebebe, 0xc0bd8abd, 0xbdbdbebe, 0xbdbdc0be,
0xbebdbdbe, 0xbdbec0bd, 0xbdbdbebe, 0xbdbebdbd, 0x8a8abebe, 0xbdbd8a8a, 0x8a8a8abe, 0xbd8a8a8a,
0xbfbdbfbd, 0x8a8abfbf, 0xbfc0bdc0, 0xbfbfbfbf, 0xbdbdbdbd, 0xbfbfbfbd, 0xbd8abdbd, 0x8abdbdbf,
0xbd8a8abd, 0x8abdbdbd, 0xbdbdbdbd, 0xbdbdbdbd, 0x8a8a8a8a, 0xbd8abd8a, 0x8a8a8a8a, 0x8a8a8a8a,
0xbfbfbfbf, 0x8a8a8abf, 0xbfbfbfbf, 0x8a8a8abf, 0x8e8ebfbf, 0x8e8a8abf, 0xbf8a8a8a, 0x8e8a8abf,
0x8a8a8a8a, 0x8a8a8a8a, 0x8a8a8abf, 0x8a8a8a8a, 0x8ebfbfbf, 0x8a8a8a8a, 0xbfbfbfbf, 0x8a8a8a8a,
0xd9d6d6db, 0xd9dbd9db, 0xcbc9d6db, 0xd9d9dbd6, 0xd8d6d6db, 0xdbd9d9d9, 0xd6c9d6db, 0xd9d6d6d6,
0xd6c9d6db, 0xd6d6d6d6, 0xc9c9d6db, 0xd6d6d6c9, 0xd6d6d6db, 0xc9d6d8d6, 0xd6d8d8db, 0xc9d8d6d6,
0xdededed9, 0xcbcbd9db, 0xdededed9, 0xd9dbdbde, 0xdedededb, 0xcbd9dede, 0xdedbdbdb, 0xcbd9d9de,
0xdedbd9db, 0xd9d9dbde, 0xdedbdbdb, 0xd9dbdbdb, 0xd9d9dbd9, 0xd9dbd9d9, 0xd9dbd9d6, 0xd9dbdbd9,
0x91c8c8c8, 0xcbc8c892, 0xc8c8c8cb, 0xcbc8c8c8, 0xc8c8c8cb, 0xc8c8cbc8, 0xc8c8c8cb, 0xcbcbcbc8,
0xcbc8c8cb, 0xc8cbc8cb, 0xcbc8c8cb, 0xc8c8c8c8, 0xc8c8cbcb, 0x92c8c8c8, 0xcbc8c8cb, 0xc8c892c8,
0xcbcbcbcb, 0xd9cbcbcb, 0xcbcbcbcb, 0xcbcbcbc8, 0xcbc8c8cb, 0xcbcbc8c8, 0xc8c8cbcb, 0xcbc8c8c8,
0xc8c8cbcb, 0xc8c8c8c8, 0xc8c8cbcb, 0xcbc8c8c8, 0xc8c8cbc3, 0xcbcbc8cb, 0xc8c8cbc3, 0xcbcbc892,
0xcbcbd6d9, 0x88b3c8c9, 0xcbcbd6cb, 0xb3b3c9cb, 0xcbcbd9cb, 0xb3c9c8cb, 0xcbcbcbcb, 0xc8c8c9cb,
0xcbcbc8c8, 0xc8c8cbcb, 0xcbc892c8, 0xc8c8cbcb, 0xcbc8c8cb, 0xc8cbc8cb, 0xc8c8cbcb, 0xc8cbc8cb,
0x88888888, 0x7b887675, 0xb2888888, 0x75767a88, 0xb288b2b3, 0x758888b2, 0xb2b2b3b3, 0x768888b2,
0x88b2b3c8, 0x7b8888b3, 0x88b3c8c8, 0x8888b2b3, 0x76b3b3b1, 0x7a76b288, 0x88b2b3c8, 0x7688b288,
0x7575757b, 0x75757575, 0x48487575, 0x6b484848, 0x4848767a, 0x6b484847, 0x48757575, 0x6b484748,
0x48757b76, 0x75756b48, 0x487a767b, 0x6b6b4848, 0x757b7676, 0x756b4848, 0x7a7a4875, 0x6b754848,
0x6b6b6b75, 0x78776b6b, 0x6b6b6b6b, 0x786b6b6b, 0x6b6b6b6b, 0x6d6d6b6b, 0x6b6b6b6b, 0x6d77786b,
0x6b6b7878, 0x776d6b6b, 0x6b6b6b78, 0x6d6b6d6b, 0x776b6b75, 0x6d6b6d6d, 0x78776b6b, 0x786d6b6b,
0xa0a0aaaa, 0x9c6d6b9d, 0x9d9da0aa, 0x9c776d77, 0xa0a0a09d, 0x9d9c6d77, 0xa0a0aa77, 0x9c9d779d,
0xa09dac9d, 0x9c9d779d, 0xa0a1aa9d, 0x9d9d7777, 0xa0a1a0a0, 0xa9a09d77, 0x9d779daa, 0x9c9da09d,
0x9c6d6d9d, 0x9c9c6d99, 0x9c9d6d9c, 0x9c9c6d9c, 0x6d9c9c9c, 0x9d9d9c9c, 0x9c6d996d, 0x9c9c9d9d,
0x9c9d9c9c, 0x9d9c9c9d, 0xaaa06d77, 0xa09c9ca9, 0xadaa9d9d, 0xa0a9a0aa, 0xadac9c9c, 0xa0a0a0ac,
0x9c9d9d9c, 0xa09c9c9c, 0x9c9c9c9c, 0xa9a09d9c, 0x9c9c9c99, 0xa0a09c9c, 0x9c9ca79c, 0x9c9ca09c,
0x9c9da99d, 0xa9a9a99c, 0x9c9c9ca9, 0xa9a9a9a0, 0xa9a9a9ac, 0xa9a9a9aa, 0xa9a0a9ac, 0xa9a9a9a9,
0xa0a0a0a0, 0xa0a9a9a0, 0xa9a0a0a0, 0xa9a9a9a9, 0xa9a0a0a9, 0xa0a9a9a9, 0xa0a0a0a9, 0xa0a0a0a0,
0xa0a0aaa9, 0xa0acaca9, 0xa0a0a9a0, 0xa0a0a0a9, 0xaca0a9a9, 0xacaca9a9, 0xaca0a0a9, 0xa0a0a9ac,
0x7aa0a0a0, 0x70757aa0, 0xa0a0a0a0, 0x7a7a7a77, 0xa0a077a0, 0xa4a5a077, 0xa0a0a0ac, 0x7a7a77a0,
0xa0a0aca0, 0x7aa47aa5, 0xa0a0a0a0, 0x887a77a0, 0xa0a0a0a0, 0xa57a75a0, 0xaca0a0a0, 0xa47a77a0,
0x70707a7a, 0x4e857676, 0x4e707077, 0x70767070, 0x4e7a767a, 0x46474647, 0x4e76a488, 0x46704e4e,
0x4e707570, 0x474e7070, 0x4e47477a, 0x474e474e, 0x767a887a, 0x4688474e, 0x47477aa4, 0x47764e46,
0x704e4e4e, 0x4346464e, 0x70464647, 0x2f467685, 0x4d46704e, 0x2f4e4f4d, 0x4e854e46, 0x4646704f,
0x76877046, 0x464e4e85, 0x4670764e, 0x43464646, 0x4e46474e, 0x46464646, 0x764e474e, 0x704e464d,
0x2f2f2f2f, 0x2f212f2f, 0x212f2f2f, 0x212f212f, 0x2f464f46, 0x2121212f, 0x2f2f4d4d, 0x352f212f,
0x2f2f2f43, 0x2f21212f, 0x2f2f2f43, 0x2f2f212f, 0x2f2f2f46, 0x2f21212f, 0x2f4d4f85, 0x2121212f,
0x2f2f2121, 0x212f2f2f, 0x2f212121, 0x2f4d2f2f, 0x2f212f21, 0x2f2f212f, 0x2f212f35, 0x2f2f2f2f,
0x212f2f2f, 0x2f2f2f21, 0x21212121, 0x2f2f2121, 0x212f212f, 0x2f212f21, 0x212f2f2f, 0x2f212121,
0x20212121, 0x20201f20, 0x21212121, 0x16131f20, 0x21212121, 0x1f162020, 0x21212121, 0x13202021,
0x21212f2f, 0x20202121, 0x21212f4d, 0x21212121, 0x2f2f4d4f, 0x21212121, 0x212f4d4d, 0x21212121,
0x1316131f, 0x16161313, 0x1f161f1f, 0x161f1313, 0x2020201f, 0x1f1f201f, 0x1f20201f, 0x161f1613,
0x20202016, 0x16161616, 0x20202420, 0x24162016, 0x20202021, 0x20202020, 0x20202421, 0x16161620,
0x13161620, 0x20243316, 0x13162016, 0x20202016, 0x16132020, 0x20162020, 0x20131320, 0x20202124,
0x16161313, 0x13161616, 0x16161316, 0x16202016, 0x16201616, 0x20212121, 0x16202020, 0x21201616,
0x24202020, 0x201f2020, 0x20202020, 0x1f202020, 0x16202020, 0x20202016, 0x20202120, 0x20202120,
0x20212120, 0x20162021, 0x21202020, 0x20212121, 0x20202120, 0x21212120, 0x24212121, 0x21242124,
0x23231f24, 0x23241623, 0x23242424, 0x24231616, 0x1f24241f, 0x241f1616, 0x1f1f2020, 0x241f1f16,
0x1f242420, 0x1f1f1f16, 0x20202020, 0x201f1f1f, 0x20202024, 0x16161620, 0x21202021, 0x20202420,
0x20242416, 0x2424241f, 0x33342423, 0x24242430, 0x24242424, 0x24201620, 0x1f1f1f24, 0x24241616,
0x1f242424, 0x2424161f, 0x24242420, 0x24241620, 0x24241f1f, 0x16202020, 0x24162024, 0x20201620,
0x23282424, 0x23232323, 0x24242834, 0x24242423, 0x28323434, 0x23242424, 0x3232241f, 0x23322323,
0x32282424, 0x24322424, 0x24242424, 0x23242424, 0x24242424, 0x24242428, 0x24242424, 0x24242824,
0x28282823, 0x23232328, 0x28324b28, 0x23231923, 0x28232824, 0x23232323, 0x32232832, 0x23232328,
0x23233232, 0x23232323, 0x23233424, 0x24282323, 0x23322424, 0x32282324, 0x23232323, 0x24282323,
0x28323232, 0x32282332, 0x28273228, 0x32322328, 0x23232323, 0x32323228, 0x28282823, 0x28283228,
0x23232823, 0x28282823, 0x23232323, 0x23282323, 0x24282824, 0x28282823, 0x24244b34, 0x28282824,
0x27283228, 0x27272327, 0x32323232, 0x27272727, 0x32322323, 0x27272727, 0x28322828, 0x27272828,
0x23282323, 0x27272828, 0x28282823, 0x28272832, 0x28282828, 0x28283232, 0x28283228, 0x28283232,
0x27273227, 0x38382731, 0x27272727, 0x38383138, 0x32272727, 0x27323832, 0x38272327, 0x27272727,
0x27272727, 0x27272727, 0x27322727, 0x27272727, 0x27322723, 0x27273127, 0x27322723, 0x27273232,
0x38273132, 0x3737384b, 0x27272732, 0x31313737, 0x37273127, 0x37383838, 0x27272731, 0x38383831,
0x32272727, 0x37372727, 0x27272727, 0x27312727, 0x27272727, 0x27382727, 0x27272727, 0x38382727,
0x27272727, 0x37373737, 0x37383837, 0x37373738, 0x38373838, 0x37373738, 0x38374b38, 0x3737384b,
0x38383727, 0x38373838, 0x38383827, 0x37373738, 0x4b383131, 0x37383138, 0x32273138, 0x37383832,
0x27272727, 0x37373726, 0x38372737, 0x51513837, 0x38372727, 0x37293737, 0x27272727, 0x51372929,
0x37372737, 0x37513837, 0x37513837, 0x37513837, 0x27373737, 0x383a3837, 0x27272737, 0x37373737,
0x3a375138, 0x37513851, 0x37373738, 0x51513737, 0x37373837, 0x51513751, 0x38373751, 0x51373751,
0x37373737, 0x37373737, 0x37373737, 0x37372726, 0x37373737, 0x26262929, 0x29272737, 0x51373729,
0x51515138, 0x37373751, 0x51515151, 0x37373751, 0x51383837, 0x37513837, 0x38373751, 0x37373737,
0x37373751, 0x37373737, 0x37373737, 0x53513837, 0x37293729, 0x54545451, 0x53515151, 0x51515454,
0x37373737, 0x37373737, 0x37373737, 0x37373727, 0x37373737, 0x37373727, 0x37373737, 0x38373737,
0x37373737, 0x38515351, 0x38515354, 0x38385353, 0x51535153, 0x38515151, 0x51515151, 0x53545351,
0x37373738, 0x38383837, 0x38373737, 0x53534b38, 0x51383838, 0x53535351, 0x51385153, 0x53535351,
0x51515151, 0x51515151, 0x53515138, 0x53535151, 0x53515151, 0x4b4b5353, 0x53515153, 0x4b515353,
0x38383738, 0x38384b38, 0x4b383851, 0x384b4b4b, 0x4b4b4b53, 0x384b4b4b, 0x4b4b4b53, 0x3853534b,
0x51384b4b, 0x384b4b4b, 0x4b4b5153, 0x38384b53, 0x4b4b5351, 0x38384b4b, 0x38384b4b, 0x32383838,
0x32323838, 0x31313238, 0x384b4b38, 0x32323238, 0x4b4b4b38, 0x32323238, 0x38383838, 0x27313238,
0x31313132, 0x27313232, 0x31313838, 0x31323831, 0x32383838, 0x384b4b32, 0x38384b38, 0x324b3832,
0x31272727, 0x23232323, 0x27232331, 0x23272323, 0x27232327, 0x23232323, 0x27272327, 0x23232323,
0x23232727, 0x23232323, 0x27312727, 0x23323223, 0x32323232, 0x23232327, 0x4b322731, 0x23232332,
0x23222223, 0x30232323, 0x23232323, 0x23232323, 0x23232323, 0x1f232323, 0x23232322, 0x23232323,
0x23232323, 0x23232323, 0x22232323, 0x2323221f, 0x23232323, 0x24232323, 0x23323123, 0x30303223,
0x23232332, 0x23232323, 0x23232323, 0x23232323, 0x24232323, 0x23322323, 0x2323231f, 0x23323223,
0x23242323, 0x24232323, 0x23303023, 0x23232323, 0x23232323, 0x23232323, 0x23232323, 0x23232324,
0x30302324, 0x23232330, 0x23232324, 0x23233023, 0x231f2323, 0x231f2323, 0x23232323, 0x23232323,
0x23232323, 0x23232323, 0x23232323, 0x23232323, 0x23232323, 0x1f232330, 0x30302330, 0x23242330,
0x1f23231f, 0x231f2323, 0x241f1f23, 0x1f1f1f24, 0x23232323, 0x1f1f1f1f, 0x23231f23, 0x1f1f1f1f,
0x23302323, 0x1f1f1f1f, 0x23323023, 0x1f1f1f1f, 0x1f1f1f1f, 0x1f232323, 0x23232323, 0x1f1f2430,
0x1f1f1f24, 0x1f1f1515, 0x1f1f151f, 0x1f1f1515, 0x1f1f151f, 0x151f1f1f, 0x1f1f1f1f, 0x1515151f,
0x1f1f1f1f, 0x12151f1f, 0x1f1f1f1f, 0x12151f23, 0x1f1f1f1f, 0x1515151f, 0x30344930, 0x151f1f1f,
0x1515151f, 0x1f121212, 0x1f15151f, 0x1f151515, 0x12121212, 0x1f1f1f15, 0x15151512, 0x151f1f15,
0x15121212, 0x15121215, 0x12121112, 0x1f1f1512, 0x1f151212, 0x30301f23, 0x301f1212, 0x1f1f1f32,
0x1f1f1f1f, 0x1f151515, 0x151f1f1f, 0x1f151515, 0x151f1f1f, 0x15151f1f, 0x1f1f1f1f, 0x15152330,
0x1515231f, 0x1523231f, 0x15151f1f, 0x111f2315, 0x231f1f1f, 0x1f151f23, 0x2323231f, 0x1514151f,
0x15111515, 0x12151111, 0x15111115, 0x1515150b, 0x15141515, 0x0b11150b, 0x14141415, 0x141f2314,
0x14151515, 0x15222322, 0x1422231f, 0x23152222, 0x18223023, 0x27272722, 0x26221515, 0x22313731,
0x12111515, 0x12121211, 0x12121f15, 0x12111212, 0x12121211, 0x120b1212, 0x151f1514, 0x12121212,
0x0b151515, 0x15151f11, 0x11152215, 0x1f151511, 0x15141414, 0x15151515, 0x15151514, 0x1f151515,
0x11121212, 0x12121212, 0x12111112, 0x1212121f, 0x15111212, 0x1112121f, 0x11111112, 0x11111111,
0x12121f15, 0x11111212, 0x1f1f3030, 0x11121f12, 0x1112151f, 0x15111111, 0x11111115, 0x1f121111,
0x12121212, 0x12110909, 0x09091212, 0x1f121109, 0x09090911, 0x12121109, 0x12121112, 0x11121f11,
0x121f1212, 0x11111215, 0x11151212, 0x12121212, 0x11151512, 0x1215121f, 0x11121515, 0x1f1f1523,
0x1f121212, 0x2e201f1f, 0x201f121f, 0x201f202e, 0x332e1f12, 0x352e2e35, 0x33331f12, 0x2e2e3533,
0x201f1212, 0x35454f49, 0x1f1f1f12, 0x4f35492e, 0x492e2e1f, 0x70422e2e, 0x4f2e2012, 0x70352e35,
0x2e2e4335, 0x43707035, 0x2e2e2e2e, 0x4370352e, 0x35353543, 0x354f7043, 0x704d4f70, 0x70704343,
0x35434370, 0x2e43432e, 0x35354335, 0x2e2e2e2e, 0x2e2f4370, 0x2e2e202e, 0x202e2e35, 0x2e432e42,
0x2e2e4d2e, 0x2e434d43, 0x2e2e702e, 0x2e2e432e, 0x2e43432e, 0x2e2f2e2e, 0x43702e2e, 0x1e2e4370,
0x43432e20, 0x202e4d70, 0x35437043, 0x4343704d, 0x3545422e, 0x2e434335, 0x702e2e20, 0x4343434d,
0x2e2e2e2e, 0x35352e2e, 0x201e1e2e, 0x2e2e4343, 0x432e2e2e, 0x2e2e2e2f, 0x2f2e4321, 0x7042202e,
0x2f212e2e, 0x352e2043, 0x704d4343, 0x2e352e35, 0x354d4d43, 0x2e2e2e35, 0x2e354f35, 0x301f1f2e,
0x4f4f4570, 0x4f4f4f4f, 0x4f806f35, 0x704f704f, 0x804f492e, 0x85808080, 0x49356f4f, 0x4f858580,
0x6f354935, 0x4f4f804f, 0x4f4f4f35, 0x6f4f4f6f, 0x4f4f4f49, 0x4f6f6f49, 0x6f4f804f, 0x806f6f6f,
0x2e43704f, 0x2e2e422e, 0x35434270, 0x43433543, 0x70357070, 0x70704d43, 0x45454f4f, 0x352e4370,
0x4f4f4f4f, 0x4542354f, 0x85868580, 0x704f704f, 0x4f808686, 0x4f6f4f80, 0x4f808680, 0x4f4f4f4f,
0x4570452e, 0x4a4f4245, 0x2e35352e, 0x42454942, 0x422e4243, 0x45454545, 0x42433570, 0x6f45422e,
0x42454342, 0x6f45352e, 0x454f422e, 0x45494545, 0x35353570, 0x45494f4f, 0x45454f4f, 0x4f6f4f6f,
0xa3a38049, 0x7070456f, 0x87806f45, 0x4570a3a3, 0x806f6f6f, 0x456fa380, 0x806f6f6f, 0x6f4a80a3,
0x80a3806f, 0x6f6fa380, 0x6f808780, 0x826f8280, 0x80806f6f, 0x806f6f82, 0xa3808080, 0x7d804a80,
0x6f6f6f6f, 0x7d7d827d, 0x87806f6f, 0x6f6f8782, 0x847d6f6f, 0x6f84af82, 0x826f826f, 0x81828281,
0x847d827d, 0x6f6f7d82, 0x7d828287, 0x6f6f7d7d, 0x6f7d8284, 0x6f7d827d, 0x7d6f7d6f, 0x7d6f8182,
0x6f6f4a82, 0x84837d6f, 0x7d7d7d7d, 0x83837d7d, 0x7d7d7d82, 0x83838384, 0x7d6f6f7d, 0x8b84847d,
0x7d81817d, 0x83837d7c, 0x827d817d, 0x8b837d7d, 0x827d6f6f, 0x8a838384, 0x817d7d7d, 0xb0838384,
0xbebebe8b, 0xc2c1bec1, 0xbebebe8a, 0xbebebebe, 0xbec1be8b, 0xbebec1be, 0xc1bebe8b, 0xbebec2c2,
0xbebebeb0, 0xbebec1c1, 0xbebebebe, 0xbebec1be, 0xbebebebe, 0xbebec2be, 0xbebebec1, 0xbebec2be,
0xbebebec2, 0xbebebebe, 0xbebebec2, 0xbe8abebe, 0xbebebebe, 0xbebebec0, 0xbebebebe, 0xbebebebe,
0xbebebebe, 0x8a8a8a8a, 0xbebebebe, 0x8a8abebe, 0xbebebebe, 0xbebebebe, 0xbdbebdbe, 0xbebebe8a,
0xbdbe8abe, 0x8a8a8a8a, 0xbdbebebe, 0xbdbdbdbd, 0xbdbebd8a, 0xc0bebdbd, 0x8abebebe, 0xc0bebd8a,
0xbdbdbebe, 0xbdbd8a8a, 0xbdbebebe, 0x8abdbd8a, 0xbdbec0bd, 0x8abdbd8a, 0xc0bec0be, 0xbdbdc0c0,
0x8a8abd8a, 0xbf8a8a8a, 0xbdbdbdbd, 0xbd8abdbd, 0xbdbdbdbd, 0xbdbfbfbf, 0xbdbd8abd, 0xbfbfbfbf,
0xbfbfbd8a, 0xbfbfbfbf, 0xbfbfbd8a, 0xbfbfbdbf, 0xbfbfbdbd, 0xbfbfbfbf, 0xbfbfbfbf, 0xbfbfbfc0,
0x8ebfbfbf, 0x8a8a8a8a, 0xbfbfbfbf, 0x8e8a8a8a, 0xbfbfbf8a, 0x8e8e8a8e, 0xbfbfbf8e, 0x8e8a8e8e,
0x8ebfbfbf, 0x8a8a8a8e, 0x8ebfbfbf, 0x8a8a8a8a, 0xbfbfbfbf, 0x8a8a8a8e, 0xbfbfbfbf, 0x8a8a8a8e,
0xd6d6d7db, 0xc9d8d8d8, 0xd6d6d6db, 0xd6d8d8d8, 0xd8d6d6db, 0xd8d8d8d8, 0xd6d6d6db, 0xd8d8d8d8,
0xd6d6b9db, 0xd8d8d8d8, 0xd6d6b9db, 0xdbd8d8d6, 0xb9b9b9db, 0xd8d8d6b9, 0xb9b6b9db, 0xd8d6b9b9,
0xdedbd6cb, 0xd9dbdbdb, 0xdbded6c9, 0xd9cbd9db, 0xd9dbd6d6, 0xcbd9d9d9, 0xdbdbd6d6, 0xd9d9d9d9,
0xdedbd6d8, 0xdbdbdede, 0xdedbd8d8, 0xd9d9dedb, 0xdedbd8d8, 0xdededede, 0xdedbd8d8, 0xd9d9dbde,
0xc892cbcb, 0xcbc8c8c8, 0xc8c8cbcb, 0xd9c8cbcb, 0xc8c8cbcb, 0xd9cbcbc8, 0xc8c8cbd9, 0xcbc892c8,
0xc8cbcbd9, 0xcbc892c8, 0xcbcbd9d9, 0xc8c8cbc8, 0xc8d9dede, 0xcbc8c8c8, 0xc8cbded9, 0x9192c3c8,
0x92c8cbcb, 0xcbc8c892, 0xc8cbcbcb, 0xcbc892c3, 0xc8cbcbcb, 0xcb919092, 0xc8cbcbc8, 0xc8929192,
0xc8d9cbcb, 0xc892c8c8, 0xcbcbc8cb, 0x9291c8c8, 0xcbcbcacb, 0x91c8c8c8, 0xcbcbcacb, 0x92c8c8c8,
0xc8c8cbc8, 0xcbc8cbcb, 0x92c8cbcb, 0xc8c8cbc8, 0xc8cbc8c8, 0xc8c3cac8, 0xcbcbcbc8, 0x92c8c8c8,
0xcbcbcbcb, 0xc3c8c8c3, 0xcbcbc8c8, 0xc3c892c8, 0xcbcbcbc3, 0xc8c892c8, 0xd4c8c8c3, 0xc892c3c8,
0x88b2c8cb, 0x7688b285, 0x8788c8cb, 0x7a888885, 0x87b3c8c8, 0x88887676, 0x88b3c8c3, 0xb3b28576,
0xb3c8c8c3, 0xb2874f87, 0xb3c8c3c3, 0xb2878588, 0xb1b1c3c3, 0x888785b2, 0xb1c8cac8, 0x858587b3,
0x75754875, 0x6b7a6b6b, 0x75757575, 0x6b787575, 0x76767576, 0x6b6b757a, 0x7a757588, 0x6b6b7578,
0x888876b2, 0x6b6b757a, 0x88887ab3, 0x6b487578, 0x887688b6, 0x6b6b787a, 0xa488b3b3, 0x6b6b787b,
0x78776b6b, 0x9d6d7777, 0x776b6b6b, 0x78779d78, 0x776b6b6b, 0x786d7777, 0x786b6b48, 0x9d787777,
0x78776b6b, 0x789da09d, 0x786d6b6b, 0x9d77a0a1, 0x786d6b6b, 0xa0a0a0a0, 0x786d6b6b, 0x9d9da0a0,
0x9d9d77aa, 0x9c9da09d, 0x777777a0, 0x776d9c77, 0x779da0a0, 0x9c9c9c9d, 0xa0779d9d, 0x6d9c9caa,
0xa99da09d, 0x9d779da9, 0x9c789d9d, 0x6d9c9da0, 0x77779d9d, 0x9c9c9c9d, 0x9d779da0, 0x9c779c9c,
0xacac9c6d, 0xa9a0a0a9, 0xa9aa9c6d, 0xa99c9ca0, 0xa0a0a09c, 0xaca9a0a9, 0xa0a0a977, 0xa9a99ca0,
0xa09ca9a0, 0xa9a99ca0, 0xa9a9a9a0, 0x9ca9a0a0, 0xa0a9aaaa, 0xa0a9a9a0, 0x9ca9a0aa, 0xa0a9a9a0,
0xa09c9ca9, 0xa9a9a9a9, 0x9c9ca0a9, 0xa9a0a9a9, 0xa9a9a9a9, 0xa9a9a0a0, 0xa9a9a9a0, 0xaca9a9a9,
0xa9a9aca9, 0xaca9aca9, 0xa9a9a9a9, 0xa9aca9a9, 0xa0a0aca9, 0xa9aca9ac, 0xa0a9aca9, 0xa4a9a9a9,
0xa0a0a9a0, 0xa0acaca0, 0xa9a9a0a9, 0xa0acaca9, 0xacb5aca9, 0xa0aca0a0, 0xa9aca9a9, 0x77acacac,
0xacacb5ac, 0x77a0a0a9, 0xacb5aca0, 0xa0a0a0ac, 0xacb8b5a4, 0x77a0aca0, 0xb5b9b8b5, 0xaca0a0ac,
0xa0a0a0a0, 0x7a7a7aa0, 0xaca07777, 0x7ab5a5a0, 0xb5a0a0a0, 0x7aaca57a, 0xa0a0a077, 0xa5a4a57a,
0x7aa0a0a0, 0xa4a4a477, 0xa5a0a0ac, 0xb27a7aa0, 0xa47aa077, 0xa4b57aa4, 0xa4a0a0a0, 0x7aa5b2a4,
0x76767a76, 0x47764e4e, 0x4e7a887a, 0x85474747, 0x7a7a767a, 0x877a474e, 0x767675a4, 0x7085704e,
0xb27a767a, 0x704e4770, 0xb27a7aa4, 0x477676a4, 0x767ab2b2, 0x76b2887a, 0x757aa488, 0x88884e70,
0x85764e4e, 0x4646464e, 0x4e707646, 0x4646464e, 0x4e474670, 0x4e46464e, 0x4e464676, 0x4f4d464e,
0x46704e76, 0x4d464646, 0x46768870, 0x4e704e46, 0x46857670, 0x7646464e, 0x4e4e7a88, 0x764f4e76,
0x2f2f2f46, 0x21212e2e, 0x2f354d4d, 0x2f2f3535, 0x2f4d4d4f, 0x2f21212e, 0x4f4d464d, 0x2f213535,
0x354d4d46, 0x21213535, 0x354d4646, 0x2f212f2f, 0x4d4f4d4f, 0x4d352f2f, 0x4d4d4d4e, 0x4d354d4f,
0x21212121, 0x212f2121, 0x212f2f2f, 0x212f2121, 0x212f212f, 0x21212f21, 0x2f2f212f, 0x21212121,
0x2121212f, 0x212f2121, 0x21212f2f, 0x2f2f2f35, 0x212f2f2f, 0x2f2f2121, 0x352f2121, 0x21212135,
0x2f2f2121, 0x35212121, 0x2f2f2f2f, 0x21212f2f, 0x2f212121, 0x2f2f2f35, 0x2f212121, 0x2f35352f,
0x2f2f2121, 0x2f353535, 0x352f212f, 0x3535354d, 0x2f2f2f2f, 0x35352f2f, 0x2f2f2121, 0x2f2f2f2f,
0x24202121, 0x20162020, 0x24202121, 0x20202024, 0x24213321, 0x24212024, 0x24242121, 0x24243333,
0x33333321, 0x24243333, 0x33333535, 0x33333335, 0x35353535, 0x35493333, 0x33343535, 0x33333533,
0x20202121, 0x21212020, 0x20202020, 0x20202016, 0x20202020, 0x20202020, 0x24202433, 0x20202121,
0x33212424, 0x20212124, 0x33213434, 0x20212121, 0x33333434, 0x21212121, 0x33353535, 0x21212121,
0x24202021, 0x21212121, 0x21212020, 0x21212121, 0x16202020, 0x20202120, 0x21212120, 0x20212121,
0x16212121, 0x20202020, 0x21212121, 0x21201621, 0x21212121, 0x21212021, 0x21212121, 0x20202121,
0x20202020, 0x20242020, 0x20202020, 0x20202020, 0x20202020, 0x24202020, 0x20202120, 0x20202020,
0x20202020, 0x20212120, 0x20202020, 0x20212120, 0x20212020, 0x20212020, 0x20202020, 0x20212120,
0x20162420, 0x1f202020, 0x201f2420, 0x1f202020, 0x24243024, 0x24202020, 0x33343424, 0x30241620,
0x33345333, 0x24242424, 0x33332424, 0x20243324, 0x24242420, 0x24242424, 0x24242420, 0x24242020,
0x19192424, 0x24323424, 0x23231623, 0x23242424, 0x23232324, 0x23232323, 0x24242424, 0x23162324,
0x24242424, 0x24162324, 0x24242424, 0x23192324, 0x24242424, 0x23242424, 0x32242424, 0x24242424,
0x23232424, 0x24242424, 0x23232324, 0x24242432, 0x23232323, 0x24242824, 0x23282424, 0x24282824,
0x24242424, 0x24242424, 0x24242424, 0x24243224, 0x24242323, 0x32322324, 0x24232323, 0x32322323,
0x32343232, 0x32323232, 0x32322824, 0x32243224, 0x32322828, 0x24232824, 0x28242424, 0x32343432,
0x32322424, 0x32343232, 0x32282424, 0x32323232, 0x32322424, 0x34343428, 0x28242424, 0x28322824,
0x28323232, 0x28283232, 0x28323232, 0x32323232, 0x28282824, 0x32323232, 0x32323228, 0x28323232,
0x32323232, 0x28242828, 0x32323232, 0x32322832, 0x32323232, 0x32323232, 0x32323228, 0x28283228,
0x27272723, 0x27273127, 0x27283228, 0x27272727, 0x27283228, 0x27312728, 0x32323228, 0x27323232,
0x32323228, 0x27272732, 0x28323232, 0x27272832, 0x38323232, 0x2732324b, 0x39323232, 0x53383232,
0x27272727, 0x37272727, 0x27272727, 0x27272727, 0x27273227, 0x27272727, 0x27272727, 0x53382727,
0x27272727, 0x534b3831, 0x32272727, 0x53535353, 0x53383831, 0x4b38384b, 0x53534b4b, 0x4b4b384b,
0x38382727, 0x31383838, 0x32382727, 0x37273127, 0x38272727, 0x38383738, 0x53383853, 0x51385153,
0x537f5353, 0x53535153, 0x534b4b4b, 0x514b5153, 0x53383838, 0x38384b51, 0x5338384b, 0x51535353,
0x27272727, 0x27272727, 0x27272727, 0x37373127, 0x38515138, 0x38535338, 0x53535353, 0x38515153,
0x53545354, 0x38383851, 0x51515353, 0x53545351, 0x53545151, 0x53545453, 0x51535351, 0x5351514b,
0x29373729, 0x89513729, 0x37373737, 0x54545137, 0x51513a38, 0x513a5151, 0x51515138, 0x54545151,
0x51515151, 0x51515151, 0x51515151, 0x373a5151, 0x51515151, 0x51373738, 0x51515453, 0x51373751,
0x51545456, 0x51515151, 0x37515351, 0x54515151, 0x51515154, 0x51515151, 0x51515154, 0x38513a3a,
0x51515151, 0x51535151, 0x53515151, 0x53545153, 0x54515151, 0x54535453, 0x51515151, 0x54535351,
0x53545151, 0x51515351, 0x53545353, 0x51515151, 0x51535153, 0x51515151, 0x51515151, 0x51515151,
0x51535151, 0x51515151, 0x51515151, 0x51535151, 0x51515354, 0x4b515151, 0x54535354, 0x4b4b5151,
0x53515153, 0x51535351, 0x53515151, 0x53535151, 0x51515151, 0x4b4b5151, 0x51515353, 0x38385151,
0x51515351, 0x38384b4b, 0x38385151, 0x38383838, 0x384b514b, 0x384b3838, 0x4b4b4b38, 0x4b4b4b4b,
0x4b384b4b, 0x31383838, 0x38384b4b, 0x38323838, 0x31384b4b, 0x32323838, 0x3838384b, 0x32323838,
0x38384b4b, 0x32383838, 0x38384b4b, 0x32323838, 0x3838384b, 0x32383832, 0x38383738, 0x32323238,
0x38383832, 0x31323231, 0x32323232, 0x32323232, 0x31313131, 0x32313232, 0x31313131, 0x32323231,
0x31323232, 0x32323127, 0x32323232, 0x32323131, 0x32323232, 0x32383232, 0x31313232, 0x32383232,
0x32312731, 0x23232731, 0x27272731, 0x30232327, 0x23322727, 0x32232323, 0x23273127, 0x32272323,
0x23233238, 0x23232323, 0x23313232, 0x23232323, 0x23323231, 0x23222323, 0x23323232, 0x23232323,
0x24323230, 0x30233030, 0x23232330, 0x23232323, 0x23233232, 0x23232323, 0x23243232, 0x23232323,
0x23232323, 0x30322323, 0x23232323, 0x32493023, 0x23232331, 0x32493023, 0x23233023, 0x32322323,
0x30243032, 0x23232332, 0x24232323, 0x23232330, 0x23232323, 0x1f152323, 0x23232323, 0x23232323,
0x23233030, 0x23232323, 0x23232330, 0x23231f23, 0x23232323, 0x23232323, 0x32242323, 0x23233032,
0x23243030, 0x30303030, 0x23232323, 0x23232323, 0x30242323, 0x23232323, 0x30232323, 0x23233030,
0x2323231f, 0x23232323, 0x23232323, 0x30232323, 0x23232323, 0x30233030, 0x23232323, 0x23303024,
0x23232323, 0x231f2323, 0x23231f23, 0x30232323, 0x1f1f1f23, 0x1f232323, 0x1f1f2330, 0x1f1f2323,
0x1f1f2323, 0x1f1f2323, 0x1f232323, 0x23232323, 0x23233023, 0x23232323, 0x23233023, 0x1f232323,
0x30343432, 0x1f1f1f1f, 0x23243023, 0x30231f1f, 0x1f1f1f1f, 0x2323231f, 0x1f1f1f1f, 0x1f1f231f,
0x1f1f1f1f, 0x1f1f231f, 0x231f1f1f, 0x231f1f1f, 0x1f1f1f1f, 0x231f1f1f, 0x1f1f3023, 0x23301f1f,
0x1f1f1f1f, 0x1f1f1f1f, 0x15151f1f, 0x1f301f1f, 0x151f1f1f, 0x1f1f1f1f, 0x1f1f301f, 0x1f1f1f1f,
0x231f3023, 0x23231f1f, 0x1f1f3030, 0x2323231f, 0x1f1f1f1f, 0x1f1f2323, 0x1f30231f, 0x1f1f1f1f,
0x23232323, 0x14152323, 0x2330231f, 0x14152223, 0x2323231f, 0x14141523, 0x23233023, 0x19141522,
0x1f222323, 0x22221f1f, 0x23232323, 0x22232223, 0x2323231f, 0x26313223, 0x2323231f, 0x22232215,
0x22221414, 0x22263126, 0x22221814, 0x31313126, 0x26222222, 0x26262626, 0x26272226, 0x31262222,
0x26312222, 0x27312622, 0x26312622, 0x31373126, 0x26262622, 0x37372626, 0x26222222, 0x4b4b3122,
0x22222222, 0x23222215, 0x22262631, 0x23222727, 0x22263126, 0x14223126, 0x18222222, 0x22272622,
0x26262226, 0x22323827, 0x22262222, 0x22182626, 0x22223131, 0x26221818, 0x18223137, 0x22262218,
0x15111530, 0x231f1f15, 0x15141523, 0x15152323, 0x14141f1f, 0x22152323, 0x22142222, 0x4b222231,
0x22182222, 0x31262727, 0x18182222, 0x22222622, 0x18222222, 0x26262222, 0x22223122, 0x31372218,
0x1515151f, 0x1f151515, 0x15232215, 0x1f1f1515, 0x15313227, 0x30151515, 0x1f4b4b4b, 0x301f1f15,
0x15233126, 0x30232323, 0x22221822, 0x301f2323, 0x31222222, 0x3023494b, 0x22262626, 0x301f3226,
0x4f6f491f, 0x704f2e49, 0x4f6f4f30, 0x3570354f, 0x4f4f4f7d, 0x3543354f, 0x4f864f7d, 0x3543354f,
0x4f804f49, 0x35704f4f, 0x4f4f4f7d, 0x4f4f4f4f, 0x4f80806f, 0x4f86804f, 0x807d7d7d, 0x80918080,
0x2e2e3535, 0x2e2e2e2e, 0x4343704d, 0x202e2e43, 0x35707035, 0x202e4343, 0x3570354d, 0x202e354d,
0x4f4f4f4d, 0x2e2e354f, 0x4935354f, 0x2e2e3535, 0x33353535, 0x2e2e2e2e, 0x497d4949, 0x2e334933,
0x7043422e, 0x35353570, 0x3535432e, 0x49353545, 0x2e2e2e2e, 0x6f496f35, 0x2e2e3535, 0x49496f35,
0x332e2e2e, 0x49494933, 0x49302e2e, 0x49494949, 0x30302e2e, 0x31303030, 0x3030302e, 0x31312222,
0x4f353535, 0x32231f35, 0x496f496f, 0x30303049, 0x496f6f6f, 0x22223149, 0x49496f7d, 0x31223030,
0x3230496f, 0x3131314b, 0x49303032, 0x31314b4b, 0x31313131, 0x2631314b, 0x37314b31, 0x3625314b,
0x4f6f4f7d, 0x86804f6f, 0x496f4930, 0x86867d49, 0x7d7d3230, 0x8686804f, 0x4b323131, 0x80808080,
0x7d313131, 0x4f808080, 0x7f4b3131, 0x6f4f8080, 0x7f534b37, 0x7d7d4f7f, 0x53535452, 0x7d7d7d4b,
0x4f808686, 0x494f806f, 0x6f4f8086, 0x6f4f6f35, 0x8086804f, 0x854f4949, 0x6f86804f, 0x4f6f496f,
0x6f808080, 0x806f4f4f, 0x8080807d, 0x807d804f, 0x80808080, 0x7d7d496f, 0x80807d80, 0x7f807d7d,
0x4f4f4f35, 0x4f4f496f, 0x6f4f4f6f, 0x80806f80, 0x804f804f, 0x80808086, 0x806f4f80, 0x4f808080,
0x7d7d8080, 0x4f808080, 0x7d808080, 0x80868680, 0x7d80807d, 0x87868791, 0x80918b80, 0x87808080,
0x806f6f6f, 0x7d7d4a80, 0x806f6f6f, 0x7d807d6f, 0x6f6f6f80, 0x87807d6f, 0x496f6f6f, 0x87807d4a,
0x494a6f6f, 0x7d7d7d6f, 0x80808080, 0x807d6f6f, 0x80808080, 0x7d4a4a6f, 0x8080807d, 0x7d6f7d6f,
0x87848080, 0x82817d84, 0x7d828280, 0x7d807d7d, 0x7d878784, 0x8282827d, 0x84878084, 0x84828784,
0x80828080, 0x82828080, 0x827d8484, 0x80828284, 0x827d8484, 0x7d7d7d82, 0x7d808484, 0x6f4a4a7d,
0x827d7d7d, 0xc18b8381, 0x7d7d7d7d, 0xc18b837d, 0x7d828280, 0xb08b837f, 0x84828487, 0x8b837f84,
0x7d7d7d80, 0x8b8b8484, 0x807d7d7d, 0x8b8b8484, 0x7d7d4a6f, 0x8a837f7d, 0x7d4a4a4a, 0x8b8b7f7f,
0xc1c1bec1, 0xbec1bebe, 0xbec1c1c1, 0xbec18c8a, 0xbebebebe, 0xbebebebe, 0xbebebe8b, 0xbebebebe,
0xbebebebe, 0xbebebebe, 0xbebebe8b, 0xbec2c1be, 0xc1bebe8a, 0xbec1c1be, 0xbe8cbebe, 0xbebec1be,
0xbebebebe, 0xbebebebe, 0xbebebebe, 0xbebebebe, 0xbec0c2be, 0xbebebebe, 0xbebebebe, 0xbebebebe,
0xc2c0bebe, 0xbdbebec0, 0xc6c2bebe, 0xbebebec0, 0xc2c2c2be, 0xbebebec0, 0xc0c6c6be, 0xc0bebebe,
0xc0bebdbd, 0xbdbfc0c0, 0xc0bdbe8a, 0xbdbdc0c0, 0xc0c0bebe, 0xc0c0c0c0, 0xc0c0bebe, 0xc0c0c0c0,
0xc0c0bebe, 0xc0c0c0c0, 0xc0c0c0be, 0xc0c0c0c0, 0xc0c0c0c0, 0xc0c0c0c0, 0xc0c0c0c0, 0xc0c0c0c0,
0xbfbd8abf, 0xbfbfbfbf, 0xbd8a8abd, 0xbfbfbfbf, 0xbfbdbdbf, 0xbfbfbfbf, 0xbfbfbfbf, 0xbfbfbfbf,
0xbfbfbfc0, 0xbfbfbfc0, 0xbfbfbfbf, 0xbfbfbfc0, 0xbfc0bfbf, 0xbfbfbfbf, 0xbfbfbfc0, 0xbfbfbfbf,
0xbfbfbfbf, 0x8a8a8a8e, 0x8ebfbfbf, 0x8a8a8a8e, 0xbfbfbfbf, 0x8a8a8a8e, 0xbfbf8ebf, 0x8a8a8a8e,
0x8ebfbfbf, 0x8a8a8a8e, 0x8ebfbfbf, 0x8a8a8a8a, 0x8ebfbfbf, 0x8e8a8a8a, 0xbfbfbfbf, 0x8e8e8a8a,
0xb6b9b9d8, 0xdbd6b9b4, 0xb9b9b9d8, 0xd8d6b9b9, 0xb9b9b9db, 0xd6b9b6b5, 0xb9b9b9db, 0xd6b9b9b9,
0xb9b9b9d8, 0xd6b6b9d7, 0xb9b9b9d8, 0xb9b9b9d7, 0xb9b9b9d8, 0xd6d6d7b9, 0xb9b9b9db, 0xd6b9b9b9,
0xdedbd8d8, 0xdbdedede, 0xdedbd8db, 0xdededede, 0xdedbd8db, 0xdedbdede, 0xded8dbdb, 0xdbdedede,
0xdbdbdbdb, 0xdbdbdede, 0xdbdbdbd8, 0xdbdbdbdb, 0xdbdbd8d6, 0xdbdbdbdb, 0xdbd8d8d6, 0xdbdbdbdb,
0xc8cbd9db, 0x91cbcbc8, 0xcbd9dbde, 0xb1cbcbcb, 0xdbdbd9d9, 0xb1c8cbcb, 0xdbdbdbdb, 0xc9c9c9d6,
0xdbdbdbdb, 0xc9c9c9d6, 0xd6d6cbdb, 0xc9c9c9d6, 0xdbdbd8d8, 0xc9c9d6d8, 0xdbdbdbdb, 0xc9c9d6d8,
0xcbcac8cb, 0xc8c8c8c3, 0xcbc8c8c8, 0xc8c9c8c8, 0xcbcac891, 0xc8cbc8cb, 0xc8c8cbc9, 0xc9cbc8cb,
0xc8c9d6c9, 0xc9c9c9d6, 0xcbcbcbc9, 0xd6c9cbd6, 0xcbd6c9c9, 0xc8c8c9d6, 0xc9d6d6d6, 0x91b1cbd6,
0xc3c39191, 0xcb91c3c3, 0x92929191, 0xc8c3c8c3, 0xc892c8b1, 0xc3c8cbc8, 0xc892c8c8, 0xc3c8cbc3,
0xc892b3c9, 0x91c8cb92, 0xc8c3c8c9, 0x91c8c892, 0xc3c8c9c9, 0x91c8c8c8, 0xc3c8c9c9, 0x91c89191,
0xb3c8cacb, 0x877688b3, 0xb3cac8c8, 0x8787b3b3, 0xb1c3cac8, 0x8788b2b3, 0xb1c3cac8, 0x8888b2b3,
0xb1c9c891, 0xb2b2b2b3, 0xc9c9c3b1, 0xb6b3b3b3, 0xc8c9b191, 0xb6b6b3b6, 0xc8c89191, 0xb6b6b2c9,
0x7a88b3b3, 0x6b787a7a, 0xa4b2b688, 0x787a7aa5, 0xa4b6b387, 0x78777aa4, 0xb2b38888, 0x7777a4a4,
0xb5b6b2b2, 0x787a88b2, 0xb5b2b2b2, 0x787787b6, 0xb5b2b6b2, 0xa177b5b2, 0xb2b2b6b5, 0x777ab6a4,
0x78776b6b, 0x9d779da0, 0x78776d6b, 0x9d9d9d9d, 0xa0786b6b, 0x9da09d9d, 0xa0a07877, 0xa09d9d9d,
0xa0a0a078, 0xa09da09d, 0xa0aca0a0, 0x9d9da09d, 0xa0aca0ac, 0xa09c9da0, 0xa0acacac, 0xaaa0a0a0,
0xa0a09da0, 0x776d9ca0, 0xa0aa9d9d, 0xa0779caa, 0x9da09d9d, 0xa09c9d9d, 0x9d9d9d9d, 0xa09c6d9d,
0xa0a0a0a0, 0xa0a06d9d, 0x9ca0a0a0, 0xa0a09d77, 0x9daaaca9, 0x9da0a09d, 0x9cacb8ac, 0x9da0a077,
0xa9a99c9c, 0xa0a0a0a0, 0xa9a0a09d, 0xb8b8a0a9, 0xa09c9ca0, 0xacb8a9a9, 0xa9a09ca0, 0xa9aca9a9,
0xa9a09c9d, 0xaca9a9a9, 0xa9a09c9c, 0xaca9a9ac, 0xaca0a09c, 0xacb8acac, 0xa0a0a09c, 0xacb8aca9,
0xa9a9a9a0, 0xacaca9ac, 0xacaca0a0, 0xa9b5b5a9, 0xa9acaca9, 0xb5acb5ac, 0xb5acaca9, 0xb5b5b5b5,
0xb5aca9a9, 0xb5b5b5a4, 0xb5a4acac, 0xb5a4b5ac, 0xb5a9acac, 0xb5acacac, 0xa4a9a9ac, 0xb5b5a9ac,
0xb5b9b9b5, 0xa0acacb5, 0xb9d7b9b5, 0xa4a0a0ac, 0xb5b9b9b5, 0xa4aca0ac, 0xb5b5b5b9, 0xa5a5b5ac,
0xa4b5b8b5, 0xa5acb5a0, 0xb5b5b5b5, 0xa5a5aca4, 0xb5b5b8b5, 0xb5a4a5ac, 0xa4b5b5b5, 0xaca5aca5,
0x7aa0aca5, 0x7ab5a47a, 0xa0b5a5a5, 0xa47aa47a, 0xa4a5a5a5, 0xa4a4a4a5, 0xa5a5b5b5, 0xa4a4a5a4,
0xa4b5a5a5, 0xa4b5b5a5, 0x7aa5a5b5, 0xa5b5a5a5, 0xa4b5b5b5, 0x88a5a4a5, 0xa4a5acb5, 0xb2a588a5,
0x7a7a7a7a, 0x767a7a7a, 0xa4a5887a, 0x704e7576, 0x767a7aa4, 0x88767a7a, 0x767a767a, 0x76758888,
0x7a7aa5a5, 0x4e708888, 0x7a767aa5, 0x4e888888, 0x7a7a7675, 0x7076b2a4, 0x767676a5, 0x8876887a,
0x4e4e7087, 0x884f4e4e, 0x4e7a7a76, 0x88764f76, 0x76767688, 0x88878576, 0x707688b2, 0x85764e4e,
0x76758876, 0x85854f76, 0x4e767647, 0x88857688, 0x764e4747, 0x85858588, 0x874e4e76, 0x878787b2,
0x4e464d4f, 0x354d4f85, 0x4e4e4f85, 0x4d4f4f85, 0x4e4f8585, 0x4d4f8576, 0x85888576, 0x4f4f4e4e,
0x85888576, 0x4f4f4e4e, 0x85858588, 0x4f4f4f85, 0x85858585, 0x4f857685, 0x85858588, 0x4f4f4e76,
0x4f2f2f35, 0x2121212f, 0x2f2f4d4d, 0x212f2f2f, 0x352f4d4d, 0x212f2f35, 0x354d354f, 0x2f2f2f2f,
0x4d4f4d4f, 0x2f4d2f35, 0x354d4d4d, 0x2f353535, 0x35354d4f, 0x3535354d, 0x35354d4f, 0x4d35354d,
0x354f4935, 0x2f2f2f2f, 0x2f4f4f2f, 0x2f2f2f2f, 0x2f354f35, 0x21212f2f, 0x2f2f3535, 0x2f2f2f4d,
0x2f212f2f, 0x2f2f2f2f, 0x21212f2f, 0x2f352f2f, 0x2f2f2f2f, 0x2f2f2f2f, 0x35354d35, 0x2f2f354d,
0x33354f35, 0x33333535, 0x35344d35, 0x33333535, 0x354f3535, 0x33353535, 0x35354d35, 0x35353535,
0x35353535, 0x35353535, 0x352f2f2f, 0x2e2f2f35, 0x2f352f2f, 0x352f2f2f, 0x2f2f2f35, 0x2f2f2f2f,
0x35353535, 0x21212133, 0x35353535, 0x21212133, 0x35213335, 0x21212435, 0x2121352e, 0x2121212e,
0x2e2e3535, 0x21212121, 0x352e2e21, 0x2121212e, 0x212f2f2f, 0x21212121, 0x212f2f2f, 0x21212121,
0x21212121, 0x21202121, 0x21212121, 0x20212121, 0x21212121, 0x21212121, 0x21212121, 0x20212121,
0x21212121, 0x20212121, 0x21212121, 0x20212121, 0x21212121, 0x21212121, 0x21212121, 0x21212e21,
0x20202120, 0x20202120, 0x20202020, 0x20202120, 0x24212021, 0x20202120, 0x21212120, 0x20242420,
0x20202120, 0x20202020, 0x20202020, 0x20202020, 0x20202021, 0x24202020, 0x20202120, 0x24242020,
0x20212020, 0x24242420, 0x20202020, 0x24242020, 0x20202020, 0x20242120, 0x20202020, 0x21212120,
0x21202020, 0x21202120, 0x21212020, 0x21212020, 0x21212120, 0x21202120, 0x21212124, 0x21202021,
0x32242424, 0x24242424, 0x34242424, 0x24242424, 0x34242424, 0x24242432, 0x24242424, 0x24242434,
0x24242121, 0x34242424, 0x24242121, 0x32242424, 0x24242120, 0x24333324, 0x24212121, 0x24242424,
0x24232324, 0x24242423, 0x24242424, 0x24232324, 0x24242828, 0x24242323, 0x23242424, 0x23232324,
0x24283232, 0x24232424, 0x32323234, 0x32322828, 0x32282434, 0x4b343432, 0x28323234, 0x34394b32,
0x28243224, 0x28283228, 0x28242832, 0x28242428, 0x32282424, 0x24242424, 0x24282424, 0x28242424,
0x24323224, 0x24242424, 0x32493434, 0x24242424, 0x24323249, 0x32242424, 0x32323232, 0x34343434,
0x24242432, 0x24232323, 0x23242428, 0x39282323, 0x32282824, 0x32232324, 0x32282832, 0x4b323232,
0x4b343228, 0x534b4b4b, 0x4b4b3928, 0x7f4b3439, 0x39344b34, 0x39343232, 0x4b4b4b34, 0x4b4b4b4b,
0x32323232, 0x534b3838, 0x4b32324b, 0x38538956, 0x534b4b4b, 0x53565653, 0x4b4b4b4b, 0x7f56534b,
0x534b394b, 0x537f5353, 0x53384b4b, 0x53535656, 0x534b4b4b, 0x53537f7f, 0x4b4b4b4b, 0x4b384b4b,
0x38535656, 0x4b4b3832, 0x5353534b, 0x4b535353, 0x4b4b384b, 0x4b535353, 0x38384b53, 0x38535338,
0x38385356, 0x4b535638, 0x4b535353, 0x4b53564b, 0x567f534b, 0x53538b56, 0x5356534b, 0x53535353,
0x53534b4b, 0x51515354, 0x4b4b534b, 0x5353514b, 0x4b384b38, 0x5653534b, 0x4b4b4b4b, 0x5451514b,
0x38535353, 0x4b38534b, 0x3838384b, 0x53535153, 0x4b4b4b53, 0x53534b53, 0x4b4b4b53, 0x53565353,
0x51535353, 0x53535351, 0x51515353, 0x53545453, 0x53535353, 0x53545654, 0x53535354, 0x53535654,
0x53535351, 0x51515356, 0x56534b53, 0x53535356, 0x53535353, 0x53535353, 0x53535353, 0x534b5353,
0x54515151, 0x37513a51, 0x53515354, 0x37515151, 0x53515151, 0x51535154, 0x51545151, 0x54545354,
0x51545151, 0x38515151, 0x53545453, 0x51515153, 0x51515354, 0x51545151, 0x51515454, 0x37515151,
0x51515137, 0x53535151, 0x51513837, 0x51535454, 0x51535151, 0x51533851, 0x51515154, 0x51515151,
0x51383737, 0x38515151, 0x37373737, 0x38515151, 0x37515138, 0x51515137, 0x37375137, 0x51535351,
0x51515153, 0x38384b51, 0x38385151, 0x4b383838, 0x4b383738, 0x514b3838, 0x3838384b, 0x4b4b4b38,
0x4b37384b, 0x514b514b, 0x4b51514b, 0x4b4b514b, 0x51535351, 0x514b5151, 0x53535353, 0x51383851,
0x38384b38, 0x3838384b, 0x38383838, 0x38383838, 0x3838384b, 0x38383838, 0x4b4b4b51, 0x4b535351,
0x514b4b51, 0x384b4b4b, 0x514b4b51, 0x38384b4b, 0x4b515351, 0x38384b4b, 0x4b515151, 0x38383838,
0x534b3838, 0x32383838, 0x38383838, 0x38383838, 0x38383838, 0x38383838, 0x4b383838, 0x38383838,
0x4b4b4b38, 0x3838384b, 0x4b4b534b, 0x3838384b, 0x4b4b4b38, 0x4b4b4b53, 0x4b4b4b38, 0x38384b4b,
0x32323838, 0x31323232, 0x32384b38, 0x32323232, 0x4b4b4b38, 0x32323232, 0x4b383238, 0x32323238,
0x4b4b3232, 0x32383232, 0x534b3832, 0x3238394b, 0x7f4b3838, 0x32384b4b, 0x4b4b3838, 0x3238384b,
0x27273132, 0x23232327, 0x27273232, 0x23232327, 0x23273132, 0x23232323, 0x23323232, 0x23232323,
0x27323239, 0x23233127, 0x31313232, 0x23323232, 0x27273232, 0x23323227, 0x27273132, 0x27323232,
0x23232323, 0x32232323, 0x23322323, 0x30232323, 0x23232323, 0x23232323, 0x23323223, 0x23232323,
0x24323232, 0x23232323, 0x23243223, 0x23242323, 0x23232323, 0x23232323, 0x23232323, 0x23232323,
0x30302332, 0x23232323, 0x23323024, 0x23343223, 0x24302323, 0x23323024, 0x23303023, 0x23232430,
0x30302323, 0x23232430, 0x24232323, 0x23232323, 0x24302323, 0x23302423, 0x23242423, 0x30303224,
0x23322423, 0x2423231f, 0x23322323, 0x23232323, 0x23232423, 0x23232323, 0x24232323, 0x23232430,
0x30242323, 0x231f2330, 0x32343223, 0x32302323, 0x30302323, 0x30303030, 0x30302424, 0x24303230,
0x23303023, 0x23303023, 0x23232323, 0x2330231f, 0x23232323, 0x30322323, 0x30302323, 0x23302330,
0x30322330, 0x23233024, 0x23242330, 0x23233232, 0x23232330, 0x32322323, 0x30303023, 0x34493023,
0x1f1f1f23, 0x1f1f1f1f, 0x23231f1f, 0x231f1f1f, 0x301f1f23, 0x30231f23, 0x301f1f23, 0x30301f23,
0x231f231f, 0x30301f23, 0x2330231f, 0x30302323, 0x23232323, 0x23232323, 0x23232330, 0x22232323,
0x1f30231f, 0x1f231f1f, 0x1f30231f, 0x2332301f, 0x23303023, 0x23323023, 0x1f23301f, 0x22221f23,
0x1f1f2323, 0x23231f22, 0x23232323, 0x22222223, 0x23233023, 0x22222223, 0x22323022, 0x22273127,
0x2223231f, 0x2222221f, 0x15232323, 0x22221f15, 0x151f2315, 0x22222222, 0x22222322, 0x22272330,
0x23222222, 0x26313232, 0x32221914, 0x22263132, 0x31221814, 0x26313232, 0x26222218, 0x26373738,
0x22222622, 0x37372626, 0x26222222, 0x26262631, 0x22181822, 0x31262222, 0x22261822, 0x26262618,
0x18262622, 0x26263122, 0x18181818, 0x22262622, 0x22222222, 0x22312622, 0x18222222, 0x22222622,
0x26262626, 0x22221822, 0x31383126, 0x22221822, 0x26373726, 0x22222218, 0x26313126, 0x18182218,
0x31312631, 0x18222226, 0x26262222, 0x22182226, 0x26262626, 0x26222626, 0x26313726, 0x26262222,
0x18222222, 0x31312618, 0x22222222, 0x26262222, 0x22182222, 0x31312525, 0x18222226, 0x31312622,
0x22222222, 0x31262622, 0x26262622, 0x36262622, 0x25313726, 0x50503618, 0x25363626, 0x50363625,
0x26262226, 0x49323231, 0x26262626, 0x32323126, 0x22252226, 0x324b3726, 0x25262226, 0x4b513731,
0x25252531, 0x51545136, 0x50252551, 0x50545454, 0x51253654, 0x37505050, 0x50375054, 0x36365036,
0x807d4949, 0x808b8b80, 0x807d4930, 0x7f7f897f, 0x4c494932, 0x53897f7f, 0x301f2323, 0x89897f4c,
0x30303031, 0x89544b32, 0x32303137, 0x89543130, 0x4b313737, 0x8d503131, 0x51515050, 0x8d505150,
0x7d807f53, 0x497d7d7d, 0x53534b4b, 0x494b7f7f, 0x54535353, 0x4b315354, 0x52515489, 0x514b5154,
0x54545454, 0x89895489, 0x55898989, 0x8d8d8d89, 0x89555589, 0x8e8f8d89, 0x8d89898d, 0x8e8e8e8e,
0x31221f20, 0x4b373737, 0x31312230, 0x50515137, 0x36363149, 0x54513737, 0x36375254, 0x54545050,
0x50505489, 0x54555554, 0x54545455, 0x55505455, 0x55898d8d, 0x89555050, 0x558d8d8d, 0x8d8d5554,
0x374b4b37, 0x54513637, 0x51525152, 0x54895137, 0x51515154, 0x51545451, 0x54515454, 0x52515455,
0x55558954, 0x37545454, 0x55898d8d, 0x37518955, 0x89898d8d, 0x50505589, 0x89898d8d, 0x54505055,
0x4b515152, 0x807d4b31, 0x4b515152, 0x7f534b31, 0x37375152, 0x54535151, 0x50373751, 0x54545050,
0x50503736, 0x54555450, 0x50505037, 0x89555450, 0x54505054, 0x8d8d5554, 0x55555450, 0x8d8d8d89,
0x8b8b8080, 0x8b8b808b, 0x808b8b8b, 0x8b8b7f7f, 0x8b8b8b89, 0x8b8b8b89, 0x53537f53, 0x54898989,
0x37515254, 0x51537e51, 0x54545489, 0x5352547e, 0x8989898d, 0x54545489, 0x8f8e8d8e, 0x5454898f,
0x7f7f7f8b, 0x91917f80, 0x7f538b8c, 0x84807f80, 0x53538989, 0x7f7d7f53, 0x53525151, 0x4c4c4b53,
0x52513737, 0x53534c4b, 0x37375152, 0x4c4c5252, 0x524b5353, 0x4c4c524b, 0x52525252, 0x4c4c4b37,
0x80808080, 0x847d4a7d, 0x87808084, 0x807d7d87, 0x807d807f, 0x7d7d4c7d, 0x4a7d7d4c, 0x4a4a4949,
0x49494a4c, 0x4a301f1f, 0x1f303031, 0x4a491f1f, 0x221f1f30, 0x49301f1f, 0x11111f30, 0x4930301f,
0x807d807d, 0x4a6f6f7d, 0x82807d7d, 0x4a4a4a7d, 0x7d7d7d7d, 0x6f4a6f7d, 0x4a4a4a4a, 0x7d6f6f6f,
0x4a4a4a4a, 0x7d6f6f6f, 0x4a4a4a4a, 0x7d7d6f6f, 0x4a4a4a4a, 0x807d7d7d, 0x7d7d4a4a, 0x7d7d7d7d,
0x847d4a4a, 0xbe8a7f7d, 0x847d4a4a, 0xbe8b7f7f, 0x7f4c4a6f, 0x8b8b847f, 0x837d6f6f, 0x8b8b8b83,
0x84807d7d, 0xbe8b838b, 0x847d8480, 0xbe8b8b83, 0x7d7d7d7d, 0xc1be8b7f, 0x7c4a7d80, 0xc1c1b083,
0xbebebebe, 0xbebebebe, 0xbebec1c1, 0xbebebebe, 0xbebebebe, 0xbebebec1, 0xbebebebe, 0xbebebebe,
0xbebebebe, 0xbebebebe, 0xbebebebe, 0xbebebec1, 0xbebebebe, 0xbebebebe, 0xbebebec1, 0xbebebebe,
0xbec0c2be, 0xc0bebebe, 0xbebebec0, 0xc0c0bebe, 0xbebebebe, 0xc0c0c0c0, 0xc0bebebe, 0xc0c0c6c0,
0xc0bebebe, 0xc0c0c0c0, 0xc0bec0be, 0xc0c0c0c0, 0xbebec0be, 0xc0c0c0c0, 0xc0bebebe, 0xc0c0c0c0,
0xc0c0c0c0, 0xc0c0c0c0, 0xc0c0c0c0, 0xc0c0c0c0, 0xc0c0c0c0, 0xc0c0c0c0, 0xc0c0c0c0, 0xc0c0c0c0,
0xc0c0c0c0, 0xc0c0c0c0, 0xc0c0c0c0, 0xc0c0c0c0, 0xc0c0c0c0, 0xbfc0c0c0, 0xc0c0c0c0, 0xbfc0c0c6,
0xbfbfbfc0, 0xbfbfbfbf, 0xbfbfbfc0, 0xbfbfbfbf, 0xbfc0c0c0, 0xbfbfbfbf, 0xc0c0c0c0, 0xbfbfbfc0,
0xbfbfbfc0, 0xbfbfbfc0, 0xc0bfbfc0, 0xbfbfbfbf, 0xc0c0bfbf, 0xbfbfbfbf, 0xbfbfbfc0, 0xbfbfbfbf,
0x8ebfbfbf, 0x8e8e8e8a, 0x8ebfbfbf, 0x8e8e8e8a, 0x8ebfbfbf, 0x8a8e8a8a, 0x8ebfbfbf, 0x8e8e8a8a,
0x8ebfbfbf, 0x8e8e8a8a, 0x8ebfbfbf, 0x8a8e8a8a, 0x8e8ebfbf, 0x8a8a8a8a, 0x8e8ebfbf, 0x8a8e8a8a,
0xb9b9b9db, 0xd6b9b9b9, 0xb9b8b9db, 0xd7b9b9b9, 0xb9b9b9db, 0xb9b9b9d7, 0xb9b5b9db, 0xb9b8b9d7,
0xb5b5b9db, 0xb9b9d7d7, 0xb9b8b9db, 0xb8b9d7b9, 0xb8b9b9db, 0xb9bcbcb5, 0xb5b8b9db, 0xb9bcb9b5,
0xdbd8d8d6, 0xd8dbdbdb, 0xdbd8d8d7, 0xdbdbdbdb, 0xdbd6d6d6, 0xdbdbdbdb, 0xd8d6b9b9, 0xd8dbdbdb,
0xd8b9b9b9, 0xd8dbdbdb, 0xd6b9b9b9, 0xd8dbdbd8, 0xd7b9b9b9, 0xd8dbdbd8, 0xd7b9b9b9, 0xdbdbd8d8,
0xd8d8dbd6, 0xd6d6d6d8, 0xd8d8dbd8, 0xc9d6d6d8, 0xd8d8d8d8, 0xd6d6d6d8, 0xd8d8d8d8, 0xd6d6d8d8,
0xd8d8d8d8, 0xd6d8d8d8, 0xd6d8d6d8, 0xd8d6d8d6, 0xd8d8d7d8, 0xd6c9d8d6, 0xd8d7d7d8, 0xd8d6d8d8,
0xd6d6c9c9, 0xc9c9d6d6, 0xd6d6d6c9, 0xc9c9d8d6, 0xc9c9c9c9, 0xc9cbd8cb, 0xc9c9c9d6, 0xc9c9d6c9,
0xd6c9d6d6, 0xb1c9d6d6, 0xd8d8d8d8, 0xc9d6d6d6, 0xd6d6d8d8, 0xd6d8d6d6, 0xd8d8d6d8, 0xc9d6d6d6,
0xc3c8c9c9, 0xb3c8c3c8, 0xc8c8c9b3, 0xc8c8b1c3, 0xcbc9c9c9, 0xc8c8b1b1, 0xc9c9b1c8, 0xc9c9c8c9,
0xc9c9b3b1, 0xc9cbc9d6, 0xd6c8b3b3, 0xc9c9cbd6, 0xd6c9c9c9, 0xc9c9cbcb, 0xc9cbcbc9, 0xd6c9cbc8,
0xc9b18787, 0xb5b6afc9, 0xc9b18791, 0xb5b5b6c9, 0xc9af87b3, 0xb5b6c9c9, 0xc987b2b3, 0xb5b6d6d6,
0xb28787b1, 0xb5b6d6d6, 0xaf8787b3, 0xb6d6d6c9, 0xa3afb3b3, 0xd6d6c9af, 0x87b6c9d6, 0xd6d6c9af,
0xb2b5b5b2, 0x6b7ab5a4, 0xb5b5b5b5, 0x77a4b5b5, 0xb5a9a4b5, 0xa0b8b8b5, 0xb5a9a0a4, 0xacb8b8ac,
0xa9a9a0a4, 0xb8b8acac, 0xa9a8a9b5, 0xb8b8b8b8, 0xa9a9b5b6, 0xacb8b8b8, 0xaca9b5b9, 0xacadb8b8,
0x9da0acaa, 0xa9a0a0a0, 0x9da0aca0, 0xa9a0a0a0, 0x9da0aca0, 0xacacac9d, 0xa0a9aca0, 0xa9a9a9a0,
0xa0a0a0a1, 0xa0a0aaa0, 0xa0a0a0ac, 0xaca9a9aa, 0xa99ca0ac, 0xacaca0a0, 0xa0a0a0b8, 0xa9a9a9a9,
0x9dacbcac, 0x9c9c9d9c, 0xa0acb8ac, 0x9d9da09d, 0x9da0a9b8, 0x9c9ca0a0, 0xa077a0ac, 0x779ca0aa,
0xa09ca0a0, 0x9c9ca0a0, 0xa09da0a0, 0xa09c9c9d, 0xa09d9dac, 0xa09ca09c, 0x9d9d9ca9, 0xa09ca09c,
0xaca0a077, 0xacb8a9a9, 0xa9a9a0a0, 0xacb8acac, 0xa9a0a0a9, 0xacb5b5b8, 0xa9aca9a0, 0xacacb8b5,
0xa9acaca0, 0xacb8b8a9, 0xa9a9a9a0, 0xb5acb5a9, 0xb8a9a9a9, 0xa9a9b5b5, 0xaca9a9a9, 0xb5a9acb5,
0xacaca9a9, 0xb5acacb5, 0xacacb8ac, 0xb5b5b8b5, 0xb5acaca9, 0xb5b5a9ac, 0xb5b5aca9, 0xb5b5b5b5,
0xa9acb5a9, 0xacb5b5b5, 0xb5acacac, 0xb5b5b9b5, 0xb5a9acac, 0xb5b5b5b5, 0xb5b5b5a9, 0xb5b8b9b8,
0xacb5b9b5, 0xb5b5a5ac, 0xb5acb5b5, 0xb5aca5a5, 0xaca4acb5, 0xacaca5ac, 0xaca5b5b5, 0xb5a5b5b5,
0xb5b5b5b5, 0xa4b5acac, 0xb5a5b5b5, 0xa5a5acb5, 0xb5b5b5b5, 0xa5a5acac, 0xb5aca5a4, 0xaca5a5b5,
0xa47aa4a5, 0x7a887ab5, 0xb5aca4b5, 0xa5a47aa5, 0xa5a47aa5, 0xb5b588a5, 0xa5a5b5b5, 0x7ab5b5a5,
0x7aa5a5a4, 0x7ab2a47a, 0xb2a4a0a5, 0x7aa4a4a5, 0xb5a07aa5, 0xa5a47a88, 0x7aa47aa1, 0xa5b2a5a5,
0x76757a88, 0x887a767a, 0x88a5a5a5, 0x7a887a7a, 0x757588b5, 0x88b27a75, 0x767a88b2, 0x76a57a7a,
0x7676887a, 0x75767a7a, 0x88767676, 0x757a7a88, 0x7a7aa57a, 0x767b887a, 0x7a88b27a, 0x88757a7a,
0x4e477576, 0x87858887, 0x4e757575, 0x88858876, 0x4e75754e, 0x4e4e764e, 0x75757575, 0x76854e4e,
0x7676767a, 0x4e4e4e76, 0x76757676, 0x4e4d4e76, 0x88887a75, 0x464d4e7a, 0x887a767a, 0x4d4e4e75,
0x4e858588, 0x4f4f4d4e, 0x85858888, 0x4d4f4d4f, 0x4e4e8876, 0x4f4f4f4f, 0x4f4e8576, 0x4f4f854f,
0x4e764f4e, 0x4f4f4f4f, 0x4f768585, 0x4f4f4f4f, 0x4e4f7676, 0x4f4f4f4e, 0x4f4e4e4e, 0x4f4f4f4f,
0x354f4f4d, 0x4f35352f, 0x4f4f4f4d, 0x4f4f4d4f, 0x4d4f4d4d, 0x35354d4f, 0x4d354d4f, 0x3535354d,
0x4d4d4f4f, 0x4d4d4d4f, 0x4f4d4f4f, 0x35354d4f, 0x4f4f4f4f, 0x4d4d4d4f, 0x4d4d4f4f, 0x4d4d4d4d,
0x4f4d4f35, 0x2f2f4d4f, 0x35352f2f, 0x2f2f2f4d, 0x2f2f4d35, 0x352f2f2f, 0x2f4d4f4d, 0x2f2f3535,
0x2f4d4d4d, 0x2f2f2f2f, 0x2f2f354d, 0x2f2f2f2f, 0x2f2f2f4d, 0x2f352f2f, 0x2f354d4d, 0x352f2f2f,
0x2f2f2f2f, 0x2f2f352f, 0x2f354d35, 0x2f2f352f, 0x2f4d4d35, 0x2f2f2f2f, 0x354d4d35, 0x2f2f212f,
0x2f2f4d2f, 0x2f2f2f35, 0x2f2f4d2f, 0x2f2f2f35, 0x2f2f2f2f, 0x2f2f2f2f, 0x2f2f2f2f, 0x2f35352f,
0x21212121, 0x2e212121, 0x21212121, 0x21212121, 0x21212121, 0x21212121, 0x2f212f2f, 0x21212121,
0x2f2f2f2f, 0x21212f21, 0x2f2f4d35, 0x2f2f2f2f, 0x2f2f4d2f, 0x2f2f212f, 0x212f352f, 0x2f2f2121,
0x21212121, 0x21212121, 0x21212121, 0x20212121, 0x212e2121, 0x21212121, 0x21352e21, 0x21212121,
0x2e352e21, 0x2121212e, 0x2e492f2f, 0x21212f21, 0x2e352e2f, 0x21212121, 0x21212121, 0x2e2e2121,
0x20202121, 0x24332420, 0x20212121, 0x33242424, 0x33212121, 0x33242433, 0x33212121, 0x30242433,
0x33332121, 0x24243434, 0x3333332e, 0x20203433, 0x33332121, 0x21202433, 0x33212e21, 0x33332433,
0x21242124, 0x21212020, 0x21213333, 0x21212121, 0x33333334, 0x20202021, 0x33333333, 0x20202121,
0x21212424, 0x20212133, 0x24212121, 0x21242421, 0x24212121, 0x24333321, 0x332e3333, 0x212e3333,
0x21212121, 0x24242424, 0x20212121, 0x24242020, 0x20202121, 0x24242020, 0x20202120, 0x30242020,
0x21212121, 0x33332424, 0x24212421, 0x30332424, 0x21212121, 0x30302433, 0x33332421, 0x30303333,
0x32323234, 0x347f8b4b, 0x53343224, 0x347f807f, 0x4b343430, 0x344b4b53, 0x34343433, 0x344b4b4b,
0x34303033, 0x34343434, 0x34333330, 0x34343434, 0x34343433, 0x33343434, 0x33333333, 0x30303034,
0x34323234, 0x34343434, 0x34493449, 0x34343434, 0x32323234, 0x34342832, 0x34323234, 0x34323234,
0x34343434, 0x34343234, 0x34323234, 0x32323232, 0x32343030, 0x34322432, 0x34343330, 0x34342424,
0x4b4b5334, 0x4b4b4b34, 0x39324b4b, 0x34344b4b, 0x34393434, 0x34343434, 0x4b4b3434, 0x32344b34,
0x394b4b4b, 0x4b323439, 0x4b4b4934, 0x4b4b3232, 0x344b4b34, 0x4b4b3434, 0x344b3432, 0x4b343234,
0x4b4b4b4b, 0x4b4b4b53, 0x4b4b7f4b, 0x4b4b4b4b, 0x4b4b4b4b, 0x4b4b4b4b, 0x4b4b4b4b, 0x4b384b4b,
0x534b4b4b, 0x4b4b4b4b, 0x4b4b534b, 0x4b4b4b4b, 0x534b4b4b, 0x4b4b4b4b, 0x4b343434, 0x3449494b,
0x537f4b4b, 0x4b535353, 0x4b53534b, 0x4b4b5353, 0x5353534b, 0x53535353, 0x4b53534b, 0x53534b4b,
0x38534b4b, 0x4b4b4b39, 0x394b394b, 0x4b4b3434, 0x34343434, 0x4b4b4934, 0x34343434, 0x49494934,
0x534b3838, 0x5356534b, 0x534b534b, 0x4b535353, 0x534b4b53, 0x4b4b534b, 0x4b384b4b, 0x384b4b4b,
0x394b3838, 0x3232394b, 0x344b4b4b, 0x34343434, 0x34344949, 0x34343434, 0x34343434, 0x33343434,
0x537f5353, 0x534b4b4b, 0x4b4b4b4b, 0x534b534b, 0x4b4b4b4b, 0x7f4b4b4b, 0x4b4b4b4b, 0x4b534b38,
0x4b394b4b, 0x4b4b4b39, 0x49343434, 0x3432394b, 0x34343434, 0x4b4b3434, 0x34343433, 0x53343434,
0x51515153, 0x37513851, 0x53533853, 0x37515151, 0x51384b4b, 0x38513851, 0x4b535353, 0x37373851,
0x4b4b4b4b, 0x37373838, 0x51534b4b, 0x37383838, 0x38384b4b, 0x3838514b, 0x4b4b494b, 0x3738534b,
0x37513737, 0x51515151, 0x37383737, 0x51515151, 0x51373837, 0x51515151, 0x51373737, 0x51515151,
0x51373737, 0x51515351, 0x51383737, 0x38385151, 0x37373737, 0x38385151, 0x37373737, 0x38383838,
0x51515351, 0x514b3838, 0x5151384b, 0x51514b51, 0x51515151, 0x4b514b51, 0x51515151, 0x38515138,
0x51515151, 0x4b53514b, 0x51515151, 0x38383851, 0x51515138, 0x38383838, 0x51385151, 0x38383838,
0x53515351, 0x4b535351, 0x4b515351, 0x53534b4b, 0x4b53514b, 0x53534b38, 0x5153514b, 0x53535338,
0x4b4b5351, 0x534b4b4b, 0x3838514b, 0x534b4b4b, 0x4b384b38, 0x53534b4b, 0x4b383838, 0x534b4b38,
0x4b4b4b4b, 0x3838384b, 0x4b4b4b4b, 0x38384b4b, 0x4b4b4b4b, 0x38384b4b, 0x4b4b4b53, 0x4b4b384b,
0x4b4b4b53, 0x4b4b4b4b, 0x4b4b4b4b, 0x384b4b4b, 0x4b534b4b, 0x4b4b4b4b, 0x4b534b4b, 0x4b384b4b,
0x324b4b38, 0x32323232, 0x32384b4b, 0x32323232, 0x32323232, 0x38383232, 0x4b32324b, 0x32323238,
0x4b32384b, 0x32323232, 0x32323838, 0x4b4b3832, 0x3838384b, 0x4b4b3832, 0x4b4b3838, 0x3832324b,
0x32323232, 0x32312732, 0x32323232, 0x31323132, 0x31313232, 0x32323232, 0x31323932, 0x32323232,
0x32323232, 0x31323131, 0x32323232, 0x31272732, 0x32323232, 0x32323232, 0x32324b38, 0x23323232,
0x23233232, 0x23242323, 0x23232332, 0x23232323, 0x32323232, 0x23242330, 0x30323232, 0x23232323,
0x23232323, 0x23232323, 0x32233231, 0x30232330, 0x32323231, 0x32322330, 0x30323223, 0x32493223,
0x23232323, 0x30303023, 0x23232323, 0x32302330, 0x23232323, 0x32323230, 0x23233032, 0x32343223,
0x23243023, 0x30233230, 0x32343230, 0x30234932, 0x32232332, 0x32323232, 0x30232323, 0x23232330,
0x32323032, 0x30324932, 0x32303032, 0x32494934, 0x30233230, 0x4b323232, 0x32323230, 0x49302330,
0x32323232, 0x4b323232, 0x32243032, 0x32323232, 0x23242332, 0x32323123, 0x32322323, 0x32323230,
0x23242323, 0x30322323, 0x23303023, 0x23323023, 0x32323230, 0x30323232, 0x32322323, 0x31233032,
0x32322332, 0x32313132, 0x31322323, 0x32273132, 0x27232331, 0x27313131, 0x32273132, 0x31313132,
0x30232323, 0x22222230, 0x23232323, 0x22222223, 0x31312223, 0x31313123, 0x31312222, 0x27263231,
0x22222327, 0x26263127, 0x2622314b, 0x26313131, 0x31272731, 0x31313131, 0x31312632, 0x26313131,
0x22232222, 0x22222222, 0x22222222, 0x22222726, 0x26222226, 0x18222626, 0x31312222, 0x26222626,
0x31312626, 0x31312626, 0x26313131, 0x37372626, 0x26264b4b, 0x37372626, 0x26223137, 0x37262626,
0x31313122, 0x26363737, 0x37312622, 0x37363737, 0x26261822, 0x26362625, 0x26262626, 0x26362525,
0x25252631, 0x36362525, 0x26252226, 0x36252626, 0x37362526, 0x25252536, 0x36363137, 0x29252525,
0x18222631, 0x26262618, 0x18222637, 0x26262618, 0x26262626, 0x26262218, 0x26313636, 0x22262618,
0x36362525, 0x22262626, 0x37252525, 0x26262636, 0x36252525, 0x25313137, 0x251a2529, 0x36362525,
0x26262626, 0x25181822, 0x31262622, 0x17171726, 0x36362622, 0x25251736, 0x36363625, 0x36252537,
0x3a363626, 0x51515050, 0x3a252926, 0x54545050, 0x50252525, 0x50545050, 0x3a292525, 0x55555554,
0x36503725, 0x3a363629, 0x36365025, 0x50505050, 0x36363625, 0x50505454, 0x50363625, 0x55505454,
0x55503a29, 0x8d505489, 0x55505050, 0x8d55558d, 0x8d505550, 0x8d8d8d8e, 0x8d8d8d54, 0x8d8d8d8e,
0x51515450, 0x50503a50, 0x54545550, 0x55505054, 0x89895550, 0x55555589, 0x8d8d5555, 0x8d8d8d8d,
0x8e8d8d8e, 0x8e8e8e8e, 0x8e8e8e8d, 0x8e8e8e8e, 0x8e8f8e8d, 0x8e8e8e8e, 0x8f8f8e8e, 0x8f8e8e8e,
0x54545050, 0x8d555450, 0x55555555, 0x8d8d8d55, 0x8d558d8d, 0x8e8d8d8d, 0x8d8d8e8d, 0x8e8d8d8d,
0x8d8e8e8d, 0x8e8e8e8d, 0x8e8e8e8e, 0x8f8e8e8d, 0x8e8e8e8e, 0x8e8e8e8e, 0x8f8f8f8f, 0x8fcc8f8f,
0x8d898d8d, 0x8f8e8e8e, 0x8e8e8e8e, 0x8f8f8e8e, 0x8e8e8e8e, 0x8f8f8f8e, 0x8e8e8f8f, 0x8e8f8e8e,
0x8e8e8f8f, 0x8f8e8e8e, 0x8e8f8f8f, 0x8f8f8e8f, 0x8f8f8f8f, 0x8f8f8f8f, 0xcc8f8f8f, 0x8fcccccc,
0x8d8d8e8e, 0x8d8d8d8d, 0x8d8e8e8f, 0x8d8d8d8d, 0x8e8e8e8f, 0x8d8d8e8e, 0x8e8f8f8f, 0x8d8d8e8e,
0x8f8fcc8f, 0x8d8d8e8f, 0x8f8f8f8e, 0x8d8e8e8f, 0x8f8e8e8e, 0x8e8f8fcc, 0x8f8f8f8f, 0x8f8f8fcc,
0x89898d8d, 0x54545454, 0x55898d8d, 0x55555555, 0x89558d8d, 0x55555555, 0x8d8d8d8d, 0x8d895555,
0x8d8d8d8d, 0x55558d8d, 0x8d8d8d8d, 0x55558d8d, 0x8d8d8d8d, 0x55898d8d, 0x8e8e8e8d, 0x55558d8d,
0x8d555554, 0x8e8d8d8d, 0x8d8d5555, 0x8e8e898d, 0x8d8d8d89, 0x8e8e8d8d, 0x55558d8d, 0x8e8e8e8d,
0x8d55558d, 0x8f8f8e8e, 0x8e8d5555, 0x8f8f8e8e, 0x8e8e8d55, 0x8f8f8e8d, 0x8d8e8e8d, 0x8f8f8e8d,
0x8e8e8e8e, 0x5389898e, 0x8e8e8f8f, 0x5254898f, 0x8e8ecc8f, 0x5454898e, 0x8e8fcc8f, 0x8a898d8e,
0x8e8fcccc, 0x8f8f8e8e, 0x8fcccc8f, 0xcccccc8e, 0xcccc8f8f, 0xcccccccc, 0xcccc8e8e, 0xcccccccc,
0x31525252, 0x314b4b31, 0x37374c52, 0x1f313737, 0x4c373754, 0x30302231, 0x37375089, 0x30313131,
0x3137528a, 0x1f313131, 0x31377e8e, 0x30313131, 0x314c898f, 0x3030314c, 0x4c528ac0, 0x31314a31,
0x11221f31, 0x4a49301f, 0x11221f1f, 0x4a4a301f, 0x221f1f1f, 0x7c4a4930, 0x30311f31, 0x4c4a4a49,
0x30311f1f, 0x4c4a4a30, 0x30303030, 0x4a4a3030, 0x49303030, 0x7c7c4a49, 0x30304930, 0x7c4a4a30,
0x7d7d4a4a, 0x7d7d8284, 0x7d7d7d7d, 0x7d6f7d7d, 0x7d7c847d, 0x7d7d7d7d, 0x827d7d7d, 0x81847d7d,
0x7d7d7c7d, 0x8484827d, 0x7d7d7d4c, 0x83847d7d, 0x8181837c, 0x81818384, 0x81837d7c, 0x7d838481,
0x7d7d7d82, 0xc1c1c18b, 0x84818182, 0xc6c1c18b, 0x84818481, 0xc6c1c1b0, 0x8b838481, 0xc6c6c1be,
0xb08b8383, 0xc6c6c1c1, 0xb0b08381, 0xc6c6bebe, 0xb08b8383, 0xbebebebe, 0x8b8a8483, 0xbebebebe,
0xc1c1c1c1, 0xbebebebe, 0xc2c1c1c4, 0xbebebebe, 0xc0c1c1c6, 0xc0bebebe, 0xc6c6c6c6, 0xc2c2bec2,
0xc2c6c6c6, 0xc6c6bec2, 0xc2c2c6c6, 0xc6c6c2c2, 0xc6c0c2c2, 0xc0c6c2c2, 0xc0c0bebe, 0xc0c6c0c0,
0xbebec0c0, 0xc0c0c0c0, 0xbec0c0c0, 0xc6c0c0c0, 0xc0c0c0c0, 0xc6c0c0c0, 0xc0c0c0c0, 0xc0c0c0c0,
0xc0c0c0c0, 0xc6c6c0c0, 0xc0c0c6c6, 0xc6c6c0c0, 0xc0c0c0c6, 0xc6c6c6c0, 0xc6c6c0c0, 0xc6d1d1c6,
0xc6c0c0c0, 0xc0c0c0c6, 0xc0c0c6c6, 0xbfc0c0d1, 0xc0c0c0c6, 0xbfc0c0c0, 0xc0c0c6c0, 0xbfc0c0c0,
0xc6c6c6c6, 0xc0c0c0c6, 0xd1c6c6d1, 0xc0c0c6d1, 0xd1c6c6c6, 0xc0c6c6d0, 0xd0d1d1c6, 0xc6d0d0d0,
0xbfbfbfc0, 0xbfbfbfbf, 0xbfbfbfbf, 0xbfbfbfbf, 0xbfbfbfbf, 0xbfbfbfbf, 0xbfbfbfbf, 0xbfbfbfbf,
0xbfbfbfc0, 0xbfbfbfbf, 0xbfbfbfc0, 0xbfbfbfbf, 0xbfbfbfbf, 0xbfbfbfbf, 0xbfbfbfc0, 0xbfbfbfbf,
0x8e8ebfbf, 0x8a8e8e8a, 0x8e8ebfbf, 0x8a8e8a8a, 0x8e8ebfbf, 0x8e8e8a8e, 0x8e8ebfbf, 0x8e8e8e8e,
0x8e8ebfbf, 0x8a8e8e8e, 0x8e8ebfbf, 0x8a8e8e8e, 0x8e8ebfbf, 0x8a8e8a8a, 0x8e8ebfbf, 0x8e8e8e8a,
0xb8b5b9db, 0xb9b9b5b8, 0xb8b8b9db, 0xb9b8b8b8, 0xb8b8b9db, 0xb9b9b8b8, 0xb8b8b9db, 0xd7bcb9b8,
0xb8b9bcdb, 0xd7b9b8b8, 0xb9b8b9db, 0xd7b9b8b8, 0xb8b8bcdb, 0xb9b8b8b8, 0xb8b8bcdb, 0xb8b9b8b8,
0xd6b9b9b9, 0xdbdbd8d8, 0xb9b9b9b9, 0xdbd8d8d8, 0xd6b9b9b9, 0xdbd8d8d7, 0xd6b9b9b9, 0xdbd8d7d7,
0xb9b9b5b9, 0xd8d6d6b9, 0xb9b9b9bc, 0xd8d8d7d7, 0xb9b9b9bc, 0xd8d7d7b9, 0xb5b8b9b9, 0xd7d6b9b8,
0xd8d6d6d8, 0xd8d8d8d8, 0xd8b6d6d8, 0xd8d8d8d8, 0xd6b9d7d8, 0xd8d8d8d6, 0xb9b9d7d8, 0xd6d8d7d6,
0xb9b9d7d8, 0xd8d8d6d7, 0xb9b9d7d8, 0xd8d8d6d8, 0xb9b9d7d8, 0xd8d8d6d6, 0xd6b9d6d7, 0xd7d7d7d6,
0xd8d8d8d8, 0xd6d6d6d6, 0xd8d8d8db, 0xd6d8d6d6, 0xd8d8d8d8, 0xd6d6d6d6, 0xd6d8d8d8, 0xd6d6d6d8,
0xd8d8d8d8, 0xd8dbd8db, 0xd8d8d8d8, 0xd8d8d6d8, 0xd8d8d8d8, 0xd6d8d8d8, 0xdbd8d6d6, 0xd8d8d8db,
0xc8d6cbd6, 0xd6d6d6cb, 0xc9d6d6d6, 0xd6d6cbd6, 0xd6d8dbd8, 0xd6d6d6d6, 0xdbdbdbd8, 0xd8dbdbd9,
0xd6d8dbd8, 0xd8d6d9d6, 0xdbdbdbdb, 0xd6cbd6d6, 0xdbdbd8d6, 0xd8d6cbd6, 0xdbd6d8d8, 0xd8d8d8d6,
0xb3b6c9d6, 0xd6d6c9b2, 0xc9c9c9d6, 0xd6d6c9b3, 0xd6d6d6cb, 0xd8d6d6c9, 0xb6d6d6d6, 0xd6d6d6d6,
0xd6d8d6d8, 0xd6d6d6d6, 0xd6d6d6d6, 0xd6d6d6c9, 0xd6d6d8d6, 0xd6d6d6c9, 0xd6d7d6d6, 0xb6b9d6d6,
0xacb8b8d6, 0xb8b8b8b8, 0xb8b8b9d6, 0xb8b8b8b8, 0xb8bcb8d6, 0xacb8b8b8, 0xbcb9b8b6, 0xacb8b8b8,
0xb8b8b8b6, 0xadb8b8b8, 0xbcb8b8b6, 0xb8b8b8b8, 0xb8b8b8b6, 0xb8b8b8bc, 0xb8bab8b5, 0xb8b8b8b8,
0xa0a09dac, 0xa9a9acaa, 0xa9a09da0, 0xa0a9aca9, 0xa99c9dac, 0xadacadac, 0xaca0a0ac, 0xb8aca9ac,
0xaaaaaaaa, 0xacacacac, 0xa9acacad, 0xa9a9acac, 0xa9acacad, 0xa9a9acac, 0xacadadb8, 0xacacacac,
0x9c9d9ca9, 0xa9a09c9c, 0xa0a09d9c, 0xa0a09c9d, 0xa0a0a0a0, 0xa0a09c9c, 0x9c779da9, 0xa9a9a09c,
0x9c9da0a0, 0xa9aca99c, 0xa0a0a9a9, 0xadaca9a0, 0xa9a0a0a9, 0xa9a9a9a9, 0xa09c9da9, 0xa9a9a9a9,
0xa9a9a9a9, 0xb8a9acb8, 0xa9a9a9a9, 0xa9b5a9ac, 0xa9a0a9a9, 0xb5b5a9a9, 0xa9a0a0a9, 0xa4acb5a9,
0xa9a0a0a0, 0xb8b8b5a9, 0xaca9a9a9, 0xb8a9a9b5, 0xb5acb8b8, 0xb5b5acb5, 0xb5a9b9b8, 0xb5b5b5b5,
0xb5b5b5a9, 0xb5b9b5b8, 0xb8b5b5a9, 0xb9b9b8b9, 0xb9b5b5a9, 0xb5b9b5b8, 0xb8b8b5a4, 0xb5b5b5b5,
0xb5b5b5b5, 0xacb5b9b5, 0xb5b5b5b9, 0xb5b9b5b5, 0xb9b9b5b5, 0xb9b8b5b9, 0xb9b9b8b5, 0xb5b5b9b5,
0xb5b5acb5, 0xa5a5a5b8, 0xa5b5b5b5, 0xb5b5a5b5, 0xb5b5b5ac, 0xa5a47ab8, 0xb9b5b5b5, 0xa57aa5b8,
0xb8b5acb5, 0xa5b5a5b8, 0xb5b5b5b5, 0xa0b5a5b5, 0xb5b5b5b5, 0xa5a5b5b8, 0xb5b5b9ac, 0xb57aa4b5,
0x7aa57aa0, 0x7a7a887a, 0x7aa4b5a5, 0x7a7a7a88, 0x7aa5b5a0, 0x7a7aa588, 0xa5a0a5a5, 0x7a7a7aa5,
0xa5aca4a4, 0x7ba57a7a, 0x7a7aa57a, 0x7aa5a57a, 0x78757ab5, 0x7a887a7a, 0x7a7a7aa5, 0xa5757a7a,
0x7a88a5a5, 0x7a7a8888, 0x7a888888, 0x7a767a7a, 0x76a57a7a, 0x7a7a7a76, 0x7ba5a57b, 0x7a7b7a76,
0x7aa57a76, 0x767a7575, 0x767b7a7b, 0x757a7575, 0xa588887b, 0x75757575, 0x7a7a7a7a, 0x757a887a,
0x7a7a7676, 0x4e4e464e, 0x767a757a, 0x4e4d4848, 0x4e75757a, 0x4e4d4e4e, 0x4e757575, 0x464d4e75,
0x75757675, 0x4e4d4e75, 0x76757a76, 0x4e4e4e76, 0x767a7575, 0x76764e76, 0x76767576, 0x4e4e4e7a,
0x4f4e4e4e, 0x4d4d4d4d, 0x854e4d4e, 0x4d4f4f4f, 0x85854e76, 0x4d4d4f85, 0x4f4e764e, 0x4f4f4e4f,
0x4e764e4e, 0x4f4f4f4f, 0x4e85884e, 0x4d4d4f4e, 0x4e4e7676, 0x4d4d4f4e, 0x4e4e4e4e, 0x4d4d4e4e,
0x4d4d4d4d, 0x4d4d4d4d, 0x4d4d4f4f, 0x4d4d4d4d, 0x4f4f4f4f, 0x354d4d4d, 0x4d4d4d4d, 0x2f4d4d4d,
0x4d4d4d4d, 0x4d4d4d4d, 0x4d4d4d35, 0x4d4d4d4d, 0x4d4f4f4d, 0x4d4d4d4d, 0x4d4d4f4d, 0x4d4d4d4d,
0x4d4d4d4d, 0x35354d4d, 0x4d4d4d4d, 0x2f2f354d, 0x4d354d35, 0x2f2f354d, 0x4d354d4d, 0x352f2f35,
0x354d4d4d, 0x354d4d4d, 0x4d4d4d4d, 0x2f2f4d4d, 0x2f354d4d, 0x2f35354d, 0x4d4d4d4d, 0x4d2f4d4d,
0x2f2f2f35, 0x35352f2f, 0x2f2f2f35, 0x2f2f2f2f, 0x2f2f352f, 0x2f2f2f2f, 0x2f2f2f2f, 0x2f2f2f2f,
0x2f2f2f2f, 0x2f4d4d2f, 0x2f2f352f, 0x4d4d4d2f, 0x2f2f352f, 0x352f2f2f, 0x2f2f2f4d, 0x2f2f2f2f,
0x2f2f2f2f, 0x2f2e212f, 0x2f2f2f2f, 0x2f2f2f2f, 0x35352f2f, 0x2f2f2f4d, 0x35352f2f, 0x2f2f352f,
0x2f2f2f2f, 0x2f2f2f2f, 0x2f2f2f35, 0x2f4d2f2f, 0x2f35354d, 0x2f4d4d2f, 0x2f35352f, 0x2f2f3535,
0x2f2f2f2f, 0x352f2f2f, 0x2f2f2f2f, 0x352f2f2f, 0x2f21212f, 0x2e2e2f2f, 0x2f2f212f, 0x2e2f352f,
0x2f2f2f2f, 0x352f352f, 0x212f2f2f, 0x352f2f2f, 0x2f2f2121, 0x2f2f2f2f, 0x352f2f2f, 0x2f212f2f,
0x35352e35, 0x33333335, 0x35352f35, 0x212e3333, 0x33332f2e, 0x2e2e2e33, 0x35333535, 0x21333335,
0x35353535, 0x21333335, 0x33353535, 0x21333535, 0x2e2e2121, 0x332e3333, 0x212e2e2f, 0x332e2e2e,
0x2e213333, 0x332e212e, 0x33212e2e, 0x332e212e, 0x332e2e21, 0x33332e2e, 0x2121212e, 0x33332e21,
0x212e2e2e, 0x212e3333, 0x3335352e, 0x2e2e2e2e, 0x33333533, 0x33333333, 0x33333535, 0x33333333,
0x33333333, 0x30303333, 0x33333333, 0x20333333, 0x33333321, 0x33333333, 0x33212121, 0x33333333,
0x33213333, 0x33333333, 0x33332e33, 0x33333333, 0x33333333, 0x33333333, 0x35333333, 0x2e333333,
0x33333333, 0x33343433, 0x30202020, 0x33333330, 0x30202020, 0x30303330, 0x33333333, 0x30333330,
0x33333333, 0x33333333, 0x33333333, 0x33333333, 0x21212124, 0x33333333, 0x33332121, 0x21333324,
0x30333334, 0x32323230, 0x30333333, 0x24243230, 0x30303330, 0x32243230, 0x34303030, 0x34343230,
0x33333333, 0x24323434, 0x24333333, 0x24242424, 0x33332024, 0x30242430, 0x33333321, 0x24243030,
0x34343232, 0x34323234, 0x32323232, 0x34323434, 0x32323232, 0x32344932, 0x32323232, 0x32343432,
0x32323232, 0x34343432, 0x32302430, 0x4b343432, 0x32302430, 0x4b4b4932, 0x24302424, 0x34343434,
0x34323432, 0x34343434, 0x34493434, 0x33333334, 0x4b4b3434, 0x33333449, 0x4b4b4b34, 0x33334953,
0x4b4b4b49, 0x33344953, 0x53494934, 0x3449497d, 0x53534b4b, 0x34343449, 0x5353534b, 0x33343449,
0x34333333, 0x34494934, 0x33303333, 0x34344934, 0x33333333, 0x33333333, 0x33333333, 0x33333333,
0x33333333, 0x33333333, 0x33333333, 0x33333333, 0x33333434, 0x33333333, 0x33333433, 0x33333333,
0x34343334, 0x33343434, 0x33333334, 0x33493333, 0x33333334, 0x33333333, 0x33333334, 0x33333333,
0x33333334, 0x33333333, 0x33333433, 0x33333333, 0x33333333, 0x33333333, 0x33333333, 0x33333333,
0x34343434, 0x49343434, 0x34333333, 0x49343434, 0x34493333, 0x34344934, 0x33333333, 0x34333333,
0x33243333, 0x34343333, 0x33333333, 0x33333333, 0x34333333, 0x33343333, 0x33333333, 0x33343333,
0x53534949, 0x384b4b4b, 0x49494949, 0x384b5349, 0x49494949, 0x4b534f4f, 0x49494949, 0x4b534f4f,
0x49493333, 0x4b534949, 0x34333449, 0x4b494949, 0x34333334, 0x32343434, 0x34343333, 0x32343434,
0x38373737, 0x38383851, 0x38373737, 0x38383838, 0x37373838, 0x38385138, 0x37373738, 0x38383851,
0x37373738, 0x38383851, 0x37373738, 0x38383838, 0x31313138, 0x38383838, 0x27273138, 0x38383837,
0x51383851, 0x384b3838, 0x38383838, 0x38383838, 0x38383837, 0x384b3838, 0x38383838, 0x38383837,
0x38383738, 0x38383838, 0x38383838, 0x38383838, 0x38383838, 0x37373737, 0x37383837, 0x38373738,
0x38383838, 0x4b535338, 0x3851514b, 0x4b535338, 0x384b4b38, 0x4b53534b, 0x4b383838, 0x4b384b38,
0x38383838, 0x4b4b4b38, 0x38383838, 0x384b5338, 0x38383838, 0x38384b38, 0x38383838, 0x384b4b38,
0x4b4b4b4b, 0x4b38384b, 0x4b4b4b4b, 0x4b4b3838, 0x4b4b4b4b, 0x384b3838, 0x4b4b384b, 0x3838384b,
0x4b4b3838, 0x4b4b4b4b, 0x4b383838, 0x4b4b4b4b, 0x4b383838, 0x4b4b3838, 0x4b383838, 0x384b3838,
0x4b384b4b, 0x32323238, 0x3832384b, 0x32323232, 0x38383838, 0x4b323238, 0x38383838, 0x4b4b4b4b,
0x4b4b384b, 0x3232384b, 0x4b4b4b4b, 0x4b323232, 0x384b4b4b, 0x4b4b4b38, 0x38383838, 0x32384b38,
0x32323232, 0x23323232, 0x32323232, 0x27323232, 0x32323232, 0x32273232, 0x32323132, 0x32323232,
0x31323238, 0x34323232, 0x3232324b, 0x32323232, 0x32323232, 0x32323232, 0x32323232, 0x27323232,
0x32313023, 0x23232323, 0x30323231, 0x23303023, 0x23313232, 0x23242330, 0x23313232, 0x24232323,
0x32323232, 0x32322323, 0x32323232, 0x23322323, 0x32323227, 0x23232332, 0x32273231, 0x23233132,
0x32323223, 0x23232323, 0x32322423, 0x23232323, 0x23232323, 0x32232323, 0x32322424, 0x23232323,
0x23323230, 0x23232330, 0x32233223, 0x32232332, 0x32303230, 0x32232332, 0x32303130, 0x32242432,
0x23322323, 0x32323232, 0x23232323, 0x32323123, 0x27232323, 0x32313131, 0x32242423, 0x32323232,
0x32323223, 0x31273232, 0x31232332, 0x27232731, 0x31273232, 0x23273127, 0x32272832, 0x23232323,
0x32313132, 0x31222232, 0x31323232, 0x27222223, 0x31323232, 0x31262222, 0x32323232, 0x31313232,
0x31312732, 0x26263131, 0x32273132, 0x31272231, 0x31273132, 0x31312727, 0x31273132, 0x31312727,
0x27262238, 0x31262626, 0x31312631, 0x384b2626, 0x31312731, 0x26262626, 0x26313138, 0x31262626,
0x26222231, 0x38372626, 0x22222631, 0x31313126, 0x18222631, 0x26263126, 0x22222631, 0x26312626,
0x31262631, 0x37262526, 0x31312626, 0x37262526, 0x26263131, 0x37372631, 0x26262631, 0x37312631,
0x26222631, 0x36262626, 0x26262626, 0x31312626, 0x314b3131, 0x26263137, 0x37373131, 0x25262631,
0x36363737, 0x36252529, 0x37373737, 0x36252637, 0x50503637, 0x29253637, 0x51373731, 0x29293650,
0x51373736, 0x29363652, 0x50363131, 0x36365052, 0x51373131, 0x3a365151, 0x37373131, 0x3a3a5151,
0x25252936, 0x50362525, 0x29362936, 0x50292529, 0x36503629, 0x5436363a, 0x503a3a36, 0x50363a50,
0x503a5036, 0x503a5054, 0x54505036, 0x5050558d, 0x5050503a, 0x50558d8d, 0x55505050, 0x508d8d89,
0x503a3636, 0x8d8d8d55, 0x55503a50, 0x8d8d8d54, 0x55555589, 0x8e8e8d55, 0x558d5555, 0x8f8e8d8d,
0x8d8d5555, 0x8f8f8d8d, 0x8d8d5555, 0x8f8e8d55, 0x8e8d8d55, 0x8f8e8d8d, 0x8e8e8d55, 0x8f8e8e8e,
0x8d8d8d8d, 0x8d8e8e8d, 0x8d8d8d8d, 0x8e8e8e8d, 0x8e8e8e8e, 0x8f8f8e8e, 0x8f8f8e8f, 0x8f8f8f8f,
0x8f8f8f8f, 0xcc8f8f8f, 0xcccc8f8f, 0xcccc8f8f, 0xcccc8fcc, 0xcccccccc, 0xcccccccc, 0xcccccccc,
0x8f8f8f8e, 0x8f8f8e8f, 0x8f8f8e8e, 0x8f8f8f8f, 0xcc8f8e8e, 0x8f8f8fcc, 0x8f8f8f8f, 0x8fcccccc,
0x8f8fcccc, 0xcccccccc, 0x8f8fcccc, 0xcccccccc, 0x8fcccccc, 0xcdcdcccc, 0xcccccccc, 0xcccdcdcc,
0xcc8fcccc, 0xcc8f8fcc, 0xcccc8f8f, 0x8f8fcccc, 0xcccccc8f, 0x8fcccc8f, 0xcdcccc8f, 0xcccccccc,
0xcdcc8f8f, 0xcccccccc, 0xcdcdcccc, 0x8fcccccd, 0xcdcccccc, 0xcc8fcdcd, 0xcdcdcccc, 0xcccccdcd,
0x8f8f8f8f, 0x8fcccccc, 0x8fcccccc, 0x8fcccc8f, 0x8f8fcccc, 0xcccc8f8f, 0xcc8f8f8f, 0xcccccccc,
0xcccc8f8f, 0xcccccccc, 0xcccccc8f, 0x8fcccdcc, 0xcccccccc, 0x8fcccdcc, 0xcccccccc, 0xcccccdcc,
0x8f8fcc8f, 0x8f8f8f8f, 0x8fcccccc, 0x8f8f8e8e, 0xcccc8f8f, 0x8f8f8f8f, 0xcccccc8f, 0xcccccccc,
0xcc8fcccc, 0xcdcccccc, 0xcdcccc8f, 0xcdcdcccc, 0xcdcdcc8f, 0xcdcdcccc, 0xcdcdcdcd, 0xcdcdcdcd,
0x8e8f8e8e, 0x8d55558e, 0xcccc8f8f, 0x8e8e8e8f, 0xcccccc8f, 0x8ecccccc, 0xcccccccc, 0x8ecccccc,
0xcccccccd, 0xcccc8f8f, 0xcccdcdcd, 0xcccccccc, 0xcccdcdcd, 0xcccccccc, 0xcccdcdcd, 0xcccccccc,
0x8e8d8e8e, 0x8f8f8f8e, 0x8e8e8e8e, 0x8e8ecccc, 0x8fcc8e8e, 0x8e8ecc8e, 0xcccc8e8e, 0x8fcccccc,
0xcc8f8fcc, 0x8fcccccc, 0xcc8fcccc, 0x8fcccccc, 0xcccccccc, 0xcccccccc, 0xcccccccc, 0xcccccccc,
0xcccc8f8e, 0xcccccccc, 0xcc8e8e8f, 0xcccccccc, 0x8e898d8e, 0xcccccccc, 0x8e89558d, 0xcccccccc,
0x8e8e8d8d, 0xcccccc8f, 0xcc8f8f8e, 0xcccccccc, 0xcccccccc, 0xcccccccc, 0xcccccccc, 0xcccccccc,
0x4c898fcc, 0x314c3031, 0x7e8a8fcc, 0x31303030, 0x7e8ec0cc, 0x31303031, 0x7e8fcccc, 0x31313030,
0x898fcccc, 0x31303131, 0x7e8ec0cc, 0x304a3131, 0x4c8ac0cc, 0x31312230, 0x317ec08f, 0x31222231,
0x30303030, 0x4a4a4a30, 0x30313130, 0x7c4a4a4a, 0x31313131, 0x837c4c4c, 0x30313030, 0x83837c4a,
0x31313030, 0x837f7c4c, 0x31303030, 0x7f7c4a4c, 0x30303030, 0x837c4c4c, 0x4c4c4a31, 0x8b7f7e4c,
0x7d7d7c7c, 0x837d7d7d, 0x7d7c7d7c, 0x837c7c83, 0x817d7d7c, 0x837d7c7c, 0x7c7c7c81, 0x83837e7c,
0x7c7c7c7c, 0x8b837e7c, 0x7f7c8383, 0x8b837c7c, 0x837c7e8b, 0x8b7c4c7f, 0x837e7c83, 0x8b7c7c83,
0xb0838383, 0xbebebebe, 0xbe83b08b, 0xbebebec1, 0xbe8ab08b, 0xc2c2c2c1, 0xbeb0b18b, 0xc6c6c6c2,
0xc18bc18b, 0xc6c2c2c2, 0xbeb0c1c1, 0xc6c2c2be, 0xc1b0b0b1, 0xc6c6c6c2, 0xc18a8a8b, 0xc6c6c6c2,
0xc0c2c2c0, 0xc6c6c0be, 0xc0c6c6c6, 0xc6c0c6c0, 0xc6c2c6c6, 0xc0c2c6c6, 0xc6c2c2c6, 0xc0c6c2c2,
0xc6c6c6c6, 0xc6c6c2c6, 0xc2c6c6c6, 0xd1c6c2c2, 0xc2c2c6c6, 0xd1c6c2c2, 0xc0c2c6c6, 0xc6c6c6c6,
0xc6c6c6c6, 0xd1d1d1d1, 0xd1c6c6c6, 0xd1d1d1d1, 0xc6c6c6c6, 0xd1d1d1d1, 0xc0c0c0c6, 0xd1d1d1c6,
0xc0c6c6c6, 0xd1d1c6c0, 0xc6d1d1d1, 0xd1d1d1c6, 0xc6d1d1d1, 0xd1d1d1d1, 0xd1d1d1d1, 0xd1c0c6d1,
0xd0d1d1d1, 0xc0c6d0d0, 0xd0d0d1d1, 0xc0c6c6d0, 0xd1d0d1d1, 0xc0c6c6d0, 0xd0d1d1d1, 0xc6c6d0d1,
0xd1d1d1d1, 0xd0d0d0d1, 0xd1d1d1d1, 0xd0d0d0d1, 0xd1d1d1d1, 0xd0d1d1d1, 0xd1d1d1d1, 0xd0d1d1d1,
0xc0bfbfc0, 0xbfbfbfc0, 0xc0c0c0c0, 0xbfbfbfc0, 0xc0c0c0c0, 0xbfbfbfc0, 0xc0c0c0c6, 0xbfbfbfbf,
0xbfc0c0d0, 0xbfbfbfc0, 0xccc0c0c0, 0xbfbfbfc0, 0xbfc0d0d0, 0xbfbfbfbf, 0xbfc0c0cc, 0x8ebfbfbf,
0x8e8ebfbf, 0x8e8e8e8e, 0x8e8ebfbf, 0x8e8e8e8e, 0x8ebfbfbf, 0x8e8e8e8e, 0x8ebfbfbf, 0x8e8e8e8e,
0x8ebfbfbf, 0x8e8e8e8e, 0x8ebfbfbf, 0x8e8e8e8e, 0x8ebfbfbf, 0x8e8e8e8e, 0x8ebfbf8e, 0x8e8e8e8e,
0xb8b8bcdb, 0xb8bcb8b8, 0xacb8b9db, 0xb8b8b8a9, 0xb8b8bcdb, 0xbab8aca9, 0xb8b8d7db, 0xb8b8acb8,
0xb8b8d7db, 0xb8a9b8b8, 0xb8b8b9db, 0xb8acb8b8, 0xb8b8b9db, 0xb8b8b8b8, 0xb8b8d7db, 0xacacb8b8,
0xb8b8b8b8, 0xd6b9b9b8, 0xb8b8b8b8, 0xb9b9b8b8, 0xb8b8b8bc, 0xb9b8b8b8, 0xb8acb8b8, 0xb8b8b8b8,
0xb8b8b8b8, 0xb8b9b8b8, 0xb8b8b8b8, 0xb8b8b8b8, 0xbcbcb8b8, 0xb8b8bcbc, 0xbcb8a9a9, 0xb8b8bcba,
0xd7b9d7d7, 0xb9d7d7d8, 0xd7b9d7d7, 0xb9d7d7d7, 0xb9d7d7b9, 0xb9d7d7d7, 0xbcbcbcb9, 0xb8b9b9b9,
0xd7b9b8b8, 0xb8b8b8b8, 0xb8a9a9ac, 0xb8b8b8b8, 0xb8acacb8, 0xb8b8b8b8, 0xb8b8b8bc, 0xb8b8b8b8,
0xd8d8b9b9, 0xd8d8d8d8, 0xd8d6b6b5, 0xd8d8d8d8, 0xb6b5b8b8, 0xd7d6d8d8, 0xb9b8b5b8, 0xd7d8d8d6,
0xb9b9b5b8, 0xd7d8d8b9, 0xb5b8b8b8, 0xd6d6d6b9, 0xb9b8b8ac, 0xd7d7b9b9, 0xb8b8acb8, 0xd8d8d7b5,
0xd8d8d6d8, 0xd8d8d8d6, 0xd8d8d8d6, 0xd7d8d8d8, 0xd6d6d8d6, 0xd7d6d6d6, 0xb6b9d7d7, 0xd7b6b9d6,
0xb9b8b9d7, 0xb9b5b9b9, 0xb8b8bcd7, 0xb5b8b9b8, 0xb8b8bcb9, 0xb8b8b8b8, 0xadb8b8b8, 0xb8b8acac,
0xb9b9b9d6, 0xb9b9d6b6, 0xb5b9b9d6, 0xb9b9b9b5, 0xa9b5b8b9, 0xb9b9b5b5, 0xb5b8b8b9, 0xb8b5a9b5,
0xb8b8b8b9, 0xa9a9a9b7, 0xadadb8b8, 0xadb8b7ab, 0xa9a9a9a9, 0xb8b8ada8, 0xa9a9a9b8, 0xb8b8a9ab,
0xbab8b8b8, 0xb8b8b8ba, 0xbcb8b5b8, 0xb8bab8bc, 0xbcb8b5b8, 0xb8b8b8b8, 0xbcbcbcb8, 0xb8b8b8b8,
0xbcbcbcb8, 0xb8b8b8b8, 0xbcbcbab8, 0xb8b8b8bc, 0xb8bcbcbc, 0xadadb8b8, 0xb8babcbc, 0xb8adb8b8,
0xacb8b8b8, 0xaca9acac, 0xacb8b8b8, 0xa9a9a9ac, 0xacb8b8b8, 0xaca0a0ac, 0xacb8b8b8, 0xaca9a0ac,
0xb8b8b8b8, 0xacaca9ac, 0xb8b8bcb8, 0xb8b8acad, 0xacacb8b8, 0xacb8acac, 0xacacb8b8, 0xacb8b8b8,
0xac9c9ca9, 0xa9a9b5b8, 0xaca9a9a9, 0xb8b8b8b8, 0xaca9a9a9, 0xd7b8b8b8, 0xaca9a0a9, 0xd7b9b5b8,
0xa9a9a0a0, 0xd7b9b8b8, 0xa9aca9a9, 0xb9b9b8a9, 0xb8a9a9a9, 0xbcb9b9b8, 0xacadacac, 0xbcb9b8b8,
0xb9b9b9b8, 0xb8a9b5b5, 0xd7b9d7b9, 0xb8b5a4b5, 0xd7d6b9d7, 0xb9b8a9b5, 0xd6d7d7b9, 0xb8b5b5b5,
0xb9b9d7d7, 0xb9b5b5b5, 0xb8d7d7bc, 0xbcb9b8b5, 0xb5b9d7bc, 0xb9b9b8b5, 0xb9d7d7bc, 0xb9bcb9b9,
0xb9b5b9b9, 0xb5b5b5b5, 0xb8b9bcb9, 0xb5b5b5b5, 0xb8b9b9b9, 0xb5b8b5b5, 0xb5b8b5b9, 0xb5b9aca4,
0xb5b5b9b9, 0xb5b5a9a0, 0xacb5bcbc, 0xb9b9b8b5, 0xa9b5b9b9, 0xb5b5b5b5, 0xa9b5b8b8, 0xb5b8b9b5,
0xacacb5b5, 0x7a7aa5ac, 0xb8b9b5b5, 0xa5a5acb5, 0xb5b9b5b5, 0xacb5aca5, 0xb5b5b5ac, 0xa0a5acb5,
0xb9b9b5ac, 0xa5a5b5b8, 0xb5b5b5b5, 0xaca5acac, 0xa5b5b5b5, 0xa5b5a5ac, 0xa4b5b5b9, 0xa5a5a4a4,
0x7aa5aca5, 0x7a767a7a, 0x7a7bb5a5, 0x7a7a7575, 0x787ba5a5, 0x75757578, 0xa1a1a5a1, 0xa57a7a7b,
0x7a787aa5, 0x7a7a7ba5, 0x7a7b7aa1, 0x7a787a7a, 0x7b7aa1ac, 0x7b7aa5a5, 0xa5a1a17a, 0x7878a5a5,
0x7a7a7575, 0x757a757a, 0x7a7a7a75, 0x7548757a, 0x7576a5a5, 0x75757575, 0x75767ba5, 0x7b767a75,
0x7575767a, 0x7b7a7a7b, 0xa57a7575, 0x75767a7b, 0xa57a757b, 0x4e75757a, 0x75767a7a, 0x75767575,
0x75484875, 0x4e4e4e75, 0x4e484875, 0x484e754e, 0x48484875, 0x4e4e754e, 0x4e484875, 0x4e48484e,
0x4e484e75, 0x48484848, 0x75754e75, 0x48754e4e, 0x754e4848, 0x75754e4e, 0x48484848, 0x75754e75,
0x4e76764e, 0x4d4d4e4e, 0x4e4e4e46, 0x46464646, 0x754e4e48, 0x4e4e484e, 0x75754e48, 0x464e4e4e,
0x4e757548, 0x484e754e, 0x75757548, 0x4e484e4e, 0x48487575, 0x4e484e75, 0x48484875, 0x4e484e4e,
0x4d4d4f4d, 0x4d4d4d4d, 0x4d4d4d4d, 0x4d4d4d4d, 0x4d4d4d4e, 0x4d4d4d4d, 0x4d4d4d4e, 0x4d2f4d4d,
0x4d4d4646, 0x4d464d4d, 0x4646464e, 0x464d4d4d, 0x464d4e4e, 0x464d4d46, 0x4e4e4e4e, 0x4646464d,
0x4d4d2f2f, 0x2f2f2f2f, 0x2f2f2f4d, 0x4d4d4d2f, 0x2f4d4d4d, 0x4d4d2f4d, 0x2f4d4d4d, 0x2f2f2f2f,
0x2f4d4646, 0x2f2f2f2f, 0x2f2f2f2f, 0x2f2f2f2f, 0x2f2f2f46, 0x2f2f2f2f, 0x2f464646, 0x2f2f2f46,
0x2f2f2f2f, 0x352f2f35, 0x2f2f2f46, 0x2f2f2f2f, 0x2f2f2f2f, 0x2f2f2f2f, 0x2f2f2f2f, 0x2f2f2f2f,
0x2f2f2f2f, 0x2f2f2f2f, 0x2f2f2f2f, 0x4d4d4d2f, 0x2f2f2f2f, 0x2f2f4d2f, 0x2f2f2f2f, 0x2f2f2f35,
0x2f2f2f2f, 0x2f2f2f2f, 0x2f2f2f2f, 0x2f2f2f2f, 0x2f2f2f2f, 0x2f352f2f, 0x2f2f2f2f, 0x2f2f2f2f,
0x352f2f2f, 0x2f2f2f2f, 0x352f2f2f, 0x2f352f2f, 0x35352f2f, 0x2f352f2f, 0x2f2f2f2f, 0x35352f2f,
0x2f2f2f2f, 0x2f212f2f, 0x212f2f2f, 0x21212f21, 0x2f2f2f2f, 0x212f2f2f, 0x2f2f2f2f, 0x2f2f2f2f,
0x2f2f2f2f, 0x2f2f2f2f, 0x2f2f2f2f, 0x2f2f2f2f, 0x2f2f2f2f, 0x352f2f2f, 0x2f2f3535, 0x2f2f2f2f,
0x2e2e352f, 0x352e2e2e, 0x2e212e2f, 0x35352f35, 0x2e212121, 0x2121212e, 0x352f212f, 0x2e212e2e,
0x352f2e2f, 0x2e2e2e2f, 0x2f2f2f2f, 0x3535352f, 0x35353535, 0x2e2f3535, 0x352f352f, 0x35353535,
0x33333335, 0x33333333, 0x33332e35, 0x33333333, 0x35353535, 0x33333535, 0x35353535, 0x35212e33,
0x2e2e2e2e, 0x332e2e2e, 0x212e2e2e, 0x212e212e, 0x35352e2e, 0x21212e2e, 0x2f2e2f35, 0x21212e2f,
0x33332121, 0x2e333333, 0x21212e2e, 0x2e332e21, 0x2e212e33, 0x2e333321, 0x2e2e3333, 0x2e332e2e,
0x21213333, 0x2e333333, 0x21212e2e, 0x3533332e, 0x212e2121, 0x3533332e, 0x212e2121, 0x33332e21,
0x33332e21, 0x33333333, 0x33333333, 0x33333333, 0x33333333, 0x33333333, 0x33332e33, 0x35353533,
0x33333333, 0x33353533, 0x33333335, 0x33353533, 0x33333335, 0x33333333, 0x35353535, 0x3333212e,
0x33243333, 0x24243030, 0x33213333, 0x24242424, 0x33333333, 0x24242424, 0x33333333, 0x33333333,
0x33333333, 0x33333333, 0x2e213333, 0x33333333, 0x33332e33, 0x33333333, 0x33333333, 0x3333332e,
0x24242424, 0x34343433, 0x33242424, 0x34333333, 0x33242424, 0x33333324, 0x33333333, 0x33333333,
0x33333333, 0x33333333, 0x33333335, 0x33333333, 0x33333333, 0x33333333, 0x33333333, 0x33333333,
0x49494934, 0x33334949, 0x33343434, 0x33353434, 0x33333333, 0x33353533, 0x33353333, 0x33353535,
0x33353333, 0x33333533, 0x33333533, 0x35353533, 0x33353333, 0x33343533, 0x33353333, 0x35343533,
0x33333333, 0x33243333, 0x33333333, 0x33243333, 0x33333433, 0x33333333, 0x34343434, 0x33333333,
0x34353449, 0x33333433, 0x33344934, 0x33343434, 0x33354935, 0x33333434, 0x35353333, 0x33333333,
0x34343434, 0x33333334, 0x34343433, 0x33333333, 0x34333433, 0x33333334, 0x34343433, 0x33333333,
0x34343333, 0x33333333, 0x33333333, 0x33333433, 0x49333333, 0x33333333, 0x34343333, 0x33333333,
0x33333333, 0x33333333, 0x49333333, 0x49333349, 0x33333333, 0x34343333, 0x33333333, 0x33333333,
0x33333333, 0x33333333, 0x33333433, 0x34333333, 0x33333333, 0x49343433, 0x33343333, 0x49333334,
0x34343433, 0x32343434, 0x34343434, 0x32323434, 0x34343433, 0x32323234, 0x49343433, 0x32343434,
0x34343433, 0x32343434, 0x34343434, 0x32343434, 0x34343449, 0x34323434, 0x4934494f, 0x32343449,
0x27313138, 0x38384b37, 0x37373832, 0x51385138, 0x37373132, 0x51535337, 0x37373132, 0x51565431,
0x37373132, 0x51535137, 0x37313132, 0x514b3837, 0x37313232, 0x534b3837, 0x37313232, 0x53513838,
0x37383838, 0x38373737, 0x38383838, 0x38373837, 0x38383838, 0x37383838, 0x38383838, 0x38373838,
0x38384b38, 0x3838384b, 0x384b4b38, 0x38383838, 0x38514b38, 0x38383838, 0x384b4b4b, 0x4b383838,
0x38383838, 0x384b3838, 0x38383838, 0x38383838, 0x38383838, 0x38383838, 0x38383838, 0x4b383838,
0x38383838, 0x38383838, 0x38383838, 0x38383838, 0x38383838, 0x38383838, 0x3838384b, 0x38383838,
0x38383838, 0x4b4b4b4b, 0x38383838, 0x4b384b38, 0x38383838, 0x4b383238, 0x4b38384b, 0x4b383238,
0x38384b4b, 0x38383838, 0x4b384b4b, 0x384b3838, 0x384b534b, 0x3838384b, 0x4b38534b, 0x38383838,
0x4b4b4b4b, 0x38323232, 0x384b4b4b, 0x32323232, 0x4b4b4b4b, 0x4b4b3838, 0x4b4b384b, 0x4b4b324b,
0x4b383838, 0x32323238, 0x38383838, 0x32323838, 0x38383838, 0x38384b4b, 0x38383838, 0x4b4b4b38,
0x31323232, 0x27312732, 0x32323232, 0x31313232, 0x4b4b3232, 0x32323232, 0x4b4b4b32, 0x32323232,
0x4b4b3232, 0x324b3232, 0x32323838, 0x27283232, 0x32383838, 0x32323232, 0x38384b4b, 0x38324b4b,
0x32323231, 0x27323232, 0x32323231, 0x31323232, 0x27272732, 0x27322732, 0x32273132, 0x27323232,
0x32323232, 0x32323232, 0x32393232, 0x32323232, 0x32323232, 0x32323232, 0x32323238, 0x32323232,
0x23233232, 0x23243232, 0x23283232, 0x24243232, 0x32323227, 0x23233232, 0x32322723, 0x23233232,
0x32272332, 0x32273232, 0x32322732, 0x27313232, 0x32323232, 0x32323232, 0x32323232, 0x32383231,
0x31312723, 0x31272331, 0x32322332, 0x32272332, 0x31272323, 0x32272327, 0x31232323, 0x31232327,
0x31232323, 0x32313131, 0x31232327, 0x32323232, 0x31323232, 0x27313131, 0x27323232, 0x27272727,
0x27272731, 0x31312727, 0x27222227, 0x38323127, 0x27222227, 0x37312727, 0x27272727, 0x37312731,
0x27313138, 0x4b313131, 0x31272732, 0x38383231, 0x31312727, 0x31313131, 0x27323227, 0x31312727,
0x26262631, 0x37262226, 0x26262631, 0x31262226, 0x26313131, 0x27262622, 0x26263137, 0x26262626,
0x2626314b, 0x26263126, 0x26263131, 0x25262626, 0x26313131, 0x25262626, 0x37373127, 0x29292937,
0x37313131, 0x31313137, 0x4b373737, 0x31263137, 0x51515137, 0x3726314b, 0x51515137, 0x31373751,
0x50373626, 0x36373751, 0x3a362925, 0x51373751, 0x36362925, 0x3a505151, 0x36362926, 0x5054503a,
0x37373131, 0x3a505137, 0x31313131, 0x50505136, 0x26313737, 0x50543626, 0x31375136, 0x54502526,
0x36515437, 0x553a2631, 0x3654543a, 0x54363637, 0x5055543a, 0x50363737, 0x8955503a, 0x50363750,
0x55505550, 0x558d8d55, 0x50558950, 0x8d8d5555, 0x55898d54, 0x8d558d55, 0x8d8d8d55, 0x5555558d,
0x8d8d8d55, 0x5555558d, 0x8d8d8d8d, 0x8d8e8d8e, 0x8d8d8d8d, 0x8e8e8e8e, 0x8d8d8d8d, 0x8f8e8e8d,
0x8e8e8d55, 0x8f8e8f8f, 0x8e8d8d55, 0x8f8f8f8f, 0x8e8d8d8d, 0x8fcccc8f, 0x8e8d8d8d, 0x8fcc8f8e,
0x8e8e8d55, 0x8f8f8f8e, 0x8e8e8d55, 0xcccc8f8f, 0x8f8d8d8d, 0xcecc8f8f, 0x8f8e8d8e, 0xcc8f8f8e,
0xcccccc8f, 0xcccccccc, 0xcccc8f8f, 0xcccccccc, 0xcccc8f8f, 0xcccccccc, 0xcecc8f8f, 0xcfcfcfcf,
0xcccc8f8f, 0xcfcfcfcc, 0xcccccccc, 0xcfcfcdcf, 0xcfcccccc, 0xcfcfcfcf, 0xcfcfcfcc, 0xcfcfcfcf,
0xcccccccc, 0xcccdcdcc, 0xcccccccc, 0xcccdcdcc, 0xcccccccc, 0xcfcfcfcf, 0xcecccccf, 0xcfcfcfcf,
0xcfcccccf, 0xcdcccfcd, 0xcfcfcccf, 0xcdcfcfcd, 0xcfcfcfcf, 0xcdcfcfcc, 0xcfcfcfcf, 0xcfcfcfcf,
0xcdcdcdcc, 0xcccccdcd, 0xcdcccfcf, 0xcccccdcd, 0xcdcccecf, 0xcccdcfcd, 0xcdcccccd, 0xcdcfcdcd,
0xcdcfcfcd, 0xcdcdcdcd, 0xcfcdcfcd, 0xcdcccdcf, 0xcfcfcfcf, 0xcdcccdcf, 0xcfcfcfcf, 0xcdcdcdcd,
0xcccccccc, 0xcdcdcdcc, 0xcccccccc, 0xcdcdcdcc, 0xcccccccc, 0xcdcdcdcc, 0xcdcccdcd, 0xcdcdcdcd,
0xcdcdcdcd, 0xcdcdcdcd, 0xcdcdcdcd, 0xcfcdcdcd, 0xcccdcdcf, 0xcfcfcfcd, 0xcdcdcdcf, 0xcfcfcfcd,
0xcdcfcdcd, 0xcdcdcdcd, 0xcfcdcdcd, 0xcfcdcfcd, 0xcdcfcfcd, 0xcdcdcdcd, 0xcfcdcdcd, 0xcfcdcdcd,
0xcfcfcdcd, 0xcdcdcdcf, 0xcfcfcdcd, 0xcfcdcdcf, 0xcfcdcfcd, 0xcfcfcdcd, 0xcdcfcfcf, 0xcfcfcdcd,
0xcccdcdcd, 0xcccccccc, 0xcccccdcf, 0xcccccccc, 0xcccccfcd, 0xcccccccc, 0xcccccfcf, 0xcccccfcc,
0xcdcfcfcf, 0xcccccccc, 0xcfcfcfcf, 0xcfcccccc, 0xcfcfcfcf, 0xcfcdcccd, 0xcccfcfcf, 0xcdcccdcf,
0xcccccccc, 0xcccccccc, 0xcccccccc, 0xcccccccc, 0xcccccccc, 0xcccccccc, 0xcccccccc, 0xcccccccc,
0xcccccfcf, 0xcccccccc, 0xcccdcdcf, 0xcccccccf, 0xcecccdcd, 0xcccccecf, 0xcecccccf, 0xcccecfce,
0xcccccccc, 0x8e8e8ecc, 0xcccccccc, 0x8e8989cc, 0xcc8fcccc, 0x8a898acc, 0x8fcccccc, 0x527e8ac0,
0x8ecccccc, 0x4c7e8ac0, 0x8ecccccc, 0x53898a8e, 0x8ac0cccc, 0x4c538989, 0x7e8ecccc, 0x31495353,
0x317e8e8e, 0x31312231, 0x317e7e89, 0x31313122, 0x314c527e, 0x31313122, 0x314c374c, 0x304c4c31,
0x314c4c37, 0x30313131, 0x304c4a4c, 0x31313030, 0x31313131, 0x31313131, 0x31313131, 0x224c3122,
0x304c3031, 0x83837e4c, 0x4c4a3131, 0x7e7c7c4a, 0x4a4c3031, 0x7f7f7c4c, 0x4a4c4c4c, 0x8b7f7c4c,
0x4c314a4c, 0x837e7c4c, 0x4c313130, 0x83837e7c, 0x4a4c4c31, 0x8b8b7f7c, 0x4c4c4c31, 0xc18b837e,
0x7f7f7f7f, 0x8b83837f, 0x7f838a7f, 0x8b838a7e, 0x838b8383, 0x8b837e7e, 0x8a8a8a8b, 0xc1be8a83,
0x7f8a8383, 0xb08b8a83, 0x838a8a83, 0xbebe8a83, 0x83838a8b, 0xbebe8a8a, 0x8b8b8b8b, 0xc1c1be8b,
0x8c8a838a, 0xc6c2c2c2, 0xbe8b8b8a, 0xc6c2c2c2, 0xc2be8b8a, 0xc2c0c2c2, 0xc2c1b0be, 0xc6c2c0c0,
0xc2beb0be, 0xd1c6c0c0, 0xc6c2c1c1, 0xc6c6c6c2, 0xc6c6c2be, 0xd1c6c6d1, 0xc0bebe8b, 0xd1c6c2c2,
0xc6c6c6c6, 0xc0c0c0c6, 0xc6c6c6c6, 0xc6c6c0c6, 0xd1d1c6c6, 0xd1d1d1d1, 0xc6c6c6c6, 0xd1d1d1c0,
0xc0c6c6d1, 0xd1d1d1c0, 0xd1d1d1d1, 0xc0c2c6c6, 0xd1d1d1d1, 0xc0c0c0c6, 0xc6d1d1d1, 0xd1d1c2c0,
0xd1d1d1d1, 0xc6d1d1d1, 0xd1d1d1d1, 0xc6d1d1d1, 0xd1d1d1d1, 0xd1d1d1d1, 0xd1d1d1d1, 0xd0d1d1d1,
0xd1d1d1d1, 0xd1d1d1d1, 0xd1c6d0d1, 0xd1d1d1d1, 0xd1d1d0d1, 0xd1d1d1d1, 0xd1d1d1d1, 0xd1d1d1d1,
0xd1d1d1d1, 0xccd0d1d1, 0xd1d1d1d1, 0xd0d0d1d1, 0xd1d1d1d1, 0xd0d0d0d1, 0xd1d1d1d1, 0xc0c0d0d0,
0xd1d1d1d1, 0xccc0d0d0, 0xd1d1d1d1, 0xd0d0d0d1, 0xd1d1d0d1, 0xd0d0d0d1, 0xd1d1d1d1, 0xd0d0d0d1,
0xbfbfbfc0, 0x8ebfbfbf, 0xc0bfbfc0, 0x8ebfbfbf, 0xccbfbfbf, 0xbfbfbfbf, 0xccc0bfc0, 0xbfbfbfbf,
0xbfbfbfc0, 0xbfbfbfbf, 0xbfbfc0cc, 0xbfbfbfbf, 0xbfc0cccc, 0xbfbfbfbf, 0xbfc0d0cc, 0xbfbfbfbf,
0x8e8ebf8e, 0x8e8e8e8e, 0x8e8ebf8e, 0x8e8e8e8e, 0x8e8ebfbf, 0x8e8e8e8e, 0x8e8ebfbf, 0x8e8e8e8e,
0x8ebf8ebf, 0x8e8e8e8e, 0x8ebfbfbf, 0x8e8e8ebf, 0xbfbfbfbf, 0x8e8e8ebf, 0xbfbfbfbf, 0x8e8e8e8e,
0xb8b8d7db, 0xb8b8acb8, 0xb8b8d7db, 0xb8b8b8b8, 0xb8b8d7db, 0xb8b8b8b8, 0xb8b8b9db, 0xb8b8b8b8,
0xb8b8d7db, 0xb8b8b8b8, 0xb8b8d7db, 0xb8b8b8b8, 0xb8b8d6de, 0xb8bcbcb8, 0xb8b8bcde, 0xb8b8b8b8,
0xb8b8b8b8, 0xb8b8b8b8, 0xb8b8b8b8, 0xb8b8b8b8, 0xacb8b8b8, 0xb8b8b8ac, 0xb8b8b8b8, 0xb8b8b8b8,
0xb8b8b8b8, 0xb8a9acb8, 0xb8b8bcbc, 0xb8b8b8b8, 0xb8b8b8b8, 0xb8b8b8b8, 0xb8b8b8b8, 0xb8b8b8b8,
0xb8b8b8b8, 0xb8b8b8a9, 0xb8b8b8b8, 0xb8b8aca9, 0xb8b8b8b8, 0xb8b8b8b8, 0xb8b8b8b8, 0xb8b8b8b8,
0xb8b8b8b8, 0xb8b8b8b8, 0xbcb8b8b8, 0xb8b8b8b8, 0xbcbcb8b8, 0xb8b8b8b8, 0xb8b8b8b8, 0xb8b8b8b8,
0xb8acb8b8, 0xd7b9b5b8, 0xb8b8b8b8, 0xb8b8b8b8, 0xacacadb8, 0xb8b8b8b8, 0xb8b8b8b8, 0xacadb8b8,
0xb8b8b8b8, 0xb8b8b8b8, 0xadb8b8b8, 0xb8b8b8b8, 0xb8b8b8b8, 0xb8b8b8b8, 0xbab8b8b8, 0xb8b8b8b8,
0xadb8b8bc, 0xb8b8adad, 0xadb8b8b8, 0xb8b8adb8, 0xadb8b8b8, 0xb8b8adad, 0xadb8b8ac, 0xadb8b8ad,
0xadb8b8b8, 0xb8b8b8ad, 0xadadb8ad, 0xb8b8b8b8, 0xadadacac, 0xb8b8b8b8, 0xb8ada9ad, 0xb8b8b8b8,
0xa9a9a9b8, 0xbcb8b8a9, 0xb8a9a9a9, 0xbcbcb8b8, 0xb8a9a9a9, 0xbcbcb8ba, 0xbcb8b8ad, 0xd7bcb8bc,
0xb8b8b8ad, 0xbcbcbcba, 0xbcb8b8b8, 0xd7bcbcbc, 0xbcb8b8b8, 0xbcbcbcbc, 0xbcb8b8b8, 0xbcbcbcbc,
0xbcbabcbc, 0xbcb8b8bc, 0xbcbcbcbc, 0xbab8b8bc, 0xbcbcbcbc, 0xbcb8b8b8, 0xbcbcbcbc, 0xbcbcbab8,
0xbcbcbcbc, 0xbcbabcbc, 0xbcbcbcbc, 0xbcbcbcbc, 0xbcbcbcbc, 0xbcbcbcbc, 0xbcbcbcbc, 0xbcbabcba,
0xadacb8bc, 0xb8b8b8ad, 0xb8b8b8bc, 0xb8bcb8b8, 0xb8b8b8b8, 0xb8b8b8b8, 0xb8b8b8b8, 0xb8b8b8b8,
0xb8b8b8b8, 0xb8b8b8bc, 0xb8b8b8ba, 0xbcbcb8b8, 0xb8bababc, 0xbcbcb8b8, 0xb8bcbcbc, 0xbcbcbaba,
0xb8b8b8b8, 0xbcbcb8b8, 0xb8b8b8b8, 0xb9b8b8b8, 0xb8b8b8bc, 0xbcb9b9b8, 0xb9bcb8b8, 0xbcbcbcbc,
0xbcbabcbc, 0xbcbcd7bc, 0xbcb8bcbc, 0xd7d7d7bc, 0xd7bcbcbc, 0xd7d7d7d7, 0xd7bcbcbc, 0xd7d7d7d7,
0xb9bcbcd7, 0xb9b9b9b9, 0xb9bcbcbc, 0xb9b9b9b9, 0xbcb9bcbc, 0xb9b9b9b9, 0xb9b9bcbc, 0xbcb8b9b9,
0xb9b9bcd7, 0xd7b8bcbc, 0xbcb9bcd7, 0xb9bcbcb9, 0xbcbcbcd7, 0xb8bcb9bc, 0xbcbcd7d7, 0xb5bcb8bc,
0xb5b5b9b8, 0xb5b9b9b8, 0xb9b5b5b5, 0xb5b9b5b9, 0xb9b5a4b5, 0xb5b5b9b9, 0xbcb9a0b5, 0xb5b9b9b9,
0xbcb9a9b5, 0xb8b9b9b9, 0xb9b5a47a, 0xb5b9b9b9, 0xb9b5b5a0, 0xacb9b9b8, 0xb9bcbca9, 0xacb8b9b5,
0xa5acb6b9, 0xa5acacac, 0xb5aca5b5, 0xa0a5a5a5, 0xb5b5b5b5, 0x7aa5a5b5, 0xa5b5b8b5, 0xa5aca5a5,
0xa5b5b5b5, 0xa5a5a5a5, 0xa5a5b5b5, 0x7a7aa5a5, 0xa5a5acb8, 0x7aa5a5a0, 0xa5a5a5ac, 0xa5a1a1a0,
0xa17a7a7a, 0x7a7a7bac, 0xa1a1a5a5, 0x7b787ba5, 0x7ba57a7a, 0x7a7a7b7a, 0x7ba57a7a, 0x787a7b7a,
0xa5a5a5a1, 0x787b7ba5, 0xa17aa5a5, 0x757b7b7b, 0x7ba17a7a, 0x7a7a757a, 0x7ba17a7b, 0x7a757578,
0x7a7b7b7a, 0x48757b75, 0x757a7b78, 0x48487575, 0x75757b78, 0x484e7575, 0x7575787a, 0x48484e75,
0x7575757b, 0x48484875, 0x7575757a, 0x48484875, 0x75757575, 0x4848484e, 0x484e6b75, 0x484e7548,
0x48484848, 0x48484848, 0x48484848, 0x48484848, 0x48484848, 0x48484848, 0x48484848, 0x48484848,
0x48484848, 0x4e484848, 0x48484848, 0x48487548, 0x48484848, 0x48484848, 0x48484848, 0x48484848,
0x4848484e, 0x4e4e7548, 0x48484848, 0x4e4e4e48, 0x48484848, 0x4e484848, 0x48487548, 0x48484848,
0x75487548, 0x484e4848, 0x75484848, 0x4e484e75, 0x75754848, 0x7575754e, 0x48484848, 0x4e4e7548,
0x4e464648, 0x4646464e, 0x4e484648, 0x464d464e, 0x48484e4e, 0x4d4d4646, 0x46484e48, 0x4d464646,
0x48484848, 0x46464848, 0x48484848, 0x46484848, 0x48484e4e, 0x484e4848, 0x4e4e7575, 0x4848484e,
0x2f464d46, 0x2f2f2f46, 0x46464646, 0x2f464d46, 0x4d4d4646, 0x2f464d4d, 0x4d4d464d, 0x46464d4d,
0x4d4d4d46, 0x462f464d, 0x4d4d4646, 0x4d464d4d, 0x4d464646, 0x4d4d4d4d, 0x4d4e484e, 0x4d4d4d4d,
0x2f2f2f2f, 0x4d4d2f2f, 0x2f2f2f2f, 0x2f2f2f2f, 0x2f2f2f2f, 0x2f2f2f2f, 0x2f2f2f2f, 0x2f2f2f2f,
0x2f4d4d2f, 0x2f2f2f2f, 0x354d4646, 0x2f2f2f2f, 0x464d2f2f, 0x2f352f2f, 0x4646464d, 0x2f4d2f2f,
0x2f2f2f2f, 0x354d4d2f, 0x2f2f2f2f, 0x2f35352f, 0x2f2f2f2f, 0x2f2f2f2f, 0x2f2f2f2f, 0x3535352f,
0x2f2f2f2f, 0x354d352f, 0x2f2f2f2f, 0x2f2f2f2f, 0x2f2f2f2f, 0x2f2f2f2f, 0x2f2f2f2f, 0x2f2f2f2f,
0x2f2f2f2f, 0x2f2f2f2f, 0x2f2f2f2f, 0x2f2f2f2f, 0x2f2f2f2f, 0x2f2f2f2f, 0x2f2f2f2f, 0x2f2f352f,
0x2f2f2f2f, 0x352f2f2f, 0x2f2f2f2f, 0x35352f2f, 0x2f2f2f2f, 0x35352f2f, 0x2f2f3535, 0x2f352f2f,
0x3535352f, 0x35353535, 0x2f352f2f, 0x35352f35, 0x35352f2f, 0x352f2f35, 0x2f35352f, 0x2f2f2f2f,
0x2f2f2f35, 0x2f2f352f, 0x2f2f2f35, 0x3535352f, 0x35352f35, 0x35353535, 0x3535352f, 0x35353535,
0x35352f35, 0x2e2e2e2f, 0x352f2f35, 0x352f2f35, 0x35353535, 0x35353535, 0x35352f2f, 0x35353535,
0x35352f35, 0x35353535, 0x35353535, 0x35353535, 0x35353535, 0x2f353535, 0x35354d4d, 0x35353535,
0x2e2e2e2e, 0x3333212e, 0x2e2e2e33, 0x3535332e, 0x2e2e3535, 0x35353535, 0x2e2e3535, 0x352e2e35,
0x35353535, 0x352e2e2e, 0x35353535, 0x35353535, 0x35353535, 0x35353535, 0x35353535, 0x35353535,
0x35353535, 0x33333333, 0x35353535, 0x33333333, 0x35353535, 0x332e2e35, 0x35353535, 0x33332e2e,
0x35353535, 0x2e2e3535, 0x35353535, 0x2e353535, 0x35353535, 0x35353535, 0x35353535, 0x3535352f,
0x35333333, 0x33333333, 0x33333333, 0x33333333, 0x35353535, 0x33333333, 0x35353333, 0x33353535,
0x3535352e, 0x35353535, 0x35353335, 0x35353549, 0x49353535, 0x35353535, 0x35353535, 0x35353535,
0x33333333, 0x33333333, 0x33333333, 0x33333333, 0x33333333, 0x33333333, 0x33333333, 0x33333333,
0x33353535, 0x33333333, 0x35353535, 0x33333333, 0x35353535, 0x33333335, 0x33353535, 0x33333535,
0x35333333, 0x49353333, 0x35353333, 0x34353333, 0x33333333, 0x49343535, 0x35333333, 0x33353535,
0x35333333, 0x33353534, 0x33333333, 0x34343535, 0x33333333, 0x35343435, 0x35333333, 0x33353535,
0x34343435, 0x33333333, 0x49494935, 0x33333334, 0x49494934, 0x49494949, 0x49494949, 0x4f344949,
0x49494949, 0x49344949, 0x49494949, 0x33344949, 0x49493433, 0x34343449, 0x49343533, 0x34344949,
0x33333333, 0x33333333, 0x33333333, 0x33333433, 0x33333333, 0x35333333, 0x33333349, 0x33333333,
0x33333349, 0x33333335, 0x34333333, 0x33333434, 0x33333333, 0x33333335, 0x33333333, 0x33333333,
0x35493335, 0x49343333, 0x34493435, 0x49344934, 0x49344935, 0x33344949, 0x49494949, 0x33343449,
0x34344949, 0x49493535, 0x35353449, 0x49493435, 0x34344949, 0x49344934, 0x49494f49, 0x49494949,
0x49494949, 0x32344949, 0x49344949, 0x34343434, 0x34344934, 0x4b4b3434, 0x49343434, 0x344b3434,
0x34344934, 0x34344934, 0x34494949, 0x49344949, 0x49494949, 0x34495349, 0x49494949, 0x49494949,
0x37313232, 0x4b38384b, 0x37323232, 0x38385351, 0x38383832, 0x3838534b, 0x4b4b4b39, 0x38384b38,
0x534b3839, 0x3838534b, 0x534b4b4b, 0x4b4b4b4b, 0x56534b49, 0x534b5354, 0x8f564b4b, 0x53535689,
0x4b4b384b, 0x51383838, 0x53534b38, 0x5338384b, 0x7f534b38, 0x4b514b4b, 0x53534b38, 0x53534b4b,
0x4b4b4b38, 0x5353534b, 0x4b4b4b38, 0x56547f4b, 0x4b53534b, 0x8c89567f, 0x53535353, 0x8f8c567f,
0x4b4b3838, 0x384b4b38, 0x4b4b384b, 0x4b4b4b4b, 0x4b4b4b4b, 0x51514b38, 0x51535353, 0x5353534b,
0x38515353, 0x5353514b, 0x384b5356, 0x53535351, 0x53535689, 0x54545451, 0x5656898f, 0x89565654,
0x4b4b5351, 0x4b4b4b4b, 0x4b538954, 0x4b537f53, 0x53538954, 0x537f5353, 0x53548953, 0x537f534b,
0x53535656, 0x53535353, 0x53535453, 0x53535353, 0x7f565654, 0x7f535353, 0x56565689, 0x56567f56,
0x384b384b, 0x534b384b, 0x4b4b384b, 0x534b4b4b, 0x4b4b384b, 0x4b4b4b53, 0x534b4b4b, 0x4b4b5353,
0x534b4b4b, 0x5353537f, 0x53534b53, 0x53537f53, 0x53535353, 0x53535353, 0x537f5656, 0x53535353,
0x4b4b384b, 0x4b32394b, 0x4b4b4b4b, 0x38323238, 0x4b4b4b4b, 0x384b4b4b, 0x4b535353, 0x3838384b,
0x53535353, 0x384b4b4b, 0x53534b53, 0x324b4b4b, 0x53535353, 0x394b4b53, 0x53535353, 0x4b4b4b53,
0x4b4b3838, 0x32323838, 0x4b384b4b, 0x38384b4b, 0x32383238, 0x324b4b38, 0x4b383832, 0x32323832,
0x4b383832, 0x32383838, 0x38323232, 0x38383838, 0x32323238, 0x38384b38, 0x38323838, 0x38384b38,
0x32323232, 0x32323232, 0x32323232, 0x32323232, 0x32323232, 0x32323231, 0x32383232, 0x31323832,
0x38383238, 0x32383832, 0x38383838, 0x314b4b38, 0x4b383838, 0x3738384b, 0x38383838, 0x37383731,
0x2327327f, 0x31313231, 0x2723324b, 0x31323232, 0x27273238, 0x31313232, 0x32323232, 0x32313131,
0x32323238, 0x32323232, 0x32383232, 0x31273131, 0x4b4b3837, 0x31313131, 0x53383837, 0x31313138,
0x27313231, 0x31313127, 0x31313227, 0x31313131, 0x31383232, 0x37313131, 0x38383838, 0x31313131,
0x38373131, 0x37373837, 0x4b383127, 0x38384b4b, 0x4b383738, 0x384b5353, 0x4b37374b, 0x38535353,
0x37373737, 0x36362937, 0x3137374b, 0x36293636, 0x26373738, 0x36363636, 0x26373737, 0x36363629,
0x37383838, 0x36363626, 0x31383838, 0x3a3a3626, 0x3738384b, 0x50503731, 0x37373737, 0x50503a37,
0x3a363636, 0x5454543a, 0x51503637, 0x54505450, 0x3636363a, 0x5050503a, 0x29363a50, 0x50503a36,
0x363a5050, 0x55543a3a, 0x363a503a, 0x55503a3a, 0x3a54543a, 0x55505036, 0x3a545450, 0x5555543a,
0x55543a50, 0x503a5054, 0x54505054, 0x50505454, 0x5550548d, 0x89545455, 0x55558d8d, 0x8d558d55,
0x8d8e8e55, 0x8d8d8d55, 0x8d8e8e55, 0x8e8e8d8d, 0x8e8e8d55, 0x8f8e8d8d, 0x8d8e8d8d, 0x8f8e8e8e,
0x8d8d8d8d, 0x8f8f8d8d, 0x8e8e8e55, 0x8f8f8d8e, 0x8e8f8e8d, 0x8f8f8f8f, 0x8f8f8e8e, 0xcc8fcccc,
0xcdcc8f8e, 0x8f8fcccc, 0xcccc8f8e, 0xcc8fcccc, 0xcccccc8f, 0xcccccccd, 0xcccdcc8f, 0xcccccccc,
0x8f8e8e8f, 0x8f8f8f8f, 0x8f8e8fcc, 0x8f8f8f8f, 0x8f8fcccc, 0x8fcc8f8f, 0x8f8fcccf, 0xcccc8f8f,
0x8fcccccf, 0xcccc8e8f, 0xcccccccf, 0xcc8f8e8f, 0x8fcccccc, 0xcc8f8fcc, 0xcccfcccc, 0xcfcfcfcc,
0xcfcfcfcc, 0xcfcfcfcf, 0xcfcfcfcc, 0xcfcfcfcf, 0xcfcfcfcf, 0xcfcfcfcf, 0xcfcfcfcf, 0xcfcfcfcf,
0xcfcfcfce, 0xcfcfcfcf, 0xcfcfcfcf, 0xcfcfcfcf, 0xcccfcfcf, 0xcfcfcfcf, 0xcfcfcfcf, 0xcfcfcfcf,
0xcfcfcfcf, 0xcfcfcfcf, 0xcfcfcfcf, 0xcfcfcfcf, 0xcfcfcfcf, 0xcfcfcfcf, 0xcfcfcfcf, 0xcfcfcfcf,
0xcfcfcfcf, 0xcfcfcfcf, 0xcfcfcfcf, 0xcfcfcfcf, 0xcfcfcfcf, 0xcfcfcfcf, 0xcfcfcfcf, 0xcfcfcfcf,
0xcdcfcfcf, 0xcfcfcdcd, 0xcfcfcfcf, 0xcfcfcfcf, 0xcfcfcfcf, 0xcfcfcfcf, 0xcfcfcfcf, 0xcfcfcfcf,
0xcfcfcfcf, 0xcfcfcfcf, 0xcfcfcfcf, 0xcfcfcfcf, 0xcfcfcfcf, 0xcfcfcfcf, 0xcfcfcfcf, 0xcfcfcfcf,
0xcfcfcfcf, 0xcdcdcfcf, 0xcfcfcfcf, 0xcfcdcfcf, 0xcfcfcfcf, 0xcdcdcfcf, 0xcfcfcfcf, 0xcfcfcfcf,
0xcfcfcfcf, 0xcfcfcfcf, 0xcfcfcfcf, 0xcfcfcfcf, 0xcfcfcfcf, 0xcfcfcfcf, 0xcfcfcfcf, 0xcfcfcfcf,
0xcfcfcfcf, 0xcfcfcfcf, 0xcfcfcfcf, 0xcfcfcfcf, 0xcfcfcfcf, 0xcfcdcfcf, 0xcfcfcfcf, 0xcfcfcfcf,
0xcfcfcfcf, 0xcfcfcdcf, 0xcfcfcfcf, 0xcfcfcdcf, 0xcfcfcfcf, 0xcfcdcdcf, 0xcfcfcfcf, 0xcfcccdcf,
0xcccccfcf, 0xcfcccccf, 0xcccccfcf, 0xcfcdcdcd, 0xcccdcfcf, 0xcfcdcfcc, 0xcdcfcfcf, 0xcfcfcdcd,
0xcfcfcfcf, 0xcfcdcdcf, 0xcfcfcfcf, 0xcccccccf, 0xcfcfcfcf, 0xcdcccccf, 0xcfcfcfcf, 0xcdcccccc,
0xcfcfcfcf, 0xcccecfcf, 0xcfcfcfcf, 0xcccececf, 0xcfcfcfcf, 0xcccecece, 0xcfcfcfcd, 0xcccececf,
0xcfcfcfcf, 0xcecccfcf, 0xcfcfcfcf, 0xcecccfcf, 0xcfcfcfcd, 0xcccccecf, 0xcfcdcfcf, 0x8fcccece,
0x7e8accce, 0x2231494c, 0x7e8accce, 0x3030494c, 0x7ec0ccce, 0x31304a4a, 0x528a8fcc, 0x30304a31,
0x89898acc, 0x22304a4c, 0x7f537e8f, 0x31494a7e, 0x4c37548e, 0x304a4a4c, 0x3152898f, 0x30494949,
0x31313030, 0x30303122, 0x31313030, 0x31314c30, 0x30313131, 0x31313031, 0x2231311f, 0x4c313122,
0x3131221f, 0x4c4a3031, 0x31313122, 0x4c313131, 0x30303030, 0x31303130, 0x4a303030, 0x4c313030,
0x4c4a4a4c, 0xbe8a7f7c, 0x4c314a4c, 0x8b837e7c, 0x4c4c3131, 0x8b7f7e7e, 0x4a4c314a, 0x8b837f7c,
0x4c4c4c4a, 0xb08b8a7e, 0x4c313131, 0x8a837e7e, 0x31313131, 0x8a7e7f7e, 0x31313131, 0x8b8a8a4c,
0x8a8a8b8b, 0xbebebe8a, 0x7f7e7e8a, 0xbe8a8a8a, 0x8a8a838a, 0xbe8a8a8a, 0x8a8a8a8b, 0x8c8a8a8a,
0x8b8b8b8b, 0xbe8a8a8a, 0x8a8a8a83, 0xc18b8a8a, 0x8a7f8a8a, 0xbe8b8b8a, 0x8a8a8a8a, 0xbebebe8a,
0xc08a8a8a, 0xd1d1c6c2, 0xc2c28a8a, 0xc6c6c6c0, 0xc6c28cbe, 0xc2c6c6c6, 0xc2c2c2c2, 0xc2c2d1c6,
0xc2c2c2c2, 0xd1d1c2c0, 0xc0bec2c2, 0xd1d1d1c2, 0xc08c8cbe, 0xd4d1d1c2, 0xd1c28abe, 0xd4d1d1c6,
0xd1d1d1d1, 0xd1d1d1d1, 0xd1d1d1d1, 0xd1d1d1c6, 0xd1d1d1c6, 0xd1d1d1d1, 0xd1d1d1d1, 0xd1d1d1d1,
0xd1d1d4d4, 0xd1d1c0d1, 0xd1d1d1d1, 0xd1d1c2d1, 0xd4d4d1d1, 0xd1d1d1d1, 0xd1d1d4d4, 0xd1d1d1d1,
0xd1d1d1d1, 0xd1d1d1d1, 0xd1d1d1d1, 0xd1d1d1d1, 0xd1d1d1d1, 0xd1d1d1d1, 0xd1d1d1d1, 0xd1d1d1d1,
0xd1d1d1d1, 0xd1d1d1d1, 0xd1d1d1d1, 0xd1d1d1d1, 0xd1d1d1d1, 0xd1d1d1d1, 0xd1d1d1d1, 0xd1d1d1d1,
0xd0d1d1d1, 0xd0d0d0d1, 0xd0d1d1d1, 0xccccd0d0, 0xd0d0d1d1, 0xd0d0ccd0, 0xd1d1d1d1, 0xd0d0d0d0,
0xd1d1d1d1, 0xd0d0d0d0, 0xd1d1d1d1, 0xd0d0d0d0, 0xd1d1d1d1, 0xd0d0d1d1, 0xd1d1d1d1, 0xd0d0d0d1,
0xbfc0ccd0, 0xbfbfbfbf, 0xc0ccc0cc, 0xbfbfbfbf, 0xc0ccc0cc, 0xbfccbfbf, 0xc0cccccc, 0xbfbfbfbf,
0xbfccd0cc, 0xccbfbfbf, 0xccccd0d0, 0xcccccccc, 0xccccd0d0, 0xd0ccccd0, 0xcccccccc, 0xd0cccccc,
0xbfbfbfbf, 0x8e8e8e8e, 0xbfbfbfbf, 0x8e8e8e8e, 0x8ebfbfbf, 0x8e8e8e8e, 0x8ebfbfbf, 0x8e8e8e8a,
0x8ebfbfbf, 0x8e8e8e8e, 0xbfbfcccc, 0x8e8e8e8e, 0xbfbfcccc, 0x8e8e8e8e, 0xbfbfcccc, 0x8e8e8ebf,
0xb8b8d7de, 0xb8b8b8ad, 0xb8b8d6de, 0xb8b8b8b8, 0xb8b8d6de, 0xb8b8b8b8, 0xacb8b9de, 0xb8b8b8b8,
0xadb8d6de, 0xb8b8b8ad, 0xadb8d7de, 0xb8b8b8b8, 0xb8b8d7de, 0xb8adb8b8, 0xb8b8d7de, 0xacadb8b8,
0xb8b8b8ba, 0xb8b8b8b8, 0xb8b8b8b8, 0xb8b8b8b8, 0xb8b8b8b8, 0xb8b8b8bc, 0xb8b8b8b8, 0xb8b8b8bc,
0xb8b8b8b8, 0xb8b8b8b8, 0xb8b8b8b8, 0xbcbcb8b8, 0xb8b8b8b8, 0xb8b8b8bc, 0xb8b8b8b8, 0xb8b8b8b8,
0xb8b8b8b8, 0xb8b8b8b8, 0xb8b8b8b8, 0xb8b8b8b8, 0xacb8b8b8, 0xb8b8adac, 0xb8bcbcbc, 0xbcb8b8b8,
0xb8b8bcbc, 0xbcb8b8b8, 0xb8b8b8b8, 0xb8b8b8b8, 0xb8b8b8bc, 0xb8b8b8b8, 0xbcb8b8b8, 0xb8b8bcbc,
0xb8b8b8b8, 0xbcb8b8b8, 0xb8b8b8bc, 0xbcb8b8b8, 0xb8b8b8b8, 0xb8b8b8b8, 0xadb8bcb8, 0xb8b8b8b8,
0xb8b8b9bc, 0xb8b8b8b8, 0xb8b8b8b8, 0xb8b8b8b8, 0xb8b8b8b8, 0xb8b8b8b8, 0xb8b9bcb8, 0xb8b8b8b8,
0xb8a9b8bc, 0xb8b8b8ad, 0xb8b8b8bc, 0xb8b8adad, 0xadb8babc, 0xb8b8adad, 0xb8b8b8ad, 0xb8adadb8,
0xadb8b8b8, 0xb8adb8b8, 0xb8b8b8b8, 0xb8adb8b8, 0xb8b8b8b8, 0xb8adadb8, 0xb8b8b8b8, 0xb8b8b8b8,
0xbcb8b8b8, 0xd7d7d7bc, 0xd7bab8b8, 0xd7d7d7d7, 0xd7bcb8b8, 0xd7bcd7d7, 0xd7bcb8b8, 0xd7d7d7d7,
0xd7bcb8b8, 0xd7bcd7d7, 0xd7d7bab8, 0xd7bcbcd7, 0xd7d7bcb8, 0xbcbcbcd7, 0xd7d7bcb8, 0xbcbcbcbc,
0xbcbcbcd7, 0xb8bcbcbc, 0xbcbcbcd7, 0xbcbcbcd7, 0xd7bcd7d7, 0xbcbcbcd7, 0xd7d7bcd7, 0xbcbcbcbc,
0xd7d7d7bc, 0xbcbcbcbc, 0xd7d7d7bc, 0xbcbcbcbc, 0xbcd7d7bc, 0xbcbcbcbc, 0xbcd7d7bc, 0xbcbcbcbc,
0xbcbcbcb8, 0xbcbcbcbc, 0xbcbcbcbc, 0xbcbcbcbc, 0xbcb8bcbc, 0xbcbcb8b8, 0xb8b8bcbc, 0xbcbcbcbc,
0xb8b8babc, 0xbcbcbcbc, 0xb8b8b8bc, 0xbcbcbcbc, 0xb8b8b8bc, 0xbcbcbcbc, 0xbcb8bcbc, 0xbcbcbcbc,
0xbcbcbcbc, 0xbcd7d7d7, 0xbcbcbcbc, 0xd7bcd7d7, 0xd7d7bcbc, 0xbcbcd7d7, 0xd7d7bcbc, 0xbcb9bcbc,
0xd7bcb9b9, 0xbcb9bcbc, 0xd7d7bcbc, 0xbcb8bcbc, 0xd7bcbcbc, 0xbcbcbcbc, 0xbcbcd7bc, 0xbcbcbcd7,
0xbcbcbcbc, 0xb5b8bcbc, 0xbcbcbcbc, 0xb8b8bcbc, 0xbcbcbcbc, 0xb8bcbcbc, 0xd7bcbcbc, 0xb8b8bcbc,
0xbcbcb9bc, 0xb8b8bcbc, 0xbcb9bcb9, 0xb8b8b8bc, 0xbcbcbcbc, 0xb8b8b8b8, 0xbcbcbcbc, 0xb9b8b8b8,
0xbcbcb9b8, 0xb5b5b9bc, 0xb9bcb9ac, 0xb8b9bcb9, 0xbcbcbcb8, 0xbcb8bcbc, 0xbcbcbcb8, 0xb8b8b8b9,
0xbcbcbcb9, 0xb8b8b8b8, 0xbcbcbcbc, 0xb8b8b8b8, 0xbcd7d7b9, 0xadb8b8b8, 0xb9bcbcbc, 0xadb8b8b8,
0xa0a5acb8, 0x7aa0a0a5, 0xacacb5b5, 0x7a7aa0a0, 0xacb8b8b8, 0x7878a0a0, 0xacb5acb8, 0x7878a0ac,
0xadadb8ac, 0x78a1acb8, 0xacacb8ad, 0xa1a5acac, 0xacacadad, 0xacacb5ac, 0xacacacac, 0xa5acacac,
0x7a7a787a, 0x78757578, 0x7a78787a, 0x756b7578, 0x78787a7a, 0x75757575, 0x78787a7a, 0x6b756b75,
0x6b78787a, 0x48756e6b, 0x6b7878a0, 0x6b756b6b, 0x6b7578a1, 0x6e6e6b6b, 0x6b78a1a5, 0x6b756b6b,
0x484e7575, 0x48487548, 0x4e75756b, 0x48484848, 0x7575756b, 0x48487575, 0x75484848, 0x48487575,
0x48484848, 0x48757575, 0x484e4848, 0x75754848, 0x48484848, 0x48484848, 0x48484848, 0x48484848,
0x48484848, 0x48754848, 0x48487575, 0x48484848, 0x48757575, 0x75484848, 0x48754848, 0x75484848,
0x48484848, 0x48487548, 0x48484875, 0x75487575, 0x75487575, 0x75754848, 0x48757548, 0x48754848,
0x48757548, 0x48484e48, 0x75484848, 0x48484875, 0x75757575, 0x48484848, 0x48757575, 0x75484848,
0x75757575, 0x75754e75, 0x75757575, 0x75757575, 0x75757575, 0x75757575, 0x7b757575, 0x75757575,
0x4e4e754e, 0x4848484e, 0x754e4e48, 0x484e4e4e, 0x4e4e4848, 0x4e75754e, 0x4e4e4875, 0x4e757575,
0x754e4e75, 0x4e4e7575, 0x75757575, 0x4e4e4e4e, 0x75757575, 0x4e4e7575, 0x75757575, 0x75757575,
0x4e4e4e4e, 0x4d4d4d4e, 0x4e4e4848, 0x4d464e4e, 0x4e4e484e, 0x4e4e4e4e, 0x484e4e4e, 0x4e484848,
0x4e4e4e75, 0x4e484848, 0x4e4e4e4e, 0x4e4e4e4e, 0x754e4e75, 0x4e4e4e75, 0x754e4e75, 0x4e4e4e4e,
0x2f2f4d4d, 0x2f46462f, 0x4d4d4d46, 0x462f464d, 0x4d464d46, 0x4d464d4d, 0x464e4848, 0x4d4d4d4d,
0x464e4e4e, 0x464d464e, 0x4e484e4e, 0x4d4e484e, 0x48484e4e, 0x4e4e4e48, 0x48484e4e, 0x484e4e48,
0x2f2f2f2f, 0x2f2f2f2f, 0x2f2f2f2f, 0x35354d2f, 0x464d4d4d, 0x352f3535, 0x46464d4d, 0x4d4d4d4d,
0x4d4d4d46, 0x2f464d4d, 0x4d4d4d4d, 0x4d4d4d4d, 0x4e464646, 0x4d4d4e4e, 0x46464646, 0x4e4e764e,
0x2f2f2f35, 0x35352f2f, 0x2f2f2f35, 0x35352f2f, 0x352f2f35, 0x2f2f2f2f, 0x2f2f354d, 0x2f2f2f2f,
0x354d2f2f, 0x2f2f2f4d, 0x4d4d464d, 0x35352f4d, 0x4d4d464d, 0x354d464d, 0x4d4d4d4d, 0x354d4d4d,
0x3535352f, 0x35353535, 0x35352f2f, 0x354d4d4d, 0x35353535, 0x35353535, 0x352f2f2f, 0x35353535,
0x352f2f2f, 0x35353535, 0x35352f2f, 0x35353535, 0x2f352f35, 0x35353535, 0x35354d4d, 0x35353535,
0x35353535, 0x35353535, 0x35353535, 0x4d353535, 0x35353535, 0x35353535, 0x35353535, 0x35353535,
0x35353535, 0x3535354d, 0x35353535, 0x354d354d, 0x35353535, 0x4d4d4d35, 0x35353535, 0x354d4d4d,
0x35353535, 0x35353535, 0x35353535, 0x35353535, 0x35353535, 0x35352f35, 0x35353535, 0x35353535,
0x35353535, 0x35353535, 0x35353535, 0x35353535, 0x35354d35, 0x35353535, 0x3535354d, 0x35353535,
0x35353535, 0x35353535, 0x35353535, 0x35353535, 0x35353535, 0x35353535, 0x35353535, 0x35353535,
0x35353535, 0x35353535, 0x35353535, 0x35353535, 0x35353535, 0x354d3535, 0x354d3535, 0x354d4d35,
0x35353535, 0x35353535, 0x35353535, 0x35353535, 0x35353535, 0x35353535, 0x35353535, 0x35353535,
0x35354d35, 0x35493535, 0x35353535, 0x35353535, 0x35353535, 0x35353535, 0x3535354d, 0x35353535,
0x35333535, 0x35353535, 0x35493535, 0x33353535, 0x49493535, 0x35353549, 0x49353535, 0x35333549,
0x35353535, 0x35353335, 0x35353535, 0x35353335, 0x3535354f, 0x35353535, 0x494d3535, 0x35353535,
0x35353535, 0x35354949, 0x35353535, 0x35333535, 0x35353535, 0x35353533, 0x35333535, 0x35493535,
0x35333535, 0x49494935, 0x35354935, 0x35354949, 0x35494935, 0x35354949, 0x35353535, 0x35353535,
0x49353333, 0x33494949, 0x49343435, 0x34494949, 0x49353535, 0x49494949, 0x34353535, 0x34494949,
0x49343449, 0x49494949, 0x49353535, 0x49494949, 0x35353535, 0x35494935, 0x35353535, 0x4d4d4d35,
0x33333333, 0x33333535, 0x33333333, 0x33333335, 0x33333333, 0x33333335, 0x33333334, 0x33333333,
0x33333449, 0x35353533, 0x35353535, 0x35353535, 0x49353535, 0x3535354f, 0x4f4d4d4d, 0x4d4d4d4f,
0x34344934, 0x49494949, 0x49494935, 0x49344949, 0x49494935, 0x49494949, 0x49494933, 0x35353549,
0x35493535, 0x4d4d3549, 0x35353535, 0x4d4d3535, 0x35354d35, 0x4d4d4d4d, 0x4d4d4d4d, 0x4e704d4d,
0x49494949, 0x53534949, 0x34494949, 0x53535349, 0x49494949, 0x53494949, 0x4949494f, 0x494f4f4f,
0x4d4d4d4d, 0x4f854f4f, 0x4f4f4d4d, 0x4f4f854f, 0x854f4f4e, 0x4f4f4f4f, 0x85854f4f, 0x4f4f4f4f,
0x8f8c4b4b, 0x568cce54, 0x547f4b4b, 0x8f8fd38f, 0x53534b53, 0xd392d4ce, 0x89535353, 0xd3ced5d3,
0x8c804f4f, 0xd3d5d5d5, 0x7f4f4f4f, 0xd3d3d5ce, 0x7d4f4f4f, 0x92d3d592, 0x804f4f4f, 0xd3ced38b,
0x8b8b7f56, 0x8f8c8b8b, 0x8b8b8b8b, 0x8c8c928b, 0x8b8b8b92, 0x8c8c928b, 0x928b8b8c, 0xcece9292,
0x92928b8c, 0xcece9292, 0x929292d3, 0xce928c8c, 0x92ced3d3, 0x8f92ce92, 0x92c2d3d4, 0xce8fcece,
0x89568fce, 0x8c895654, 0x8989cece, 0x8f8c5656, 0x928fcece, 0x8d8c8d8f, 0x92cecece, 0x8f8f8f92,
0x8fcecece, 0x8f8f8f8f, 0x8fcecece, 0x8f8fce8f, 0xcececece, 0xcececece, 0xcececece, 0xcececece,
0x8b8c8c8c, 0x8b8b5656, 0x8b8c8c8f, 0x898c8c8c, 0x92928d8f, 0x8c8c8c8c, 0x92928d8f, 0x8c8c8c8c,
0xce928d8d, 0x8d8c8fce, 0xce8f8d8f, 0x8d8fcece, 0xce8f8f8f, 0x8fced3ce, 0xcece8fce, 0xced3cece,
0x7f565656, 0x53535353, 0x7f7f5656, 0x53535353, 0x53535689, 0x53565353, 0x5656568c, 0x53535656,
0x56568c8d, 0x56565656, 0x8c8c8d92, 0x56565656, 0x8c8dce92, 0x568c8c8c, 0x8d92cece, 0x8c8d898c,
0x53535353, 0x4b4b537f, 0x56565353, 0x38385353, 0x56565653, 0x53515353, 0x54565653, 0x51535353,
0x56565656, 0x53545656, 0x56568c8c, 0x54565656, 0x56568c56, 0x568d5656, 0x8d928d56, 0x8f8d568c,
0x3838384b, 0x384b3838, 0x38385353, 0x51383738, 0x38535656, 0x51373738, 0x53535656, 0x513a3738,
0x53565654, 0x50513a3a, 0x568c8c54, 0x54515154, 0x898d8954, 0x54545456, 0x8d898989, 0x5555898d,
0x514b3737, 0x51383738, 0x514b3738, 0x51383738, 0x51515151, 0x513a5151, 0x3a515454, 0x3a515151,
0x50545454, 0x54545454, 0x54568955, 0x54558954, 0x898d8d89, 0x558d8d55, 0x8fce8f8d, 0x8d8f8f8d,
0x53373851, 0x31313253, 0x51515151, 0x384b5354, 0x51515454, 0x51548954, 0x54545654, 0x54898d55,
0x8d898d54, 0x8d8d8d89, 0x8d8d8d54, 0x8d8d8f8d, 0x8d8d8955, 0x8d8d8f8d, 0x8f8f8d8d, 0x8f8f8f8d,
0x514b514b, 0x4b4b3853, 0x51515138, 0x51385153, 0x54515151, 0x51515153, 0x54545451, 0x51505454,
0x8d8f8d55, 0x55545454, 0x8f8f8f8d, 0x8d8d898d, 0x8f8f8f8f, 0x8d8e8f8f, 0xcc8f8f8f, 0x8f8f8fcc,
0x37373737, 0x503a3a37, 0x50373738, 0x543a3a50, 0x503a5151, 0x54505454, 0x54545151, 0x55558d55,
0x8d555455, 0x8d8e8f8d, 0x8d8d8d8d, 0x8e8f8f8f, 0x8d558d8d, 0x8f8f8f8e, 0x55558d8e, 0x8fcc8e8d,
0x54895054, 0x55555050, 0x55555055, 0x55555050, 0x55545555, 0x8d8d5555, 0x8d55558d, 0x8d8d558d,
0x8e8d8d8d, 0x8e8d8d8d, 0x8f8d8e8e, 0x8f8e8e8e, 0x8f8e8e8f, 0x8f8f8f8f, 0xcc8f8f8f, 0x8fcccccc,
0x8e8d8d8d, 0x8f8f8f8e, 0x8e8d558d, 0x8fcccc8f, 0x8f8d8d8d, 0xcccccc8f, 0x8e8d8d8d, 0xcfcc8f8e,
0x8e8e8e8d, 0xcccc8f8e, 0x8f8f8f8f, 0xcccccc8f, 0x8f8f8f8f, 0xcfcfcdcc, 0x8f8fcc8f, 0xcfcfcc8f,
0xcccdcc8f, 0xcfcdcccc, 0xcdcd8f8f, 0xcfcdcdcc, 0xcd8fcccc, 0xcfcfcfcd, 0xcccccccf, 0xcfcfcfcf,
0xcdcdcdcf, 0xcfcfcfcf, 0xcfcfcfcf, 0xcfcfcfcf, 0xcfcfcfcf, 0xcccfcfcf, 0xcfcfcfcf, 0xcfcfcfcf,
0xcfcfcfcf, 0xcfcfcdcf, 0xcfcfcfcf, 0xcfcecfcf, 0xcfcfcfcf, 0xcfcfcfcf, 0xcfcfcfcf, 0xcfcfcfcf,
0xcfcfcfcf, 0xcfcfcfcf, 0xcfcfcfcf, 0xcfcfcfcf, 0xcfcfcfcf, 0xcfcfcfcf, 0xcfcfcfcf, 0xcfcfcfcf,
0xcfcfcfcf, 0xcfcfcfcf, 0xcfcfcfcf, 0xcfcfcfcf, 0xcfcfcfcf, 0xcfcfcfcf, 0xcfcfcfcf, 0xcfcfcfcf,
0xcfcfcfcf, 0xcfcfcfcf, 0xcfcfcfcf, 0xcfcfcfcf, 0xcfcfcfcf, 0xcfcfcfcf, 0xcfcfcfcf, 0xcfcfcfcf,
0xcfcfcfcf, 0xcfcfcfcf, 0xcfcfcfcf, 0xcfcfcfcf, 0xcfcfcfcf, 0xcfcfcfcf, 0xcfcfcfcf, 0xcfcfcfcf,
0xcfcfcfcf, 0xcfd2cfcf, 0xcfcfcfcf, 0xd2d2d2cf, 0xcfcfcfcf, 0xcfcfd2cf, 0xcfcfcfcf, 0xcfcfd2cf,
0xcfcfcfcf, 0xcfcfcfcf, 0xcfcfcfcf, 0xcfcfcfcf, 0xcfcfcfcf, 0xcfcfcfcf, 0xcfcfcfcf, 0xcfcfcfcf,
0xcfcfcfcf, 0xcfcfcfcf, 0xd2cfcfcf, 0xcfcfcfcf, 0xcfcfcfcf, 0xcfcfcfcf, 0xcfcfcfcf, 0xcfcfcfcf,
0xcfcfcfcf, 0xcfcfcfcf, 0xcfcfcfcf, 0xcfcfcfcf, 0xcfcfcfcf, 0xcfcfcfcf, 0xcfcfcfcf, 0xcfcfcfcf,
0xcfcfcfcf, 0xcfcfcfcf, 0xcfcfcfcf, 0xcfcfcfcf, 0xcfcfcfcf, 0xcfcfcfcf, 0xcfcfcfcf, 0xcfcfcfcf,
0xcfcfcfcf, 0xcccccdcf, 0xcdcfcfcf, 0xcccccdcd, 0xcdcdcdcf, 0xcccdcfcf, 0xcccdcfcf, 0xcccfcfcf,
0xcccdcfcf, 0xcccfcfcd, 0xcfcfcfcf, 0xcfcfcfcd, 0xcfcfcfcf, 0xcfcfcfcf, 0xcfcfcfcf, 0xcfcfcfcf,
0xcccfcfcf, 0xcfcccccc, 0xcccfcfcc, 0xcdcccdcd, 0xcccccccc, 0xcdcccfcd, 0xcdcccccf, 0xcdcccdcf,
0xcccccccc, 0xcfcfcdcf, 0xcfcfcdcc, 0xcfcfcccf, 0xcfcfcfcc, 0xcfcfcdcf, 0xcfcccfcf, 0xcfcfcfcf,
0xcecfcfcf, 0xcccccecf, 0xcccccfcf, 0xcecccccc, 0xcecccccf, 0xcecccccc, 0xcccccecd, 0xcccccccc,
0xcccfcfcf, 0x8fcccccc, 0xcecfcfcf, 0xcccecccc, 0xcfcfcfcf, 0xccccccce, 0xcfcfcfcf, 0xc0cccccf,
0x7f8a8f8f, 0x4a4a4a49, 0x898c8fcc, 0x4a4a3049, 0x7f8a8fcc, 0x4a4a494c, 0x4c52898f, 0x304a4a4c,
0x497e8ac0, 0x4a493049, 0x4c898c8f, 0x30302230, 0x4a538a8f, 0x1f1f1f31, 0x3152898f, 0x31311f31,
0x4a4a4a4a, 0x4c304c4c, 0x304c4a4a, 0x3130314c, 0x30304a4a, 0x30313130, 0x4a303030, 0x304c3030,
0x4c303030, 0x4c303030, 0x4a4a3031, 0x4c4c4a4a, 0x4a4a3031, 0x4c4a4a4a, 0x4a303030, 0x4c4c4a4a,
0x3131314c, 0x8b8b7f4c, 0x4c224c4a, 0xbe8b7e7c, 0x4a314a30, 0x8b8b837c, 0x4c4c4c31, 0x8b837c4c,
0x31313131, 0x8a834c31, 0x3131314c, 0x8b7f4c31, 0x4c314c31, 0x8a7f4c4a, 0x4a4c4c4c, 0x7e7f7f7c,
0x8a8b8a8a, 0xc1c18c8a, 0x8a8b8a8a, 0xbebe8b8a, 0x8a8a7f83, 0x8a8a8a83, 0x8b8b8a8a, 0x8b8a8a8a,
0x8a8a8a8a, 0xbe8a8a8a, 0x8a8a8b8a, 0xbe8b8b8a, 0x8a8a8b8a, 0x8a8a8a8a, 0x8a8a8a83, 0x8a8a8a8a,
0xd1c2bebe, 0xd4d4d4d1, 0xd1c6c2be, 0xd4d4d1d1, 0xc6c6c6be, 0xd1d1d1d1, 0xc6c6c6be, 0xd1d1d1d1,
0xd1c2c2c1, 0xd1d1d1d1, 0xc2bebe8c, 0xd1d1d1d1, 0xc0be8a8a, 0xd1d1d1d1, 0xc0be8a8a, 0xcec2c6c2,
0xd1d1d1d4, 0xd1d1d1d1, 0xd1d1d1d1, 0xd1d1d1d1, 0xd1d1d1d1, 0xd1d1d1d1, 0xd1d1d1d1, 0xd1d1d1d4,
0xd4d1d1d1, 0xd1d4d4d4, 0xd4d1d1d1, 0xd1d1d4d4, 0xd1d1d1d1, 0xd1d1d4d4, 0xd1d1d1c2, 0xd1d1d4d4,
0xd1d1d1d1, 0xd1d1d1d1, 0xd1d1d1d1, 0xd1d1d1d1, 0xd1d1d1d1, 0xd1d1d1d1, 0xd1d1d1d1, 0xd1d1d1d1,
0xd1d1d1d1, 0xd1d1d1d1, 0xd1d1d1d1, 0xd1d1d1d1, 0xd1d1d1d1, 0xd1d1d1d1, 0xd1d1d1d1, 0xd1d1d1d1,
0xd1d1d1d1, 0xd0d0d0d1, 0xd0d1d1d1, 0xd0d0d0d0, 0xd1d1d1d1, 0xd0d0d0d1, 0xd0d0d1d1, 0xd0d1d0d1,
0xd0d0d1d1, 0xd0d0d1d1, 0xd1d1d1d1, 0xd0d0d0d0, 0xd0d1d1d1, 0xd0d0d0d0, 0xd1d1d0d1, 0xd0d0d0d0,
0xd0cccccc, 0xd0ccccd0, 0xd0d0d0d0, 0xd0ccccd0, 0xd0d0d0cc, 0xd0ccccd0, 0xd0d0d0d0, 0xccccccd0,
0xd0d0d0d0, 0xcccccccc, 0xd0d0d0d0, 0xccccccd0, 0xccd0d0d0, 0xcccccccc, 0xccccd0d0, 0xcccccccc,
0xbfbfbfcc, 0x8e8e8ebf, 0xbfbfcccc, 0x8e8ebfbf, 0xbfcccccc, 0x8e8ebfbf, 0xbfcccccc, 0x8e8ebfbf,
0x8ecccccc, 0x8ebf8e8e, 0x8ecccccc, 0x8e8e8e8e, 0xcccccccc, 0x8e8e8e8e, 0xcccccccc, 0x8ebfbf8e,
0xb8b8d7de, 0xb8b8b8b8, 0xb8bcd7de, 0xb8b8b8b8, 0xbcbcd7de, 0xb8b8b8b8, 0xb8b8d7de, 0xb8b8bcb8,
0xb8bcd7de, 0xb8b8b8b8, 0xb8bcd7de, 0xb8b8b8bc, 0xbcbcd7de, 0xb8b8bcbc, 0xb8b9d7de, 0xb8bcbcb8,
0xb8b8b8b8, 0xb8b8b8b8, 0xb8b8b8b8, 0xb8b8b8b8, 0xb8b8b8b8, 0xb8bcbcbc, 0xb8b8b8b8, 0xb8b8b8b8,
0xb8b8b8b8, 0xb8bcb8b8, 0xb8b8b8b8, 0xb8b8b8b8, 0xb8b8b8b8, 0xb8b8b8b8, 0xb8b8b8b8, 0xbcb8b8b8,
0xbcb8b8b8, 0xb8b8b8b8, 0xb8b8b8b8, 0xacb8b8b8, 0xb8b8b8b8, 0xb8bcb8b8, 0xb8b8b8b8, 0xb8b8bcbc,
0xb8b8b8b8, 0xb8b8bcb8, 0xb8b8b8b8, 0xb8b8b8b8, 0xb8b8b8b8, 0xb8b8b8b8, 0xb8b8b8bc, 0xbcb8b8b8,
0xb8b8bcb8, 0xbab8b8b8, 0xb8b8b8b8, 0xb8b8b8b8, 0xb8b8b8b8, 0xb8b8b8b8, 0xb8b8b8b8, 0xb8bab8b8,
0xb8b8b8b8, 0xbabab8b8, 0xb8b8b8b8, 0xb8bab8b8, 0xb8bcbcb8, 0xb8b8b8b8, 0xbabcb8b8, 0xb8b8b8b8,
0xb8b8b8b8, 0xb8b8b8b8, 0xb8b8adb8, 0xb8b8b8b8, 0xb8b8adb8, 0xb8b8b8b8, 0xb8adb8b8, 0xbcb8b8b8,
0xb8b8b8b8, 0xbab8b8b8, 0xb8b8b8b8, 0xbab8b8b8, 0xbab8b8b8, 0xbcb8b8b8, 0xbabcbcb8, 0xd7bcb8b8,
0xd7d7bcb8, 0xb8bcbcbc, 0xd7d7bcba, 0xb8bcbcbc, 0xd7d7bcbc, 0xbcbcbcbc, 0xd7d7d7ba, 0xd7bcbcbc,
0xbcd7d7bc, 0xbcbcbcbc, 0xbcd7d7d7, 0xbcbcbcbc, 0xbcd7d7d7, 0xb8b8d7bc, 0xbcbcd7d7, 0xb8b8bcbc,
0xbcbcd7bc, 0xbcbcbcbc, 0xbcbcbcb8, 0xbcbcbcbc, 0xbcbcbabc, 0xbcbcbcbc, 0xbcbcb8bc, 0xbcbcbcbc,
0xbcb8bab8, 0xbcbcbcbc, 0xbcb8b8ba, 0xb8b8bcbc, 0xb8b8adb8, 0xb8b8b8bc, 0xb8b8b8b8, 0xbcb8b8b8,
0xbcbcbcbc, 0xbcb8bcbc, 0xd7bcbcbc, 0xbcbcbcbc, 0xbcbcbcbc, 0xd7bcbcbc, 0xbcbcbcba, 0xbcbcbcbc,
0xbcbcbcb8, 0xbcbcbcbc, 0xbcbcbcbc, 0xbcbcbcbc, 0xd7d7bcbc, 0xbcbcd7bc, 0xbcbcbcbc, 0xd7bcbcd7,
0xd7d7d7bc, 0xbcbcbcd7, 0xd7d7bcd7, 0xbcbcbcbc, 0xbcd7bcbc, 0xb8bcbcbc, 0xd7d7bcb8, 0xb8b8bcbc,
0xbcbcbcbc, 0xb8b8bcbc, 0xbcbcbcbc, 0xb8b8bcbc, 0xbcbcbcbc, 0xb8b8b8bc, 0xbcbcbcbc, 0xb8acb8b9,
0xb9bcbcbc, 0xbcb8b8b8, 0xb9bcbcbc, 0xbcb8b8bc, 0xbcbcbcb9, 0xd7bcb8bc, 0xb9b8bcbc, 0xbcbcbcb9,
0xb8b8bcbc, 0xbcbcb9b8, 0xb8b8b5bc, 0xbcb9b9b8, 0xacacacb8, 0xb9bcb8ac, 0xacacb8b8, 0xb8bcb8b8,
0xb8bcbcbc, 0xacacb8b8, 0xbcbcd7d7, 0xb8b8b8b8, 0xb8b8bcbc, 0xb8b8b8b8, 0xb8b8b9d7, 0xacacb8b8,
0xb8b8b8bc, 0xb8acadad, 0xacb8b8b8, 0xacadacac, 0xb8b8b8b8, 0xacb8acac, 0xacacacac, 0xacb8acac,
0xacacacad, 0xa5acacac, 0xacacacad, 0xa5a1acac, 0xb8acacb8, 0xacacacac, 0xacacacad, 0xacaca1ac,
0xacacacac, 0xaca5a0ac, 0xacadadac, 0xacaca1a0, 0xacacacac, 0xacacacac, 0xacacacac, 0xa1acb5ac,
0x787ba5a5, 0x6b757578, 0xa178a1a5, 0x7575757b, 0xa5a1a0a0, 0x7a7578a5, 0xa5a5a1ac, 0x757b787b,
0xa1a1a1ac, 0x7b7b787b, 0xa1a5a1ac, 0x75787b7b, 0xa5acacac, 0x7a787a7b, 0xa1a5a5a1, 0x78787ba1,
0x484e4848, 0x4e754848, 0x75484848, 0x4848484e, 0x48487575, 0x75484875, 0x4875757b, 0x48754848,
0x7575757b, 0x75484848, 0x7b756b75, 0x4848757b, 0x7b7a7575, 0x757a7b7b, 0x7b7a7575, 0x7b7b7a7b,
0x75757548, 0x75757575, 0x75757548, 0x75757575, 0x75487575, 0x75757575, 0x75484848, 0x75757575,
0x75484848, 0x75487575, 0x75487575, 0x75757575, 0x75757575, 0x75757548, 0x7575767b, 0x48757575,
0x75757575, 0x75757575, 0x75757548, 0x75757575, 0x75754e75, 0x75757575, 0x75754875, 0x75757575,
0x75754875, 0x7b757575, 0x75754875, 0x75757575, 0x75757575, 0x75757575, 0x75757575, 0x75757575,
0x75757575, 0x75757575, 0x75757575, 0x75757575, 0x4e757575, 0x75757548, 0x4e757575, 0x7575754e,
0x4e757575, 0x75757575, 0x75767575, 0x75757575, 0x75757575, 0x48757575, 0x75757575, 0x75757575,
0x754e7575, 0x4e4e4e4e, 0x4e757575, 0x4e4e4e75, 0x4e4e7575, 0x4e757575, 0x75757548, 0x4e4e7575,
0x7575754e, 0x4e757575, 0x75757575, 0x4e757575, 0x75757575, 0x75757575, 0x75757575, 0x75757575,
0x4e484e48, 0x4e4e4e4e, 0x4e4e4e48, 0x4e4e4e4e, 0x4e4e4e4e, 0x484e4e4e, 0x4e4e754e, 0x4e4e4e4e,
0x7575754e, 0x4e4e7575, 0x75754e4e, 0x4e4e754e, 0x76757575, 0x4e4e4e75, 0x76757575, 0x75757576,
0x46484e4e, 0x4e4e764e, 0x4e4e4e4e, 0x48464648, 0x4e4e4e4e, 0x48484e4e, 0x4e4e4e4e, 0x4e4e4e4e,
0x4e4e4e4e, 0x4e4e4e4e, 0x764e4e4e, 0x4e4e4e4e, 0x4e4e4e4e, 0x4e754e75, 0x4e4e4e75, 0x4e4e4e4e,
0x4646464e, 0x4d4d4d4d, 0x4d4d4646, 0x464d4d4d, 0x4e464646, 0x464e464d, 0x4646484e, 0x46464e4e,
0x4e4e4e4e, 0x484e4e48, 0x4e4e4e4e, 0x4e4e4e4e, 0x4e4e4e4e, 0x4e4e4e4e, 0x4e4e4e4e, 0x4e4e4e4e,
0x4d4d4d4d, 0x4d353535, 0x4d4d4d4d, 0x3535354d, 0x4d4d4d4d, 0x4d4d4d4d, 0x4e4e4e46, 0x4d4d4d4d,
0x4e4e4e4e, 0x4d4d4d4e, 0x4e4e4e48, 0x4d4d4e4e, 0x4e484648, 0x46464e4e, 0x4e4e484e, 0x4e4e4e4e,
0x4d4d3535, 0x4d4d4d4d, 0x4d4d3535, 0x354d4d4d, 0x4d4d4d35, 0x354d4d4d, 0x4d4d4d4d, 0x4d4d4d4d,
0x4d4d4d4d, 0x4d4d4d4d, 0x4d4d4d4e, 0x4d4d4d4d, 0x4e4d4e4e, 0x4d4e4e4e, 0x4e4e4e4e, 0x4e4e4e4e,
0x35353535, 0x35353535, 0x35353535, 0x35353535, 0x35353535, 0x35353535, 0x35353535, 0x4d35354d,
0x354d4d4d, 0x4d4d4d4d, 0x4d4d4d4d, 0x4d4d4d4d, 0x4d4d4d4d, 0x464d4d4d, 0x4e4e4e4e, 0x464d4e4d,
0x35353535, 0x4d353535, 0x35353535, 0x35353535, 0x35354d35, 0x354d4d35, 0x4d4d4d4d, 0x4d4d4d4d,
0x4d4d4d4d, 0x4d4d4d4d, 0x464d4d4d, 0x46464d46, 0x464d4d46, 0x46464646, 0x464d4d46, 0x46464646,
0x35353535, 0x35353535, 0x4d353535, 0x4d354d4d, 0x4d4d3535, 0x4d4d4d4d, 0x4d4d4d4d, 0x4d4d4d4d,
0x4e4e4d4d, 0x4d4d4d88, 0x4e4e4e4d, 0x4d4d4e4e, 0x4e4e4646, 0x4d464e4e, 0x4d4d4646, 0x4e4e4e4e,
0x35353535, 0x35353535, 0x4d35354d, 0x4d353535, 0x4d35354d, 0x4d4d4d4d, 0x464d4d4d, 0x4d4d4d4d,
0x4e464d4d, 0x4e4d4d4e, 0x764e4d4d, 0x4d4e4e76, 0x4e4e4e4d, 0x4e4e4e4e, 0x47474e4e, 0x4e4e4e47,
0x35353535, 0x4d4d3535, 0x4d4d4d4d, 0x4d4d4d4d, 0x4d4d4d4d, 0x4d4d4d4d, 0x4e4e4e4d, 0x4e4e4e4e,
0x4e4e4e4e, 0x4e4e4e4e, 0x4e4e4e4e, 0x4e4e4747, 0x4e4e4e4e, 0x75754e4e, 0x754e4e4e, 0x76757575,
0x354d4d4d, 0x4e4f4e4d, 0x4d4d4d4d, 0x4e4e4d4d, 0x4e4e4e4e, 0x4e4e4e4e, 0x4e4e764e, 0x4e764e4e,
0x4e4e4e4e, 0x7676754e, 0x4e4e4e4e, 0x7676764e, 0x4e4e4e4e, 0x7575754e, 0x4e4e4e4e, 0x4e4e7675,
0x4f4d4e4e, 0x4e4d4d4e, 0x4e4e4d4e, 0x4e4e4e4e, 0x4e4e4e4e, 0x4e4e4e4e, 0x4e4e4e76, 0x4e4e4e4e,
0x4e4e4e75, 0x4e4e4e4e, 0x4e4e7675, 0x4e4e4e4e, 0x4e4e754e, 0x4e4e4e4e, 0x4e4e4e4e, 0x4e4e4e4e,
0x4f4f4e4e, 0x4e4e4f76, 0x4e767676, 0x4e4e4e4e, 0x4e4e4e4e, 0x4f4e4e4e, 0x4e4e4e4e, 0x4f4f4e4e,
0x4e4e4e4e, 0x4e4e4e4e, 0x4e4e4e4e, 0x4e4e4e4e, 0x4e4e764e, 0x4e4e4e4e, 0x4e4e4e4e, 0x4e4e4e4e,
0x4f4f4f4f, 0x4f4f4f4f, 0x4f4f4f4f, 0x4f4f4f85, 0x4f4f4f4e, 0x4f4f4f4f, 0x4f4f4f4e, 0x4f4f4f4f,
0x764f4f4f, 0x4f4f4f4f, 0x4e4f4e4e, 0x4f4f4f4f, 0x4e4f4e4e, 0x4f4f4f4f, 0x4f4f4e4e, 0x4f4f4f4f,
0x4f4f4f4f, 0xc2c2927f, 0x4f4f4f4f, 0x92d39280, 0x4f4f8585, 0x928c8b80, 0x4f4f4f4f, 0xc292804f,
0x4f4f4f4f, 0x8b92904f, 0x4f4f4f4f, 0x928b804f, 0x4f4f8585, 0x8b804f4f, 0x4f4f854f, 0x8080864f,
0x8f8fd3d3, 0xcece9292, 0x9292d392, 0xcecece92, 0xce929292, 0xcececece, 0xd3d3c292, 0x92928fce,
0xd3c2928b, 0x928fcece, 0x92928b91, 0xcece9292, 0xc292918b, 0xced3d3d3, 0xd3928b8b, 0xce92ced3,
0xd3d3d3ce, 0xcececece, 0xd3d3d3ce, 0xcececed5, 0xcececece, 0xcfcecece, 0xd3d3cece, 0xcececece,
0xd5d3d3ce, 0xcecfd3d3, 0xcececece, 0xcececece, 0xd3d3cece, 0x8fcecece, 0xd3ceced3, 0xcececed3,
0xcececece, 0xced3cece, 0xcececece, 0xd3d3cece, 0xcececece, 0xd3d3d3ce, 0xcececece, 0xd3d3d3ce,
0xcececed3, 0xd3d3cece, 0xcececece, 0xd3cecece, 0xcececece, 0xd3cecece, 0xced3d3ce, 0xcececece,
0x8fcecece, 0x8d8d8989, 0xcececece, 0xce8f8f8f, 0xceced3d3, 0xcececece, 0xd3d3d3d3, 0xceced3d3,
0xd3d3d3ce, 0xceced3d3, 0xd3d3cece, 0xceced3d3, 0xd3d3d3d3, 0xd3ceced3, 0xd3d3d3d3, 0xd3d3d3d3,
0xcece8f8d, 0x8f8d898d, 0xcececece, 0x8f8f8f92, 0xcececece, 0xcececece, 0xced3d3ce, 0xcececece,
0xced3d3ce, 0xcececece, 0xd3ced3d3, 0xcececed3, 0xd3d3d3d3, 0xced3d3d3, 0xd3d3d3d3, 0xd3d3d3d3,
0x8f8f8f8d, 0x898d8f8d, 0x8d8f8f8d, 0x8d8f8f8d, 0x8dce8f8f, 0xcece8f8d, 0xcececece, 0xcececece,
0xced3cece, 0xcececece, 0xcececece, 0xced3d3d3, 0xd3d3d3d3, 0xcececed3, 0xd3ced3d3, 0xcececed3,
0xcece8f89, 0x8fce8fce, 0xcece8f8d, 0x8fcecece, 0xcecece8f, 0xcececece, 0xcececece, 0xcececece,
0xd3d3cece, 0xcececece, 0xced3d3d3, 0xcececece, 0xced3d3ce, 0xced3cece, 0xd3d3d3ce, 0xceced3d3,
0x8f8f8d8f, 0x8f8f8f8f, 0xce8f8f8f, 0x8f8f8fce, 0xcecece8f, 0x8f8fccce, 0xcececece, 0xcecfcece,
0xcfcecece, 0xcfcfcfcf, 0xcfceced3, 0xcfcfcfcf, 0xcfcecece, 0xcfcfcfcf, 0xcfcecece, 0xcfcfcfcf,
0xcccccecc, 0x8f8fcccc, 0xcfcfcfcc, 0xcfcfcfcf, 0xcfcfcfce, 0xcfcfcfcf, 0xcfcfccce, 0xcfcfcfcf,
0xcfcfcccc, 0xcfcfcfcf, 0xcfcfcfcc, 0xcfcfcfcf, 0xcccfcfcf, 0xcfcfcfcf, 0xcccfcfcf, 0xcfcfcfcc,
0x558d8e8f, 0x8f8f8e8d, 0x8e8e8ecc, 0x8f8f8e8e, 0x8f8f8fcc, 0x8f8f8f8f, 0xcccccccf, 0xcccccccc,
0xcfcfcfcf, 0xcccfcfce, 0xcfcfcfcf, 0xcfcfcccc, 0xcfcfcfcf, 0xcfcfcfcf, 0xcfcfcfcf, 0xcfcfcfcf,
0xcccccc8f, 0x8fcfcfcf, 0xcfcfcc8f, 0xcccfcfcf, 0xcfcfcc8f, 0xcfcfcfcf, 0xcfccccce, 0xcccfcccf,
0xcfcccccf, 0xcecdcccf, 0x8f8fcccf, 0xcfcfcccf, 0xcfcccccf, 0xcfcfcfcf, 0xcfcfcfcf, 0xcfcfcfcf,
0x8f8f8f8f, 0xcfcdcc8f, 0x8f8f8e8f, 0xcdcdcc8f, 0x8f8f8fcc, 0xcdcccccc, 0x8f8fcccf, 0xcc8fcccc,
0xcccccccf, 0xcc8fccce, 0xcccccfce, 0xcfcfcfcf, 0xcfcfcece, 0xcfcfcfcf, 0xcfcccccf, 0xcfcfcfcf,
0xcfcfcfcd, 0xcfcfcfcf, 0xcfcfcfcf, 0xcfcfcfcf, 0xcfcfcfcf, 0xcfcfcfcf, 0xcfcfcfcf, 0xcfcfcfcf,
0xcfcfcfcf, 0xcfcfcfcf, 0xcfcfcfcf, 0xcfcdcfcf, 0xcfcfcfcf, 0xcfcdcccf, 0xcfcfcccf, 0xcfcfcfcf,
0xcfcfcfcf, 0xcfcfcfcf, 0xcfcfcfcf, 0xcfcfcfcf, 0xcfcfcfcf, 0xcfcfcfcf, 0xcfcfcfcf, 0xcfcfcfcf,
0xcfcfcfcf, 0xcfcfcfcf, 0xcfcfcfcf, 0xcfcfcfcf, 0xcfcfcfcf, 0xcfcfcfcf, 0xcfcfcfcf, 0xcfcfcfcf,
0xcfcfcfcf, 0xcfcfcfcf, 0xcfcfcfcf, 0xcfcfcfcf, 0xcfcfcfcf, 0xcfd2cfcf, 0xcfcfcfcf, 0xcfcfcfcf,
0xcfcfcfcf, 0xcfcfcfcf, 0xcfcfcfcf, 0xcfcfcfcf, 0xcfcfcfcf, 0xcfcfcfcf, 0xcfcfcfcf, 0xcfcfcfcf,
0xcfcfd2cf, 0xcfcfcfcf, 0xcfcfcfd2, 0xcfcfcfcf, 0xcfcfcfd2, 0xcfcfcfcf, 0xcfcfcfcf, 0xcfcfcfcf,
0xcfcfcfcf, 0xcfcfcfcf, 0xcfcfcfcf, 0xcfcfcfcf, 0xcfcfcfcf, 0xcfcfcfcf, 0xcfd2cfcf, 0xcfcfcfcf,
0xcfcfcfcf, 0xcfcfcfcf, 0xcfcfcfcf, 0xcfcfcfcf, 0xcfcfcfcf, 0xcfcfcfcf, 0xcfcfcfcf, 0xcfcdcfcf,
0xcfcfcfcf, 0xcfcfcfcf, 0xcfcfcfcf, 0xcfcfcfcf, 0xcfcfcfcf, 0xcfcfcfcf, 0xcfcfcfcf, 0xcfcfcfcf,
0xcfcfcfcf, 0xcfcfcfcc, 0xcfcfcfcf, 0xcfcfcccc, 0xcdcfcfcf, 0xcfcfcfcc, 0xcfcfcfcf, 0xcfcfcccc,
0xcfcfcfcf, 0xcfcfcfcf, 0xcfcfcfcf, 0xcdcfcfcf, 0xcfcfcfcf, 0xcccccfcf, 0xcfcfcfcf, 0xcfcfcfcf,
0xcfcfcfcf, 0xcfcfcfcf, 0xcfcfcfcf, 0xcfcfcfcf, 0xcfcfcfcf, 0xcfcfcfcf, 0xcfcfcfcf, 0xcfcfcfcf,
0xcfcfcfcf, 0xcfcfcfcf, 0xcfcfcfcf, 0xcfcfcfcf, 0xcfcfcfcf, 0xd2cfcfcf, 0xcfcfcfcf, 0xd2cfcfcf,
0xcfcfcfcf, 0xcfcfcfcf, 0xcfcfcfcf, 0xcfcfcfcf, 0xcfcfcfcf, 0xcfcfcfcf, 0xcfcfcfcf, 0xcfcfcfcf,
0xcfcfcfcf, 0xcfcfcfcf, 0xcfcfcfcf, 0xcecfcfcf, 0xd2d2cfcf, 0xcecfcfcf, 0xd2cfcfd2, 0xcecfcfd2,
0xcfcfcfcf, 0x8ecccecf, 0xcfcfcfcf, 0xc0ccccce, 0xcecfcfcf, 0xc08eccce, 0xcecfcfcf, 0x8f89c0ce,
0xcccecece, 0x5354898f, 0xcececcce, 0x4c7e7e8a, 0xceccccce, 0x4c4c538a, 0xc0c0c0ce, 0x4a4a4c8c,
0x314c7e8a, 0x1f311f30, 0x4a527e8f, 0x304a3030, 0x4a4c53c0, 0x4a4a4a30, 0x4a4a7e8f, 0x4a4a4a4a,
0x4a4a4c89, 0x6f4a6f7c, 0x4a4a4a4c, 0x7d7c7c6f, 0x4a4a4949, 0x7c7d817c, 0x4a6f4a4a, 0x7c81817c,
0x4a311f1f, 0x4c7c4a7c, 0x4a30494a, 0x7c7c4a4a, 0x4a4a4a6f, 0x4c4a4a4a, 0x304a6f7c, 0x4a4a4a4a,
0x304a4a7c, 0x4c4a4a4a, 0x4a304a6f, 0x4a4a4a4a, 0x4a4a4a4a, 0x4a4a4a4a, 0x4a4a4a4a, 0x4c4a4a4a,
0x4c4a4a4a, 0x8a8a837c, 0x4a4a4a7c, 0x8a7f7e4c, 0x4c4a4a7c, 0x7e7c4c4a, 0x4a4a7c4a, 0x837e7c4c,
0x4a4a4a4a, 0x7f7e4c4c, 0x4a4a4a4a, 0x7f7c4c4c, 0x4a4a4a4a, 0x837e4c4a, 0x4a4a4c4c, 0x837f7c4c,
0x8a8a8383, 0x8a8a8a8a, 0x8a837f7e, 0x8a8a7e8a, 0x8383837e, 0x7e837e7f, 0x83837e83, 0x8a8a7e7e,
0x83838383, 0x8a8a8383, 0x8a838a8a, 0x8a7e7e7e, 0x83838383, 0x8a837e83, 0x837e7f83, 0x8b8a8a83,
0x8a8a8a8a, 0xd1c6c6c0, 0x8a8a8a8a, 0xd1d1d1c0, 0x8a8a8a8a, 0xd1d1c2c0, 0xbe8a8a8a, 0xd1d1d1c0,
0xbd8c8a8a, 0xd4d1d1c0, 0xbe8abe8c, 0xd1d1d1c0, 0xbebebe8a, 0xcec0c0c0, 0xc0c0be8a, 0xcec0c0c0,
0xd1d1d1ce, 0xd1d1d4d1, 0xd1d1d1d1, 0xd4d1d4d1, 0xd4d1d1d4, 0xd1d4d4d1, 0xd4d1d1d4, 0xd1d1d4d1,
0xd4d4d1d4, 0xd1d1d1d1, 0xd1d1d1d1, 0xd1d1d1d1, 0xd1d1d1d1, 0xd1d1d1d1, 0xd1d4d1d1, 0xd1d1d1d1,
0xd1d1d1d1, 0xd1d1d1d1, 0xd1d1d1d1, 0xd1d1d1d1, 0xd1d1d1d1, 0xd1d1d0d1, 0xd1d1d1d1, 0xd1d1d1d1,
0xd1d1d1d1, 0xd1d1d1d1, 0xd1d1d1d1, 0xd1d1d1d1, 0xd1d1d1d1, 0xd2d2d1d1, 0xd1d1d1d1, 0xd1d1d1d1,
0xd1d1d1d1, 0xd0d0d0d0, 0xd1d1d1d1, 0xd0d0d1d1, 0xd0d1d1d1, 0xd0d0d0d0, 0xd0d1d1d1, 0xd0d0d0d0,
0xd0d0d1d1, 0xd0d0d0d0, 0xd0d1d1d1, 0xd1d0d0d1, 0xd1d1d1d1, 0xd1d1d1d1, 0xd1d1d0d1, 0xd0d1d1d1,
0xccccd0d0, 0xcccccccc, 0xccccd0d0, 0xccd0d0d0, 0xd0d0d0d0, 0xccccd0d0, 0xd0d0d0d0, 0xccccd0d0,
0xd0d1d1d0, 0xccccd0d0, 0xd2d0d1d0, 0xccccd0d0, 0xd0d0d2d1, 0xccccccd0, 0xd0d0d0d0, 0xccccccd0,
0xcccccccc, 0x8e8e8e8e, 0xcccccccc, 0x8ecccc8e, 0xcccccccc, 0x8e8e8e8e, 0xcccccccc, 0x8e8e8e8e,
0xcccccccc, 0x8e8e8ecc, 0xcccccccc, 0x8e8e8ecc, 0xcccc8e8e, 0x8e8ecccc, 0xcccccccc, 0x8e8ecc8e,
0xb8b8d8de, 0xbcb8b8b8, 0xbcbcd8de, 0xbcb8bcbc, 0xbcbcd8de, 0xbcbcbcbc, 0xbcb9d8de, 0xb8bcb8b8,
0xb8b9d8de, 0xbcbcbcb8, 0xb8b9d8de, 0xbcb8b8b8, 0xbcbcd8de, 0xbcb8b8b8, 0xbcbcd8de, 0xb8b8b8b8,
0xb8bcbcbc, 0xbcb8b8b8, 0xb8b8b8b8, 0xbcb8b8bc, 0xb8b8bcbc, 0xbcbcb8b8, 0xb8bcbcbc, 0xbcb8bcbc,
0xb8bcbcbc, 0xbcbcbcbc, 0xb8b8bcbc, 0xbcbcbcb8, 0xbcbcbcbc, 0xbcbcbcb8, 0xb8b8b8b8, 0xb8bcbcb8,
0xbcbcbcbc, 0xb8b8b8bc, 0xbcbcbcbc, 0xb8b8b8bc, 0xbcbcbcbc, 0xb8b8bcbc, 0xbcbcbcbc, 0xb8bcbcbc,
0xbcb8b8bc, 0xb8b8bcbc, 0xb8b8b8b8, 0xb8b8b8b8, 0xbcbcbcbc, 0xbcb8bcb8, 0xb8bcbcb8, 0xbcbcb8b8,
0xb8b8b8b8, 0xbab8b8b8, 0xb8b8b8b8, 0xb8b8b8b8, 0xb8b8b8b8, 0xb8b8b8b8, 0xbcbcb8b8, 0xb8b8b8b8,
0xbcb8bcb8, 0xb8b8b8b8, 0xb8b8b8b8, 0xb8b8b8b8, 0xb8b8b8b8, 0xb8b8b8b8, 0xb8bcb8b8, 0xbcb8b8b8,
0xbcbcbcbc, 0xbcbcbcbc, 0xbab8b8b8, 0xbcbcbcbc, 0xbcb8b8b8, 0xbcbcbcbc, 0xbcb8b8b8, 0xbcbcbcbc,
0xbcb8b8b8, 0xbcbcbcbc, 0xbcbcb8b8, 0xbcbcbcbc, 0xbcb8bcbc, 0xbcbcbcbc, 0xbcbcbcbc, 0xbcbcbcbc,
0xbcbcd7d7, 0xb8b8bcbc, 0xd7bcd7d7, 0xb8bcbcbc, 0xbcbcbcbc, 0xb8b8b8bc, 0xbcbcbcbc, 0xb8b8b8b8,
0xbcbcb9b9, 0xbab8b8ba, 0xbcbcbcbc, 0xbcbcb8ba, 0xbabcbcbc, 0xb8b8b8bc, 0xb8bcbcbc, 0xb8b8b8ba,
0xb8b8b8b8, 0xbcb8b8b8, 0xb8b8b8b8, 0xbcb8b8b8, 0xb8b8b8b8, 0xb8bcb8b8, 0xb8b8b8b8, 0xbcbcb8b8,
0xb8b8b8b8, 0xbcbcbab8, 0xb8b8b8b8, 0xbcbcbcb8, 0xb8b8b8b8, 0xbcbcb8b8, 0xbcb8b8b8, 0xd7b9b8b8,
0xbcbcbcbc, 0xd7bcd7d7, 0xbcbcbcbc, 0xbcbcbcbc, 0xd7bcd7b9, 0xbcbcbcbc, 0xd7d7d7bc, 0xbcbcbcd7,
0xd7d7d7bc, 0xb8bcbcbc, 0xd7d7d7d7, 0xb8bcbcbc, 0xd7d7d7d7, 0xb8b8bcbc, 0xbcd7d7d7, 0xb8b8b8bc,
0xbcbcbcbc, 0xb8acb8b8, 0xbcbcbcbc, 0xacacacb8, 0xb9b9b9b8, 0xacb8acac, 0xacb8b8b8, 0xa9aca9a9,
0xa9acb8b8, 0xa9acb8a9, 0xacb8acb8, 0xa9a9b8ac, 0xacaca9ac, 0xa0acacb8, 0xa9a9a9ac, 0xa9a9a0ac,
0xacacaca9, 0xacbcbcb8, 0xa9a9a9a0, 0xacb8bcb8, 0xa9a0a9a9, 0xacb8b8b8, 0xaca9aca9, 0xa0a9b8b8,
0xaca0a9a0, 0xa0a0a9ac, 0xaca9a9a0, 0x9d9ca0ac, 0xacacaca0, 0xa09ca0a9, 0xaca9a9a0, 0xa0a0a0a9,
0xa9acacac, 0xacacaca0, 0xa9acacac, 0xacacaca9, 0xacacaca9, 0xacacacac, 0xacaca9a0, 0xacb5acac,
0xaca9a9a0, 0xacacacac, 0xa0a0a0a0, 0xacacaca0, 0x9c9ca09c, 0xa0a0a0a0, 0xa0a0a0a0, 0xa0a0a077,
0xacacacac, 0xacacacac, 0xacacacac, 0xa1a5acac, 0xb5acacac, 0xa1a5acb8, 0xacacacac, 0xa5acacb5,
0xacacacac, 0xacacacac, 0xacacacac, 0xa5acacac, 0xaca1a1a0, 0xa5a5acac, 0xa0a0a0a0, 0xa1a5a5a1,
0xa1a1a1a1, 0x78757b78, 0x7ba5aca1, 0x786b7878, 0xa1a5aca1, 0x7b787878, 0xa1a5acac, 0xa17b7b7b,
0xa1a5acac, 0xaca1a5a1, 0x7ba1acac, 0xa5a5a57b, 0xa1a1a1ac, 0xacaca5a1, 0xa1a1a1a1, 0xacaca5a1,
0xa5a17878, 0x7b7b7ba5, 0xa5a17878, 0x7ba5a5a5, 0xacac7b7b, 0xa5a5a5a5, 0xacaca5a1, 0xa5a5a5a5,
0xacacaca5, 0xacaca5ac, 0xa5a1a5a5, 0xa5a5a5ac, 0xa1a1a5ac, 0xa5a5a5a5, 0xa5a5a5a5, 0xa5a1a1a5,
0x757b8888, 0x75757575, 0x7b7b7a7a, 0x75757b76, 0x7b7a7aa5, 0x75757b7b, 0x7b7ba5a5, 0x7b7b7b7b,
0x7b7b7ba1, 0x7b757b7b, 0x7878a1a1, 0x767a7b7b, 0x7b7b7ba1, 0x7b757b7b, 0xa5a5a5a5, 0x787b7b7b,
0x75757575, 0x7575484e, 0x75757575, 0x75757575, 0x75757575, 0x7575754e, 0x757b7b7b, 0x75757575,
0x757b7b7b, 0x75757575, 0x757b7575, 0x75757575, 0x75757b7b, 0x75757575, 0x75787b78, 0x75757575,
0x75757576, 0x75757575, 0x75757575, 0x75757575, 0x757a7675, 0x75757575, 0x75757575, 0x75757575,
0x75757575, 0x7b767575, 0x767b7575, 0x767b7675, 0x76757575, 0x75757575, 0x75757675, 0x75757575,
0x75757575, 0x75757575, 0x75757575, 0x75757575, 0x75767575, 0x75757575, 0x75767575, 0x75757575,
0x75767575, 0x75757575, 0x75757a7b, 0x75757575, 0x75757575, 0x75757575, 0x75757575, 0x75757575,
0x75757575, 0x76757575, 0x75757575, 0x76757575, 0x75757575, 0x75767676, 0x7a767575, 0x75757a7b,
0x7a757575, 0x75757576, 0x75757575, 0x75757575, 0x75757575, 0x7a7a7575, 0x75757575, 0x75757575,
0x4e4e7575, 0x4e4e4e4e, 0x4e4e4e75, 0x4e4e4e75, 0x4e757575, 0x4e4e4e4e, 0x75757575, 0x754e4e75,
0x75757575, 0x75757575, 0x75757575, 0x757a7675, 0x7575757a, 0x75757575, 0x75757575, 0x75757575,
0x4e4e4e4e, 0x4e4e4e4e, 0x4e4e4e4e, 0x4e4e4e4e, 0x4e75754e, 0x484e4e4e, 0x4e4e7575, 0x484e4e4e,
0x4e757575, 0x4e4e4e4e, 0x75757575, 0x75757575, 0x75757575, 0x75757575, 0x75757575, 0x75757575,
0x4e4e4e4e, 0x4e4e4e4e, 0x484e4e4e, 0x4e4e4e4e, 0x4e484848, 0x4e4e4e4e, 0x484e4e4e, 0x4e4e4e48,
0x4e4e4e4e, 0x4e4e4e48, 0x4e4e4e4e, 0x4e484e75, 0x75487575, 0x75757575, 0x75757575, 0x75757575,
0x4e4e4e48, 0x4e4e4e4e, 0x4e4e4e4e, 0x4e4e4e4e, 0x4e4e484e, 0x48484e4e, 0x48484e4e, 0x484e4e4e,
0x484e754e, 0x4e754e4e, 0x4e4e4e48, 0x48487548, 0x754e7575, 0x75757575, 0x75757a76, 0x75757575,
0x4e4e4e4e, 0x4e4e4e4e, 0x4e4e4e4e, 0x4e4e4e4e, 0x4e4e4e48, 0x4e4e4e4e, 0x4e4e4e48, 0x4e4e4e4e,
0x754e4e4e, 0x4e4e4e75, 0x754e484e, 0x4e4e4e75, 0x754e4e4e, 0x754e7575, 0x76757575, 0x754e7575,
0x464e4e4e, 0x4d4d4d46, 0x4d4e4e4e, 0x4e4e4e4e, 0x4e4e4e4e, 0x4e4e4e4e, 0x4e4e4e4e, 0x4e4e4e4e,
0x4e4e4e4e, 0x4e4e4e4e, 0x4e4e4e4e, 0x4e4e4e4e, 0x4e75754e, 0x4e4e7575, 0x75757575, 0x75757575,
0x46464e4e, 0x4e4e4e4e, 0x48484848, 0x4e4e464e, 0x48484848, 0x4e4e4e4e, 0x4e48484e, 0x4e4e4e75,
0x4e4e4e4e, 0x4e4e4e4e, 0x4e4e484e, 0x4e4e4e4e, 0x4e4e4e4e, 0x4e4e4e4e, 0x754e7575, 0x4e757575,
0x47474e4e, 0x4e754e4e, 0x474e4e4e, 0x4e4e4e4e, 0x4e4e4e4e, 0x4e4e4e4e, 0x4e4e4e4e, 0x4e4e4e4e,
0x4e76754e, 0x4e4e4e4e, 0x4e4e4e4e, 0x4e4e4e75, 0x4e4e7575, 0x75754e4e, 0x75757575, 0x75757575,
0x75754e4e, 0x75754e4e, 0x4e4e4e4e, 0x4e4e4e4e, 0x4e4e4e4e, 0x4e754e4e, 0x4e4e4e4e, 0x4e764e4e,
0x4e4e4e4e, 0x4e75754e, 0x75754e75, 0x4e757676, 0x75754e4e, 0x75757676, 0x754e4e75, 0x75757575,
0x4e4e4e4e, 0x4e4e4e4e, 0x4e4e4e4e, 0x4e4e4e4e, 0x4e4e4e4e, 0x4e4e4e4e, 0x75754e4e, 0x754e7576,
0x7676754e, 0x76767576, 0x7676764e, 0x76767676, 0x7a767676, 0x7676767a, 0x887a7675, 0x767a8888,
0x754e4e4e, 0x4e4e4e4e, 0x4e4e4e4e, 0x4e4e4e4e, 0x4e4e4e4e, 0x7676764e, 0x4e4e4e75, 0x754e7676,
0x75757575, 0x76757575, 0x7675754e, 0x76757676, 0x76767676, 0x76767676, 0x76767676, 0x7a887a76,
0x764e4e4e, 0x4e4e4e76, 0x76764e4e, 0x4e4e7676, 0x4e767676, 0x4e4e4f76, 0x7676764e, 0x4e4e7676,
0x76767676, 0x76857676, 0x76767676, 0x76858876, 0x88887676, 0x76858888, 0x88888876, 0x76887a88,
0x764e4e4e, 0x4f4f4f4f, 0x4f4f4f4e, 0x4f4f4f4f, 0x4e4f4f4e, 0x4f4f764e, 0x4e4e4e4e, 0x4f76854e,
0x4e4e4e4e, 0x854e4e4e, 0x76767676, 0x7676764e, 0x88888585, 0x76768576, 0x76858887, 0x85888588,
0x4f4f4f4f, 0x80804f4f, 0x4f4f4f4f, 0x9086864f, 0x4f4f8585, 0x9186864f, 0x4f4f854f, 0x8686864f,
0x4f854e76, 0x8686864f, 0x76857676, 0x86868585, 0x76767676, 0x88858585, 0x85887676, 0x88858576,
0x8c8b9190, 0x928f8f8f, 0x92909191, 0x8cd3d392, 0x90909092, 0x92d3d392, 0x90868686, 0x92c39290,
0x90868686, 0x92909090, 0x90868686, 0x92919190, 0xb3868686, 0x91919186, 0xb3b38688, 0x91919191,
0xcececece, 0xcececece, 0xce928f8f, 0xce92cece, 0xced39292, 0xce8f8fce, 0x92ce9292, 0x928f928f,
0x92929292, 0xceced3d3, 0xc3929292, 0xd3c3d3d3, 0x92929291, 0xc3c3c3c3, 0xc8c8c891, 0xc39292c3,
0xcececece, 0xcececece, 0xcececece, 0xd3cecece, 0xcececece, 0xd3cecece, 0xce9292ce, 0xcece9292,
0xd3d39292, 0x92ced3d3, 0xc292c3c3, 0xd3cec292, 0xc392c3c3, 0xd3d3d3c3, 0xc3c3c3c3, 0xd3d3d3c3,
0xcececece, 0xd3d3d3d3, 0xced3d3d3, 0xd3d3d3d3, 0xd3ceced3, 0xd3d3d3d3, 0xd3cecece, 0xd3ceced3,
0xd3d3cece, 0xd3d3d3ce, 0xd3d3ced3, 0xd3d3d3d3, 0xd3d3d3d3, 0xd3d3d3d3, 0xd3d3d3d3, 0xd3d3d3d3,
0xd3d3d3d3, 0xd3d3d3d3, 0xd3d3d3d3, 0xced3d3d3, 0xd3d3d3d3, 0xcececed3, 0xd3d3d3d3, 0xd3d3d3d3,
0xd3d3d3d3, 0xd3d3d3d3, 0xd3d3d3d3, 0xd3d3d3d3, 0xd3d3d3d3, 0xd3d3d3d3, 0xd3d3d3d3, 0xd3d3d3d3,
0xceced3d3, 0xd3d3d3d3, 0xd3d3d3ce, 0xd3d3d3d3, 0xd3d3d3d3, 0xd3d3d3d3, 0xd3ced3d3, 0xd3d3d3d3,
0xd3d3d3d3, 0xd3d3d3d3, 0xd3d3d3d3, 0xd3d3d3d3, 0xd3d3d3d3, 0xd3d3d3ce, 0xd3d3d3d3, 0xd3d3d3ce,
0xd3d3d3d3, 0xd3d3d3d3, 0xd3d3d3d3, 0xcececed3, 0xd3d3d3d3, 0xcececece, 0xd3d3d3d3, 0xcfcecece,
0xd3d3d3d3, 0xcececed3, 0xd3d3d3d3, 0xd3cfd3d3, 0xd3d3d3d3, 0xd3d3d3d3, 0xd3d3d3d3, 0xcfd3d3d3,
0xcfcfcece, 0xcfcfcfcf, 0xcfcfcece, 0xcfcfcfcf, 0xcfcfcfce, 0xcfcfcfcf, 0xcfcfcfcf, 0xcfcfcfcf,
0xcfcfcfcf, 0xcfcfcfcf, 0xcfcfcfd3, 0xcfcfcfcf, 0xcfcfcfcf, 0xcfcfcfcf, 0xd3cfcfcf, 0xcfcfcfd3,
0xcecfcfcf, 0xcfcfcfcf, 0xcfcfcfcf, 0xcfcfcfcf, 0xcfcfcfcf, 0xcfcfcfcf, 0xcfcfcfcf, 0xcfcfcfcf,
0xcfcfcfcf, 0xcfcfcfcf, 0xcfcfcfcf, 0xcfcfcfcf, 0xcfcfcfcf, 0xcfcfcfcf, 0xcfcfcfcf, 0xcfcfcfcf,
0xcfcfcfcf, 0xcfcfcfcf, 0xcfcfcfcf, 0xcfcfcfcf, 0xcfcfcfcf, 0xcfcfcfcf, 0xcfcfcfcf, 0xcfcfcfcf,
0xcfcfcfcf, 0xcfcfcfcf, 0xcfcfcfcf, 0xcfcfcfcf, 0xcfcfcfcf, 0xcfcfcfcf, 0xcfcfcfcf, 0xcfcfcfcf,
0xcfcfcfcf, 0xcfcfcfcf, 0xcfcfcfcf, 0xcfcfcfcf, 0xcfcfcfcf, 0xcfcfcfcf, 0xcfcfcfcf, 0xcfcfcfcf,
0xcfcfcfcf, 0xcfcfcfcf, 0xcfcfcfcf, 0xcfcfcfcf, 0xcfcfcfcf, 0xcfcfcfcf, 0xcfcfcfcf, 0xcfcfcfcf,
0xcfcfcfcf, 0xcfcfcfcf, 0xcfcfcfcf, 0xcfcfcfcf, 0xcfcfcfcf, 0xcfcfcfcf, 0xcfcfcfcf, 0xcfcfcfcf,
0xcfcfcfcf, 0xcfcfcfcf, 0xcfcfcfcf, 0xcfcfcfcf, 0xcfcfcfcf, 0xcfcfcfcf, 0xcfcfcfcf, 0xcccfcfcf,
0xcfcfcfcf, 0xcfcfcfcf, 0xcfcfcfcf, 0xcfcfcfcf, 0xcfcfcfcf, 0xcfcfcfcf, 0xcfcfcfcf, 0xcfcfcfcf,
0xcfcfcfcf, 0xcfcfcfcf, 0xcfcfcfcf, 0xcfcfcfcf, 0xcfcfcfcf, 0xcfcfcfcf, 0xcfcfcfcc, 0xcfcfcfcf,
0xcfcfcfcf, 0xcfcfcfcf, 0xcfcfcfcf, 0xcfcfcfcf, 0xcfcfcfcf, 0xcfcfcfcf, 0xcfcfcfcf, 0xcfcfcfcf,
0xcfcfcfcf, 0xcfcfcfcf, 0xcfcfcfcf, 0xcfcfcfcf, 0xcfcfcfcf, 0xcfcfd5cf, 0xcfcfcfcf, 0xd2d2d2cf,
0xcfcfd2cf, 0xcfcfcfcf, 0xcfcfcfcf, 0xcfcfcfd2, 0xcfcfcfcf, 0xcfd2cfcf, 0xcfcfcfcf, 0xcfcfcfcf,
0xd2cfcfcf, 0xcfcfd2d2, 0xd2d2cfd2, 0xcfd2d5d5, 0xd2d2d2d2, 0xd2d2d2d2, 0xcfd2d2d2, 0xcfd2d2d2,
0xcfcfcfcf, 0xcfcfcfcf, 0xcfcfcfd2, 0xcfcfcfcf, 0xd2cfcfcf, 0xcfd2cfcf, 0xcfcfcfcf, 0xcfd2d2cf,
0xcfcfcfcf, 0xcfd2d2cf, 0xcfcfcfcf, 0xd2d2d2cf, 0xcfcfcfd2, 0xd2d2d2cf, 0xd2cfd2d2, 0xd2d2d2cf,
0xcfcfcfcf, 0xcfcfcfcf, 0xcfcfcfd2, 0xcfcfcfcf, 0xcfcfcfd2, 0xcfcfcfcf, 0xd2cfd2d2, 0xcfcfcfcf,
0xd2cfd2cf, 0xcfcfcfd2, 0xd2d2d2d2, 0xcfcfcfd2, 0xd2d2d2d2, 0xcfcfd2d2, 0xcfd2d2d2, 0xcfcfcfd2,
0xcfcfcfcf, 0xcfcfcfcf, 0xcfcfcfcf, 0xcfcfcfcf, 0xcfcfcfcf, 0xcfcfcfcf, 0xcfcfcfcf, 0xcfcfcfcf,
0xcfcfcfcf, 0xcfcfcfcf, 0xcfcfcfcf, 0xcfcfcfd2, 0xcfd2cfcf, 0xcfcfd2cf, 0xcfcfcfcf, 0xcecfd2cf,
0xcfcfcfcf, 0xd2cfcfcf, 0xcfcfcfcf, 0xd2cfcfcf, 0xcfcfcfcf, 0xcfcfcfcf, 0xcfcfcfcf, 0xcfcfcfcf,
0xcfd2cfd2, 0xcececece, 0xcfd2d2d2, 0xcececece, 0xcfcfcfcf, 0xcececece, 0xcececece, 0xcececece,
0xd2cfd2d2, 0xcecfd2d2, 0xcfd2d2cf, 0xceced1d2, 0xcececece, 0xcececed1, 0xd2cecece, 0xcececed1,
0xcececece, 0xcececece, 0xcecccece, 0xc2cecece, 0xcececece, 0xc2cecece, 0xcececece, 0xc2cecece,
0x8cc0c0ce, 0x4a4a4c8a, 0x8bc2c2ce, 0x4a4c7c7f, 0x808cc2ce, 0x4a4a4c7d, 0x7f8bc2ce, 0x4a4a4a4c,
0x808bc1c2, 0x4a4a4a4a, 0x918b8c8c, 0x4a4a4a4c, 0x84918b8c, 0x4c4a4a7d, 0x91918b92, 0x80809191,
0x7c4a4a4a, 0x8491847c, 0x6f4a4a4a, 0x91917d4a, 0x7d7d7c4a, 0x84847f7d, 0x7c4a4a4c, 0x918b8b84,
0x7f7d7c4a, 0x918b9191, 0x9184847d, 0x7d4c8084, 0x8491917d, 0x7d4c7d7d, 0x84848484, 0x847f7d7d,
0x4a4a4a7c, 0x4a4a4a4a, 0x4a4a4c84, 0x4a4a4a4a, 0x4a4a7c8b, 0x4a4a4a4a, 0x7c7d8b91, 0x4a4c847f,
0x84848b84, 0x847d848b, 0x7d7d847f, 0x7c7f7c83, 0x7d84847d, 0x4c4c7c7d, 0x4a4a4c7d, 0x4c4c4c4a,
0x4a4a4c4c, 0x8a7f7e7c, 0x4c4a4a4a, 0x8a8b8a7f, 0x7f7c4a4a, 0x8ac1c18b, 0xc18b837c, 0x8b8bc1c1,
0x8a7f7e7f, 0x8cc1c18b, 0xc18b7c4c, 0x8c8b8a8b, 0x7f7f837f, 0x8b8b8a8a, 0x7e7c7c7e, 0x8c8c8c8a,
0x7f7e7e7f, 0xc28a8a7f, 0x8a8a8a8a, 0xc1be8c8b, 0xbebebe8c, 0xc2c1bec1, 0xc1c1c1c1, 0xc2c1bec1,
0xbec1be8c, 0x8a8c8c8c, 0x8a8c8c8c, 0x8a8a8a8a, 0x8a8c8c8c, 0x8a8a8a8a, 0x8c8cbebe, 0x8c8a8a8a,
0xc2c2bebe, 0xd1c0c2c2, 0xc0c0bebe, 0xd1d1c0c0, 0xc0c0bebe, 0xd1d1cec0, 0xc2d1c2c2, 0xd1ced1d1,
0xbdc08c8c, 0xccc0c0c0, 0xbe8a8a89, 0xd1cec2c0, 0xc2c08a8a, 0xd1d1d1c2, 0xc2c2be8a, 0xd1d1d1ce,
0xd1d1d1d1, 0xd1ccced1, 0xd1d1d1d1, 0xd1d1ced1, 0xd1d1d1d1, 0xccd1d1d1, 0xd4d4d1d1, 0xd1d1d1d1,
0xd4d4d1d1, 0xd1d1d1d5, 0xd5d5d1d1, 0xd1d1d1d4, 0xd4d4d1d1, 0xccd1d1d1, 0xd4d1d1d1, 0xd1d1d1d1,
0xd1d1d1d1, 0xd1d1d2d2, 0xd1d2d1d1, 0xd1d1d1d1, 0xd1d1d1d1, 0xd2d1d1d1, 0xd1d1d1d1, 0xd2d2d1d1,
0xd2d2d5d1, 0xd1d2d2d1, 0xd1d1d1d1, 0xd1d1d2d2, 0xd1d1d1d1, 0xd2d2d1d1, 0xd1d1d1d1, 0xd2d2d2d2,
0xd0d1d1d1, 0xd1d1d1d1, 0xd1d1d2d1, 0xd1d1d0d1, 0xd1d1d2d2, 0xd1d1d0d1, 0xd2d2d2d2, 0xd1d1d1d1,
0xd2d1d2d1, 0xd0d1d1d2, 0xd1d1d1d1, 0xd0d0d1d1, 0xd2d1d2d2, 0xd0d2d2d2, 0xd1d2d2d2, 0xd0d2d2d2,
0xd0d0d2d0, 0xccccd0d0, 0xd0d2d2d1, 0xd0d0d2d0, 0xd0d2d0d1, 0xccd0d0d0, 0xccd0d0d0, 0xcccccccc,
0xccd0d0cc, 0xcccccccc, 0xd0d0d0cc, 0xd0ccccd0, 0xd2d2d2d0, 0xccd0d2d0, 0xd0d2d0d2, 0xccccd0d0,
0xcccccccc, 0x8e8e8ecc, 0xcccccccc, 0x8e8ecccc, 0xcccccccc, 0x8e8ecccc, 0xcccccccc, 0x8e8e8ecc,
0xcccccccc, 0x8e8e8e8e, 0x8ecccccc, 0x8e8e8e8e, 0xcccccccc, 0x8e8e8e8e, 0x8ecccccc, 0x8e8e8e8e,
0xb8bcd8de, 0xb8b8b8b8, 0xb8bcd8de, 0xb8b8bcb8, 0xbcbcd8de, 0xb8b8b8bc, 0xbcb9d8de, 0xb8b8b8bc,
0xb8b9d8de, 0xb8b8b8b8, 0xb8b8d8de, 0xb8b8b8b8, 0xb8b8d8de, 0xb8b8b8b8, 0xb9b9d8de, 0xb8b8b8b8,
0xb8bcbcb8, 0xbcbcbcb8, 0xb8bcbcb8, 0xbcbcbcb8, 0xb8b8b8b8, 0xbcbcbcb8, 0xb8bcb8b8, 0xbcbcb8bc,
0xb8b8b8b8, 0xb8b8b8b8, 0xb8b8b8b8, 0xb8b8b8b8, 0xb8b8b8b8, 0xb8b8b8b8, 0xb8b8b8b8, 0xb8bcb8b8,
0xbcbcbcbc, 0xb8b8b8bc, 0xbcbcbcbc, 0xb8b8b8bc, 0xbcb8b8bc, 0xb8b8b8bc, 0xb8b8b8bc, 0xb8b8bcbc,
0xb8b8b8b8, 0xb8b8b8b8, 0xb8bcbcb8, 0xb8b8b8b8, 0xb8bcbcb8, 0xb8b8b8b8, 0xbcbcbcbc, 0xb8b8b8b8,
0xb8b8b8b8, 0xb8b8b8b8, 0xb8b8b8b8, 0xb8b8b8b8, 0xb8b8b8b8, 0xb8b8b8b8, 0xb8b8b8b8, 0xb8b8b8b8,
0xb8b8b8b8, 0xbcb8b8b8, 0xb8b8b8b8, 0xbcb8b8b8, 0xb8b8b8b8, 0xbcbcb8b8, 0xb8b8b8b8, 0xbcbcb8b8,
0xbcb8b8bc, 0xd7bcbcbc, 0xbcb8bcbc, 0xbcbcbcbc, 0xbcbcbcb8, 0xbcbcbcbc, 0xbcbcbcbc, 0xbcbcbcbc,
0xbcbcbcbc, 0xbcbcbcbc, 0xbcbcbcbc, 0xbcbcbcbc, 0xb8bcbcbc, 0xbcbcbcbc, 0xb9bcbcbc, 0xb8bcbcbc,
0xb8bcbcbc, 0xb8b8b8b8, 0xb8bcbcbc, 0xb8b8b8b8, 0xb8bcbcba, 0xb8b8b8b8, 0xb8b8bcbc, 0xb8b8b8b8,
0xb8b8b8b9, 0xb8b8b8b8, 0xb8b8b8bc, 0xb8b8b8b8, 0xbcb8b8bc, 0xb8bcb8b8, 0xb8b8b8b9, 0xb8bcb8b8,
0xb8b8b8b8, 0xd7bcb8b8, 0xb8b8b8b8, 0xd7d7b9b8, 0xb8b8b8b8, 0xd7d7bcbc, 0xbcbcb8b8, 0xd7d7bcbc,
0xbcbcbcb8, 0xd7d7bcbc, 0xbcbcbcbc, 0xbcd7bcbc, 0xbcbcb9b8, 0xbcd7bcbc, 0xbcbcb8b8, 0xb9bcbcbc,
0xbcbcd7bc, 0xb8b8b8bc, 0xbcbcbcbc, 0xb8b8b8b9, 0xb9b9bcd7, 0xacacb8b8, 0xb8b8bcd7, 0xacb8b8b8,
0xbcbcbcbc, 0xb8b8b8b8, 0xbcbcbcb8, 0xb8b8b8b8, 0xb8b8b8b8, 0xacacb8b8, 0xb8b8b8b8, 0xacacb8b8,
0xacaca9ac, 0xa9a9acac, 0xacacacb8, 0xacacacac, 0xacacacb8, 0xacacaca9, 0xb5b5acac, 0xa9acacac,
0xb5b8acac, 0xacacacb8, 0xb8b5acac, 0xacacb5b8, 0xb8acacac, 0xb8acb8b8, 0xa9acacac, 0xb8b8acac,
0xacacacac, 0xa0a0a0a9, 0xacb8acac, 0xa1a0a0ac, 0xacb8acac, 0xa0aca0ac, 0xacacacac, 0xacaca9ac,
0xa9a9a9ac, 0xacacacac, 0xa0a0a9ac, 0xacacacac, 0xa9acacac, 0xacacacac, 0xacb5acb8, 0xacacacac,
0xa0a0a0a0, 0xa0aca0a0, 0xacacacac, 0xacaca0a0, 0xacacaca0, 0xacacacac, 0xacacacac, 0xacacacac,
0xacaca5ac, 0xa5a0a1ac, 0xacacacac, 0xacacacac, 0xacacacac, 0xacacacac, 0xb5b5aca0, 0xacacacac,
0xa0a07aa0, 0xa5a5aca5, 0xa0a0a0ac, 0xa5aca5a1, 0xa0a0a0a1, 0xa5a5aca0, 0xa1a1a1a1, 0xa1a5a5a5,
0xa5a5a1a1, 0x7ba1a5ac, 0xa5a5a1a1, 0x7aa1a1a5, 0xa5a5a5a5, 0xa1a1a0a1, 0xa5a5a5a5, 0xa17aa0a1,
0xa5a5a5a5, 0xacaca5a5, 0xa1a1a1a1, 0xa1a1a5a1, 0xa1a1a1a1, 0xa1a1a1a1, 0xa1a1a178, 0xa5a1a1a1,
0xa1a5a57a, 0xa1a17ba1, 0xa1a1a1a1, 0xa1a1a1a1, 0x78a1a1a5, 0xa1a1a17b, 0xa5a1a1a5, 0xa1a1a1a1,
0xa1a1a1a1, 0xa5a5a1a5, 0xa1a1a1a1, 0xa1a1a1a1, 0xa1a1a1a5, 0xa1a1a1a1, 0xa5a5a1a1, 0xa5a5a5a5,
0xaca1a5a5, 0xaca5a5ac, 0xa5a1a17b, 0xacacacac, 0xa1a1787a, 0xa5aca5a5, 0xa17b7879, 0xa1a1a5a1,
0xa5a5a5a5, 0x7b7b7b7b, 0xa1acaca5, 0x7b7b7b7b, 0xa1acaca5, 0x7b7b7ba1, 0xa5a5a5a5, 0x7b7b7ba5,
0xa5a5a5a5, 0x7b7b7ba1, 0xa5a5a5ac, 0xa5a17ba1, 0xa5a5a5a5, 0xa5a57ba5, 0xa5a5a5a1, 0xa5a57ba1,
0x757b7b7b, 0x75757a7b, 0x7b7b7b7b, 0x75757b7b, 0x7b7b7b7b, 0x75757b7b, 0x7b7b7b7b, 0x7b7b7b7b,
0x7b7b7b7b, 0x7b7b7b7b, 0x7ba1a5a5, 0x7b7b7b7b, 0x7b7b7ba5, 0x7b7b7b7b, 0x7b7ba5a5, 0x7b7b7b7b,
0x75767675, 0x756b7575, 0x75757575, 0x75757575, 0x75757575, 0x75757575, 0x7575787b, 0x75757575,
0x7b7b7a7b, 0x78757575, 0x7b7b7b7b, 0x75757575, 0x75787b7b, 0x75757575, 0x757a7b7b, 0x757a7575,
0x75757575, 0x75757b76, 0x757b7b75, 0x757b7b7b, 0x757b7b75, 0x75757575, 0x75757575, 0x75757575,
0x75757575, 0x75757575, 0x75757575, 0x757a7575, 0x75757575, 0x78757575, 0x78787578, 0x7b75757b,
0x75757575, 0x75757575, 0x75757575, 0x75757575, 0x75757575, 0x75757575, 0x75757575, 0x75757575,
0x75757575, 0x75757575, 0x75757575, 0x75757575, 0x75757575, 0x7a757575, 0x78787878, 0x7a787575,
0x78757575, 0x75757575, 0x78757575, 0x7a757878, 0x75757575, 0x78757575, 0x75757575, 0x756b7575,
0x75757575, 0x7a757575, 0x75787575, 0x78787575, 0x78787878, 0x7878787a, 0x787a7b7a, 0x75757578,
0x75757575, 0x75757575, 0x7a787a78, 0x75757575, 0x7a787878, 0x75757578, 0x7b7a7875, 0x75757575,
0x75757575, 0x75757575, 0x75757575, 0x7575787a, 0x7a757878, 0x787a787a, 0x7a787878, 0x7a7b7b7a,
0x75757575, 0x75757675, 0x75757575, 0x75767675, 0x75767575, 0x7a7a7a7a, 0x7a7a7575, 0x7a7a7676,
0x7a757575, 0x7a7a7576, 0x75757575, 0x7a7a7675, 0x75757575, 0x7a7a7a75, 0x7a78787a, 0x7a7a7a7a,
0x75757a75, 0x75757575, 0x76767575, 0x75757575, 0x75757575, 0x75757575, 0x7675767a, 0x75767675,
0x7a7b7a7a, 0x76767676, 0x7a7a7a7a, 0x76767676, 0x7a7a767a, 0x7a7a7a75, 0x7b7b7a7a, 0xa57a757a,
0x7a767575, 0x75757676, 0x76767575, 0x75767676, 0x76757575, 0x76757575, 0x75757575, 0x76757575,
0x75767575, 0x76757575, 0x7a7b7a76, 0x767a7a7a, 0x7a7a7b7a, 0x7a7a7a7b, 0x887a8888, 0x887a7a7a,
0x76757575, 0x75757576, 0x76767675, 0x75767676, 0x76767675, 0x76767576, 0x75757675, 0x76767676,
0x76757676, 0x76767676, 0x7a7a7a7a, 0x767a7a7a, 0x7a887a7a, 0x7a7a7b88, 0x7a7b7a88, 0x887ba588,
0x75757575, 0x76757575, 0x75757575, 0x76757675, 0x76767676, 0x7a757676, 0x76767676, 0x7a767676,
0x76767676, 0x7a7a7a76, 0x7a767676, 0x767a7a76, 0x7a887a7a, 0x7a767a76, 0x7a7a8888, 0x8888887a,
0x76767676, 0x76767576, 0x7675767a, 0x76757576, 0x7676767a, 0x76757676, 0x7a7a7a7a, 0x7676767a,
0x76767a76, 0x76767676, 0x7a767676, 0x7a7a7a7a, 0x887a7a7a, 0x88887a88, 0x88a58888, 0xa5a58888,
0x76757575, 0x76767676, 0x76767676, 0x767a8876, 0x76767676, 0x76767a76, 0x7a7a7676, 0x7a7a7a7a,
0x887a7676, 0x7a7a7a88, 0x88887a76, 0x7a7a7a88, 0x88887a7b, 0x88887a88, 0xa5888888, 0xb2a58888,
0x88767676, 0x7a7a8888, 0x8888887a, 0x88888888, 0x887a7a7a, 0x88888888, 0x88887a7a, 0x88888888,
0x88888888, 0x88a58888, 0x8888a588, 0x88a5b2b2, 0xa5b2a5a5, 0xb2b2b2b2, 0xa5a588a5, 0xa5b2b2b2,
0x7a7a7a7a, 0x8888887a, 0x7a7a7a88, 0x88888888, 0x88888888, 0x88888888, 0x88888888, 0x88888888,
0xa5888888, 0x88888888, 0x8888a5a5, 0x8888a5a5, 0xa5b2a5a5, 0x8888a5a5, 0xa5b2b2b2, 0xb288a5a5,
0x88888888, 0x88888888, 0x88888888, 0x887a88a5, 0x88888888, 0x88888888, 0x88888888, 0x88888888,
0x88888888, 0x888888a5, 0xa5a58888, 0x88888888, 0x88a58888, 0x88888888, 0xa5b288b2, 0xa5888888,
0x76888788, 0x85767685, 0x88888888, 0x88888588, 0x88888888, 0x88888588, 0x88888888, 0x88888888,
0xb2b2b2b2, 0xb2b2b2b2, 0xb2b2a5a5, 0xb2b2b2b2, 0xb2b2a5a5, 0xb2b2b2b2, 0xb2b2b2b2, 0xb2b2b2b2,
0x88888885, 0x85888585, 0x88888888, 0x87888885, 0x88888888, 0x88888888, 0x88888888, 0x88888888,
0xb2b2b2b2, 0x8888b2b2, 0xb2b2b2b2, 0xb2b2b2b2, 0x8888b2b2, 0xb388b2b2, 0xb2b2b2b2, 0xb3b2b2b2,
0x91918887, 0xc8b3b391, 0x87878785, 0xb3c8b391, 0x91878787, 0xc8c8b3b3, 0xb3888788, 0xc8c8c8b3,
0xb3b38788, 0xc8c8c8b3, 0xb3b3b3b3, 0xc8c8c8b3, 0xb3b3b3b3, 0xc8c8c8b3, 0xb3b3c9b3, 0xc8c8c8b3,
0xc3929292, 0xc3c3c3c3, 0xc3c39191, 0xc8c3c3c3, 0xc8c8c8c8, 0xc8c8c8c8, 0xcac8c8c8, 0xc8c8c8ca,
0xcacacac8, 0xcac8cacb, 0xc8c8c8c8, 0xc8c8c8c8, 0xc8c8c8c8, 0xc8c8c8c8, 0xc8c3c3c8, 0xc8c8c8c8,
0xc3c3c3c3, 0xd3d3d3c3, 0xd3c3c3c3, 0xd4d4d4d3, 0xc3c8d4c8, 0xd3d3d3c3, 0xc3d3d4ca, 0xd3d3c3c3,
0xd4d4caca, 0xd4d4d3d3, 0xd3c8c8c8, 0xd5d4d3d3, 0xc8c3c3c8, 0xd4d3c8c8, 0xc8c3c8c8, 0xd3c8c3c3,
0xd3d3d3d3, 0xd5d3d3d3, 0xd3d3d3d4, 0xd3d3d3d3, 0xd3d3d3d3, 0xd3d3d3d3, 0xd3d3d3d3, 0xd3d3d3d3,
0xd3d3d3d4, 0xd3d3d3d3, 0xd4d4d5d5, 0xd3d3d3d4, 0xd3d4d4d4, 0xd3d3d3d3, 0xd3d3d3d3, 0xd3d3d3d3,
0xd3d3d3d5, 0xd3d3d3d3, 0xd3d3d3d3, 0xd3d3d3d3, 0xd3d3d3d3, 0xd3d3d3d3, 0xd3d4d3d3, 0xd3d3d3d3,
0xd3d3d3d3, 0xd3d3d3d3, 0xd3d3d3d3, 0xd3d3d3d3, 0xd3d3d3d3, 0xd3d3d3d3, 0xd3d5d4d3, 0xd3d3d3d3,
0xd3d3d3d3, 0xd3d3d3d3, 0xd3d3d3d3, 0xd3d3d3d3, 0xd3d3d3d3, 0xd3d3d3d3, 0xd3d3d3d3, 0xd3d3d3d3,
0xd3d3d3d3, 0xd3d3d3d3, 0xd3d3d3d3, 0xd3d3d3d3, 0xd3d3d3d3, 0xd3d3d3d3, 0xd3d3d3d3, 0xd3d3d3d3,
0xd3d3d3d3, 0xcfd3d3d3, 0xd3d3d3d3, 0xd3d3d3d3, 0xd3d3d3d3, 0xd3d3d3d3, 0xd3d3d3d3, 0xcfd3d3d3,
0xd3d3d3d3, 0xd3d3d3d3, 0xd3d3d3d3, 0xd3d3d3d3, 0xd3d3d3d3, 0xd3d3d3d3, 0xd3d3d3d3, 0xd3d3d3d3,
0xd3d3cfcf, 0xcfcfcfcf, 0xcfd3cfcf, 0xcfcfcfcf, 0xcfcfcfcf, 0xcfd3cfcf, 0xd3d3d3cf, 0xd3d3cfd3,
0xd3d3d3d3, 0xcfcfcfd3, 0xcfd3cfd3, 0xcfcfcfcf, 0xd3d3d3d3, 0xcfcfd3d3, 0xd3d3d3d3, 0xd3d3d3d3,
0xcfcfcfcf, 0xcfcfcfcf, 0xcfcfcfcf, 0xcfcfcfcf, 0xcfcfcfcf, 0xcfcfcfcf, 0xd5cfcfd3, 0xcfcfcfcf,
0xd5d5cfcf, 0xcfcfcfcf, 0xd5d3cfcf, 0xcfcfcfcf, 0xd3d3d3cf, 0xcfd3d3d3, 0xd3d3d3ce, 0xd3d3d3d3,
0xcfcfcfcf, 0xcfcfcfcf, 0xcfcfcfcf, 0xcfcfcfcf, 0xcfcfcfcf, 0xcfcfcfcf, 0xcfcfcfcf, 0xcfcfcfcf,
0xcfcfcfcf, 0xcfcfcfcf, 0xcfcfcfcf, 0xcfcfcfcf, 0xcfcfcfcf, 0xd3cececf, 0xd3d3d3d3, 0xd3d3d3d3,
0xcfcfcfcf, 0xcfcfcfcf, 0xcfcfcfcf, 0xcfcfcfcf, 0xcfcfcfcf, 0xcfcfd2cf, 0xcfcfcfcf, 0xcfcfd2cf,
0xcfcfcfcf, 0xcfcfcfcf, 0xcfcfcfcf, 0xd3d3d3cf, 0xd3d3d3d3, 0xd3d3d3d3, 0xd3d3d3d3, 0xc3c3d3d3,
0xcfcfcfcf, 0xcfcfcccf, 0xcfcfcfcf, 0xcfcfcfcf, 0xcfcfcfcf, 0xcfcfcfcf, 0xcfd3cfcf, 0xcfcfcecf,
0xd3d3cfcf, 0xcececece, 0xd3d3d3d3, 0x92c2c2c2, 0x929292d3, 0x56908b92, 0x90909092, 0x80808090,
0xcfcf8f8f, 0xcfcfcfcf, 0xcccc8fcc, 0xcfcfcfcf, 0x8f8f8fcf, 0xcfcfcf8f, 0x8f8fcecf, 0xcececc8f,
0x8f8fcece, 0xcece8f8f, 0x54568c8c, 0x89898989, 0x53535353, 0x56565656, 0x7f7f808b, 0x80908b7f,
0xcfcfcfcf, 0xd2cfd2cf, 0xcfcfcfcf, 0xcfcfcfcf, 0xcfcfcfcf, 0xcfcfcfcf, 0xcfcfcfce, 0xcfcfcfcf,
0xcecece8f, 0xcececece, 0x928c898c, 0xc3928c92, 0x80807f8b, 0x90908b80, 0x4f7d8080, 0x90908686,
0xd2d2d2d2, 0xd2d2d2d2, 0xd2d2d2d2, 0xd2d2d2d2, 0xcfcfcfcf, 0xcfcfcfcf, 0xcfcfcece, 0xd5cfd2ce,
0xced3cece, 0xd3d3d3ce, 0xc2c2c2c2, 0xc3c2c3c2, 0x8b908b90, 0x908b9290, 0x86908686, 0x86909180,
0xd2d2d2d5, 0xd2d2d2d2, 0xcfcfd2d2, 0xd2cfcfcf, 0xced2cfcf, 0xcececece, 0xced4d1ce, 0xceced3ce,
0xd3ced3d3, 0x898fced3, 0x92c2c3c2, 0x53898989, 0x7f8b8b8b, 0x7f7f5353, 0x8b919090, 0x7f7f7f7f,
0xcfcfcfd2, 0xcfcfcfcf, 0xcecfcecf, 0xcececece, 0xcececece, 0xcececece, 0xcececece, 0xcececece,
0x8c89898c, 0xc2c28f8f, 0x7e538953, 0x8c898989, 0x8c8b9292, 0x9289898b, 0x807f7f7f, 0x8b898b8b,
0xcfcecfce, 0xceced2cf, 0xcececece, 0xc0cecece, 0xc28fc0c0, 0x8f8a898f, 0x8c8c8fc2, 0x8c898989,
0x5689898c, 0x53535353, 0x8b8c8989, 0x7f7f8b89, 0x8b8b8b8c, 0x807f7f7f, 0x7f7f7f8b, 0x918b807f,
0xcececece, 0xcececece, 0xcec0c08f, 0xc2cecec2, 0xc28fc08f, 0x8a8a898c, 0x8c8c8c8f, 0x8a8c8c8c,
0xc1928989, 0x898cc1c1, 0x92917f7f, 0x8b92928b, 0x91918080, 0x92929291, 0x918b8084, 0xc3c392c3,
0xcececece, 0xc2c2cece, 0xc2c2c0c0, 0x8c8cc2c2, 0xc28f8f89, 0x8b8c8989, 0xc2c2928c, 0x8b928c8b,
0xc1c2928a, 0x7f8b9292, 0x9292928b, 0x7d808b91, 0xc3c39292, 0x808b9192, 0xc3c392c3, 0x9191c3c3,
0x91c1c192, 0x7d7d8491, 0x7d848b8c, 0x4c4c4c7d, 0x4c7f7f7f, 0x7d4c4a4a, 0x4c7d7d7f, 0x7d7d4c4c,
0x4c7d7d4c, 0x7d7d7d4c, 0x7d7d7f7d, 0x7f80807d, 0x7d7d7d7d, 0x91918480, 0x7f7f7f84, 0x91919191,
0x91847d7d, 0x7f7f8084, 0x84847d4a, 0x7d7d8084, 0x84807d4c, 0x7d7f7d80, 0x84848480, 0x7f7f7f80,
0x91919180, 0x8b918484, 0x84879191, 0x91808084, 0x91918791, 0x808b8b84, 0x91b19191, 0x9191c391,
0x4a4a4c7d, 0x7d7c4c4a, 0x4c4c4c7d, 0x8b7f7c4a, 0x4c7d7d7d, 0x8b847d4c, 0x7d7d4c7d, 0x8b8b847f,
0x8b848084, 0x8b848484, 0x918b8b91, 0x8391918b, 0x8b84848b, 0x8b8bb191, 0x91849191, 0x8b8b91b1,
0x8a7f7f7f, 0xc1c1c18c, 0x8b8a8b8b, 0xc1c1c1c1, 0x8b8b8b8b, 0xc1c1c1c1, 0x8c8b8c8a, 0xc1c1c1c1,
0x928c8b7f, 0xc2c1c2c1, 0x8c8b8c8b, 0xc2c2c1c1, 0xc192928b, 0xc2c2c1c1, 0xc18c8b8b, 0xc1c1c2c3,
0xbe8c8cc1, 0x8a8a8a8c, 0x8c8a8b8c, 0x8a8c8cbe, 0xbebe8c8c, 0xc0bebe8c, 0xc2c2c1c1, 0xc0c2c2c0,
0xc2c6c6c2, 0xc2c2c2c2, 0xc2c6c2c2, 0xc2c2c2c2, 0xc2c2c7c2, 0xc2c2c2c2, 0xc2c2c6c2, 0xc2c2c6c6,
0xc0c08c8a, 0xd1d1d1ce, 0xc0c0be8c, 0xd1d1d1d1, 0xd1c0c0c2, 0xd1d1ced1, 0xd1cec2c2, 0xd1ceced1,
0xd1d1cec2, 0xd1d1d1d1, 0xd1d1c2c2, 0xd1d1d1d1, 0xd1cec2c2, 0xd1d1d1d1, 0xd1cec2c2, 0xd1d1d1d1,
0xd1d1d1d1, 0xd1d1d1d1, 0xd1d1d1d1, 0xd1d1d1d1, 0xd1d1d1d1, 0xd1d1d1d1, 0xd4d4d1d1, 0xd1d1d1d1,
0xd4d4d1d1, 0xd1d1d1d4, 0xd1d1d1d1, 0xd1d1d1d1, 0xd4d1d1d1, 0xd1d1d1d1, 0xd4d4d4d1, 0xd1d1d1d1,
0xd2d1d5d1, 0xd1d1d2d2, 0xd1d1d1cc, 0xccd1d2d1, 0xd1d1d1d1, 0xd1d1d1d1, 0xd1d1d1d1, 0xd1d1d1d1,
0xd1d1d1d1, 0xd1d1d1d1, 0xd2d1d1d1, 0xd1d2d2d2, 0xd2d5d2d1, 0xd2d2d2d2, 0xd2d5d5d1, 0xd2d2d2d2,
0xd0d1d1d1, 0xd2d2d2d1, 0xd1d1d1ce, 0xd2d2d2d2, 0xd1d1d1d1, 0xd2d2d2d2, 0xd1d1d1d1, 0xd2d2d2d2,
0xd2d1d2d1, 0xd2d2d2d2, 0xd2d2d2d2, 0xd0d0d1d2, 0xd1d1d2d2, 0xd0d0d0d0, 0xd0d1d1d2, 0xd0d0d2d1,
0xccccccd0, 0xcccccccc, 0xccccd0d0, 0xcccccccc, 0xd0d0d0d2, 0xcccccccc, 0xd0d0d0d2, 0xcccccccc,
0xd2d0d0d2, 0xd2ccccd0, 0xd2d0d0d0, 0xd2ccd0d2, 0xd0d0d0d0, 0xccccd0d0, 0xccccd0d0, 0xccccd0d0,
0x8ecccccc, 0x8e8e8e8e, 0x8ecccccc, 0x8e8e8e8e, 0x8ecccccc, 0x8e8e8e8e, 0x8ecccccd, 0x8e8e8e8e,
0xcccccdd2, 0x8e8e8e8e, 0xcccccdd2, 0x8e8e8e8e, 0xcccccccc, 0x8e8e8e8e, 0xcccccccc, 0x8e8e8e8e,
0xb9b9dbde, 0xb8b8b8b8, 0xb9d7d8de, 0xb8b8b8b9, 0xb9b9d8de, 0xb8b8b8b8, 0xb8b9d8de, 0xb8b8b8b8,
0xb9d7dbde, 0xb8b8b8b8, 0xb9d7dbde, 0xb8b8b8b9, 0xbcd7dbde, 0xb8b8b8b8, 0xb9d7dbde, 0xbcb8b8b8,
0xb8b8b8b8, 0xb8b8b8b8, 0xb8b8b8b8, 0xb8b8b8b8, 0xb8b8b8b8, 0xacb8b8b8, 0xb8b8b8b8, 0xb8b8b8b8,
0xb8b8b8b8, 0xb8b8b8b8, 0xb8b8b8b8, 0xb8b8b8b8, 0xb8b8b8b8, 0xb8b8b8b8, 0xb8b8b8b8, 0xb8b8b8b8,
0xb8bcb8bc, 0xb8b8b8b8, 0xb8b8acb8, 0xb8b8b8b8, 0xb8b8b8ac, 0xb8b8b8b8, 0xb8b8b8b8, 0xb8b8b8b8,
0xb8b8b8b8, 0xb8b8b8b8, 0xb8bcb8bc, 0xb8bcb9b8, 0xbcb9b8b8, 0xbcbcbcbc, 0xb8b8b8b8, 0xbcbcbcb8,
0xb8b8b8ac, 0xbcbcb8b8, 0xb8b8b8b8, 0xbcbcbcb8, 0xb8b8b8b8, 0xbcbcbcbc, 0xbcb8b8b8, 0xbcbcbcbc,
0xbcb8b8b8, 0xbcbcbcbc, 0xb9b8b8b8, 0xbcbcbcb9, 0xbcbcb9b8, 0xb8b9bcb9, 0xbcbcbcbc, 0xb8b8bcbc,
0xb9bcbcbc, 0xbcbcbcb8, 0xbcbcb9bc, 0xbcbcbcb9, 0xbcbcb8bc, 0xb9b9b8b9, 0xb8bcb9bc, 0xb8b8bcbc,
0xbcbcbcbc, 0xb9b9b9bc, 0xbcbcbcbc, 0xbcbcbcbc, 0xbcbcbcb8, 0xbcbcbcbc, 0xb8b8b8b8, 0xb9b8b8b8,
0xb8b8bcbc, 0xb8bcbcb8, 0xb8b8bcbc, 0xbcb9bcb9, 0xb8b8bcb9, 0xbcbcbcbc, 0xbcb9bcb9, 0xbcbcbcbc,
0xbcbcbcbc, 0xbcbcbcbc, 0xbcbcbcbc, 0xbcbcbcbc, 0xbcbcbcbc, 0xbcbcbcbc, 0xbcbcbcb9, 0xbcbcbcbc,
0xb9b8bcb8, 0xb8b8bcbc, 0xbcb9bcbc, 0xb8b8bcbc, 0xbcbcbcbc, 0xb8b8b8bc, 0xbcbcbcbc, 0xb8b8bcbc,
0xbcd7d7bc, 0xb9b9b9bc, 0xbcd7d7bc, 0xbcb9b9bc, 0xbcbcd7d7, 0xbcbcb9bc, 0xb9bcd7d7, 0xb9b8b9b9,
0xb8b8b8b8, 0xacb8b8b8, 0xb8b8b8b8, 0xacb5acac, 0xb8b8b8b8, 0xacacacac, 0xb8b8b8b8, 0xacacb8b8,
0xb8b8b8b8, 0xacacb8b8, 0xb8b8b8b9, 0xacb8b8b8, 0xb8b9bcbc, 0xb8b8b8b8, 0xb8b9bcbc, 0xb8b9b9b8,
0xacacacac, 0xacacacac, 0xaca9a0ac, 0xacacacac, 0xacaca9ac, 0xacacb8ac, 0xacacacac, 0xacacacac,
0xacacb5ac, 0xacacacac, 0xacb5acac, 0xacacacac, 0xb5b8acac, 0xacacacac, 0xb8b8b5b5, 0xacacacb5,
0xb8b5b8b8, 0xb5acb5b5, 0xb5b5b5b5, 0xacb8b8b8, 0xb5acacac, 0xb5b8b5b8, 0xa0aca0a0, 0xb8acacac,
0xacacacac, 0xb5acacac, 0xacacacac, 0xacaca0a0, 0xacacacac, 0xa5aca5a0, 0xacb5acac, 0xa0aca5a5,
0xacacaca0, 0xacb5acb5, 0xa5a0a0ac, 0xacacacac, 0xacacacb5, 0xaca5acac, 0xacacb5b8, 0xa5acacac,
0xb8b8b8b8, 0xa5a5b5b8, 0xb8b8acb5, 0xacacb5b8, 0xacacacac, 0xb8b8b5b5, 0xaca0a0a5, 0xb5b8b5b5,
0xa5acacac, 0xa5a0a1a0, 0xa5aca5ac, 0xa1a1a1a1, 0xa0a1a5ac, 0xa1a1a5a1, 0xa1a5aca5, 0xa1a1a1a5,
0xa5a5aca5, 0xa5a1a5ac, 0xa5acacb5, 0xa5aca5ac, 0xa5b5b5b8, 0xa5a5a5ac, 0xb5b5acb5, 0xa5acacac,
0xa5a1a1a5, 0xa5a1a1a5, 0xa5a5a5a1, 0xaca5a5a1, 0xa1a1a5a1, 0xaca5a1a1, 0xa1a1a5a1, 0xaca5a1a5,
0xa5a5a5a5, 0xb5aca5a5, 0xaca5a5a5, 0xaca5a5ac, 0xa5a5a5a5, 0xaca5acac, 0xa5aca5ac, 0xa5a5aca5,
0xa1a1a1a1, 0xa1a1a1a1, 0x7ba1a5a5, 0xa1a57b7b, 0xa1a5a5a5, 0xa1a1a1a1, 0xa5acacac, 0xa1a5a1a1,
0xacb5acac, 0xacaca5a5, 0xacaca5a5, 0xaca5acb5, 0xaca5a5a5, 0xa5a5acac, 0xa5a5a5ac, 0xa5a5a5a5,
0xa5a5a1a1, 0xa5a5a5a5, 0xa5a5a5a1, 0xa5a5a5a5, 0xa5a57b78, 0xa5a5a5a5, 0xa5a57b7b, 0xa5a5a1a5,
0xa57b7ba5, 0xa5a5a5a5, 0xa5a57ba5, 0xa5a5a5a5, 0xa5a57ba5, 0xa5a5a1a5, 0xa5a5a17b, 0xa57b7ba5,
0x7ba5acac, 0x7b7ba5a1, 0xa17ba5a5, 0x7b7ba1a5, 0xa5a5a1a5, 0xa5a5a5a5, 0xa5a5a17b, 0xa5a1a5a5,
0xa5a5a57b, 0xa17ba5a5, 0xa5a5a5a1, 0x7b7ba5a1, 0x7ba1a17b, 0x7ba1a1a1, 0x7ba5a1a1, 0xa1a5a5a1,
0x7b7b7a7b, 0x75757575, 0x7b7b7a7b, 0x7b7a7b7b, 0xa1a1a5a5, 0x7b7a7b7b, 0xa5a1a1a5, 0xa57ba57b,
0xa5a5a5a5, 0xa5a5a5a5, 0xa1a1a1a5, 0xa5a1a5a5, 0xa5a5a57b, 0x7b7b7ba5, 0xa57ba5a5, 0xa5a17ba5,
0x7b78787b, 0x7a787b7b, 0x7b7b7b7b, 0x7a787a7b, 0xa57b7b7b, 0x7a7a7a7b, 0xa5a5a1a5, 0x7b7b7ba1,
0xa1a5a5a5, 0xa57a7ba1, 0xa5a5a5a5, 0xa57b7ba5, 0xa1a1a1a5, 0x7b7ba5a5, 0xa5a5a5a5, 0xa57ba1a5,
0x7a7a7575, 0x787a7a78, 0x7b7a7a78, 0x7a7b7b7a, 0x7b7ba57b, 0x7b7b7b7b, 0x7ba5a17b, 0xa5a5a57b,
0xa5a57b7b, 0xa5a5a57b, 0x7b7b7b7b, 0xa57ba5a5, 0xa5a57b7b, 0xa5a5a5a1, 0xa5a5a5a5, 0xa5a5a5a5,
0x7b7b7a7a, 0x7875787a, 0x7b7b7b7a, 0x7b7a7a7a, 0xa5a57ba5, 0xa57b7a7b, 0xa5a5a5a5, 0xa5a57b7b,
0xa5a5a57b, 0xa5a5a5a5, 0xa5a57b7b, 0xa5a5a5a5, 0xa5a5a1a5, 0xa5a5a5a5, 0xa5a57ba5, 0xa5a5a5a5,
0x7a7a7a7a, 0x7b7a7a7a, 0x7a7b7b7b, 0x7b7b7a7b, 0x7b7a7a7b, 0x7b7ba5a5, 0xa5a5a5a5, 0x7b7ba5a5,
0xa5a5a5a5, 0xa5a5a5a5, 0xa5a5a5a5, 0xa5a5a5a5, 0xa5a5a5a5, 0xa5a5a5a5, 0xaca5a5a5, 0xb5b5a5a5,
0x7b7a7a7a, 0x7a7a7a7a, 0x7a7a7a7b, 0x7b7b7b7b, 0x7b7b7a7b, 0x7ba588a5, 0xa5a57a7b, 0xa5a5a5a5,
0xa5a5a5a5, 0xa5a5a5a5, 0xa5a5a5a5, 0xa5a5a5a5, 0xa57aa5ac, 0xb5a5a5b5, 0xa57ba5a5, 0xa5a5a5a5,
0x7b7b7b7a, 0xa5887a7b, 0xa57a7b7b, 0x88a57b88, 0xa57a7b7b, 0x7b7b7aa5, 0x7ba5a57a, 0xa5a57a7b,
0x7aa5a5a5, 0xa5a5887a, 0xa5a5a5a5, 0xa5a5a5a5, 0xa5a5a5a5, 0xa5a5a5a5, 0xa5a5a5a5, 0x888888a5,
0xa57a7a7b, 0x887b7a7b, 0x7a887b7b, 0xa5a5887a, 0x7a887a7a, 0x7a7b7a7a, 0x7ba57aa5, 0x887b7a7a,
0x88a5a588, 0xa588a588, 0x7a7b88a5, 0xa5a5a57b, 0x7a7b7ba5, 0x88a5a588, 0x7a7b7b7a, 0x88a5a588,
0x7a7a8888, 0x88888888, 0x7a7a7a7b, 0x88888888, 0x7a88887a, 0x7a7a7a88, 0x88a58888, 0x7a7a7a88,
0xa5a5a5a5, 0x88a5a5a5, 0x88a5a5a5, 0x7a88a5a5, 0x88a588a5, 0x8888a5a5, 0x7a887a7a, 0x88888888,
0x88888888, 0x88888888, 0x7a7a8888, 0x8888887a, 0x887a7a7a, 0xb2888888, 0x7a88887a, 0xa5a57a88,
0x7a7a88a5, 0x88887a88, 0x7a7a8888, 0x88887a88, 0x7a88a588, 0x887a7a88, 0x88a58888, 0x887a8888,
0x88888888, 0xa5887a88, 0x887a7a88, 0x88887a88, 0xa58888a5, 0x88888888, 0xa5a58888, 0x8888a5a5,
0xa588887a, 0x8888a5a5, 0x8888a588, 0x8888a5a5, 0x8888a588, 0xb2a5a5a5, 0x8888a5a5, 0xa5888888,
0xa5b288a5, 0xa5a5a5b2, 0xb2888888, 0x8888b2b2, 0xa57a8888, 0xa58888a5, 0x887a8888, 0xa5a58888,
0x88888888, 0xa5a58888, 0xa5a5a588, 0x88a5a5b2, 0x888888a5, 0x88888888, 0xb2a5a4a5, 0x88a5b2a5,
0xa4888888, 0xb2b2b2b2, 0x88888888, 0xa5a5b2a5, 0x7aa5b2a5, 0x88a5a588, 0x88888888, 0x88888888,
0x88888888, 0xa5888888, 0x88a588a4, 0xb2b2b2b2, 0x8888a488, 0xb2b2a5a4, 0x88a5b2a5, 0xa5a4a5a4,
0xb2b2b2b2, 0xb2a588b2, 0x8888a5a5, 0x88a5a5a5, 0x88888888, 0xa5888888, 0x88887a88, 0x88888888,
0x887a7a88, 0x88888888, 0x88888888, 0x8888a588, 0xa58888a5, 0xa5b2b2b2, 0x88a5a5a5, 0xa5888888,
0xb288a5b2, 0x888888b2, 0xb28888a5, 0x8888a5b2, 0xa5a5a5a5, 0x88888888, 0xa5888888, 0x88888888,
0x88888888, 0x88888888, 0x88888888, 0x88888888, 0x88888888, 0x88888888, 0xa58888a5, 0x88888888,
0xb2b28888, 0xb2b2b2b2, 0x88a58888, 0xb2b2b288, 0x88888888, 0x88888888, 0x88888888, 0x88888888,
0x88888888, 0xb2888888, 0x88888888, 0xb2888888, 0x8888b288, 0xb2b28888, 0x88b2b288, 0x88888888,
0xb2b2b2b2, 0x888888b2, 0x888888b2, 0x88888888, 0x88888888, 0x8788b288, 0x88b28888, 0x8888b2b2,
0xb28888b2, 0xb3b3b3b2, 0x888888b2, 0xb2b2b2b2, 0x88888888, 0xb3b2b3b2, 0xb2b28888, 0xb2b2b3b2,
0xb3b3b388, 0xb1b3b3b3, 0xb3b3b3b3, 0xb19191b3, 0xb3b38887, 0xc8b3b3b3, 0xb3878888, 0xb3b3b3b3,
0xb3b3b2b3, 0x91b3c8c8, 0xb3b3b3b3, 0x91b3b3b3, 0xb3b3b3b3, 0xb3b3b3b3, 0xb3b3b3b3, 0xb3b3b3b3,
0xc3c3c3b1, 0xc3c3c3c3, 0x9292c3c8, 0x92929292, 0xc3c391c8, 0xc3c3c3c8, 0x92919191, 0x929292c3,
0x91c3c891, 0x92919191, 0x9191b3b3, 0x92919191, 0xb39191b3, 0xc8c8b3b3, 0x9191b3b3, 0xc8c8b3b3,
0xc3c3c3c3, 0xc3c8c3c3, 0x92c39292, 0x9292c3c3, 0xc3c3c3c3, 0x9292c3c3, 0xc3c8c3c3, 0x92929292,
0x92c3c392, 0x90919292, 0xc89292c8, 0xc8929191, 0xc8c8c8c8, 0xc8c8c8c8, 0xc8c8c8c8, 0xb3c8c8c8,
0xc392c3c3, 0xd3d3d3d3, 0x92929292, 0xc3929292, 0xc8c8c8c8, 0x9292c8c8, 0xc8c8c8c8, 0x9191b3c8,
0xc8b3b391, 0xb3b3b3b3, 0xb3b390b3, 0x90b39090, 0xb3b3b3c8, 0xb3b3b3b3, 0xb3b391b3, 0x9091b3b3,
0xd3d3d3d3, 0xd3d3d3d3, 0xc3c3c3c3, 0xd3d39292, 0x90909092, 0x90929090, 0x90868690, 0x86868686,
0x86868690, 0x86868686, 0x86868686, 0x86868686, 0x86868686, 0x86908686, 0x86868686, 0x86868686,
0xd3d3d3d3, 0xd3d3d3d3, 0xd3d3d3d3, 0x929292c3, 0x90909090, 0x90909091, 0x90868686, 0x86868691,
0x86908686, 0x86909086, 0x86869086, 0x91909086, 0x90908690, 0xb3919086, 0x86868686, 0x91868686,
0xd3d3d3d3, 0x9292d3d3, 0x92929292, 0x80909092, 0x86868686, 0x86868686, 0x86868686, 0x86868686,
0x86868686, 0x90868690, 0x90868691, 0x909090b3, 0x9090b3b3, 0x90908686, 0x868690b3, 0x86868686,
0xd3d3d3d3, 0xd3d3ced3, 0x92929292, 0x92929292, 0x90908686, 0x80808690, 0x86868686, 0x4f4f4f4f,
0x86868686, 0x4f869090, 0x90868690, 0x869090b3, 0x86868686, 0xb3b39086, 0x86909086, 0xb3b3b390,
0xd3d3d3d3, 0xd3d3d3d3, 0x92929292, 0x92c3c392, 0x90909090, 0x91909090, 0x86868686, 0x91908686,
0x8686864f, 0x90908686, 0x90908686, 0x90909090, 0x91b39090, 0x90909091, 0x909186b3, 0x90909091,
0xd3c3c3d3, 0x929292c3, 0x92919292, 0x91909092, 0x90909090, 0x90909090, 0x91919191, 0x91919090,
0x91909090, 0x90919191, 0x91919191, 0x90909090, 0x91c89291, 0x90909190, 0x91919190, 0x9091c8b3,
0x92929292, 0x92909092, 0x90909092, 0x90908690, 0x90909090, 0x90909086, 0x86909090, 0x90909190,
0x90909090, 0x91919086, 0x91909090, 0x91919191, 0x91919191, 0x91919191, 0x91919191, 0x91919191,
0x90909091, 0x80808086, 0x86868690, 0x4f808686, 0x86869091, 0x80808686, 0x90919091, 0x86869191,
0x91919191, 0x91909090, 0x91919191, 0x91919191, 0x91919191, 0x86919191, 0x91c89190, 0x91919091,
0x7f7f8080, 0x86907f7f, 0x80808080, 0x90908080, 0x86808686, 0x91868686, 0xc8868686, 0x91919192,
0x92919091, 0x91919192, 0x86919191, 0x86919191, 0x86909186, 0x91919191, 0x86919191, 0x91919186,
0x864f8686, 0x91919091, 0x91919186, 0x91919191, 0x91919190, 0x90919190, 0x86869191, 0x86909086,
0x86869191, 0x91919190, 0x91919090, 0x92919190, 0x91919191, 0xc8919091, 0x91919191, 0x91919191,
0x86869090, 0x91919191, 0x86869091, 0x91919086, 0x86919186, 0x91919186, 0x91919191, 0x91919191,
0x91919191, 0x91919191, 0x91919191, 0x91919191, 0x91919191, 0x91919186, 0x87918686, 0x87878786,
0x91919191, 0x80808080, 0x91919191, 0x86919191, 0x86879191, 0x91868686, 0x87869191, 0x91879191,
0x91879191, 0x91919191, 0x91919191, 0x91919191, 0x91918791, 0x91919191, 0x87918791, 0x91919187,
0x80807f80, 0x8080808b, 0x80808080, 0x918b8b8b, 0x92919191, 0xc3c89192, 0x91919191, 0xc3c89191,
0x86869191, 0x91919191, 0x91919191, 0x91919191, 0x91918791, 0x91919191, 0x91919191, 0x91919187,
0x7f7f7f80, 0x808b9180, 0x918b8091, 0x80919184, 0x91919191, 0x91919191, 0xc3929191, 0x91919191,
0x91919191, 0x91919191, 0x91919191, 0x91919191, 0x91919191, 0x91919191, 0x91919191, 0x91919191,
0xc1919191, 0x92c3c3c3, 0x91919184, 0xc3c3c391, 0x91919180, 0xc8c3c3c3, 0xc391c191, 0xc3c3c3c3,
0xc391c3c3, 0xc3c1c191, 0xb1b191c3, 0xc3c3c3b1, 0x91b1b191, 0xc3c3c391, 0xc3c3b191, 0x91929291,
0xc3c392c3, 0x91919291, 0xc3c3c3c3, 0x91c3c392, 0xc3c3c3c3, 0x9191c3c3, 0xc3c8c3c3, 0x9191c3c3,
0xc3c3c3c3, 0x9191c3c3, 0xc3c3c3c3, 0x9191c3c3, 0xc3c3c3c3, 0x91c3c3c3, 0xc3c39191, 0x91c3c3c3,
0x84807f80, 0x84809191, 0x91848080, 0xb1848491, 0x84849184, 0xb1b1918b, 0x91849191, 0x91b191b1,
0xb1919191, 0x91b1b1c3, 0x91849191, 0x919191b1, 0x84808491, 0x91849191, 0x91919191, 0x91919191,
0xb1918784, 0x91b1b1b1, 0xb1b1b1b1, 0x91919191, 0xc3b19191, 0x91b19191, 0xb1919184, 0x91919191,
0xb1918791, 0x91918791, 0x919191b1, 0x87879191, 0x91b1b191, 0x84848487, 0x91b1b1b1, 0x84848487,
0x91849191, 0x8b8b9191, 0x848491b1, 0x91919191, 0x918b9191, 0x91919184, 0x91879191, 0x848b8480,
0x84919191, 0x8b848480, 0x84879187, 0x84808080, 0x84878784, 0x84848080, 0x84878784, 0x80848084,
0xc1c18b8b, 0xc2c1c2c2, 0xc1c1c191, 0xc2c2c1c1, 0xbec19292, 0xc2c1c1c1, 0x8c8b8b8b, 0xc2c1c1be,
0xc18b8b8b, 0xc1c1c1c1, 0xc18c8b8b, 0xc1bebec1, 0xc1c18b8b, 0xc1c1c1c1, 0xc1c18b84, 0xc1c1c1c1,
0xc2c1c2c1, 0xc2c2c2c2, 0xc2c2c2c2, 0xd1c6c2c2, 0xc7c7c2c2, 0xc6c6c6c6, 0xc6c6c2c2, 0xc2c6c6c6,
0xc2c2c2c1, 0xc2c6c2c2, 0xc2c2c1c1, 0xc2c6c2c2, 0xc6c2c1be, 0xc2c2c6c6, 0xc6c2c1c1, 0xc2c2c7c7,
0xd1d1c2d1, 0xd1d1d1d1, 0xd1d1d1d1, 0xd1d1d1d1, 0xd1d1d1d1, 0xd1d1d1d1, 0xd1d1d1c2, 0xd1d1d1d1,
0xd1d1d1c2, 0xd1d1d1d1, 0xd1d1d1c2, 0xd1d1d1d1, 0xd1d1d1c2, 0xd1d1d1d1, 0xd1d1cec2, 0xd1d1d1d1,
0xd1d1d4d4, 0xd1d1d1d1, 0xd1d1d1d1, 0xd1d1d1d1, 0xd1d1d1d1, 0xd1d1d1d1, 0xd1d1d1d1, 0xd1d4d4d1,
0xd1ced1d1, 0xd1d5d1d1, 0xd1d1d1d1, 0xd2d5d1d1, 0xd1d1d1d1, 0xd2d5d4d4, 0xd1d1d1d1, 0xd2d1d1d1,
0xd2d2d2d1, 0xd1d2d1d1, 0xd1d1d1d1, 0xd1d1d1d1, 0xd1d1d2d1, 0xd1d1d1d1, 0xd2d2d1d1, 0xd1d1d1d2,
0xd2d2d2d2, 0xd2d1d2d2, 0xd2d2d2d5, 0xd2d2d2d2, 0xd2d2d2d2, 0xd2d2d2d2, 0xd2d2d1d2, 0xd2d2d2d2,
0xd1d1d1d1, 0xd0d0d2d2, 0xd1d1d1d1, 0xd0d1d2d1, 0xd1d1d2d1, 0xd2d2d2d2, 0xd2d2d2d2, 0xd2d2d2d2,
0xd2d2d2d2, 0xd2d2d2d2, 0xd2d2d2d2, 0xd2d2d2d2, 0xd2d2d2d2, 0xd2d2d2d2, 0xd2d2d2d2, 0xd2d2d2d2,
0xccd0d0d0, 0xccccd0d0, 0xd0d0d0d0, 0xccd0ccd0, 0xccccd0d0, 0xccccccd0, 0xd0cccccc, 0xcccccccc,
0xd0d0ccd0, 0xd2d2d0d0, 0xd2d0d0d2, 0xd2d2d2d2, 0xd0d0d0d2, 0xd0ccccd0, 0xd2d2d0d2, 0xccccccd0,
0x8ecccccc, 0x8e8e8e8e, 0x8ecccccc, 0x8e8e8e8e, 0x8ecccccc, 0x8e8e8e8e, 0xcccccccc, 0x8e8e8e8e,
0x8ecccccd, 0x558e8e8e, 0x8ecccccc, 0x8e8e8e8e, 0x8ecccccc, 0x8e8e8e8e, 0x8ecccccc, 0x8e8e8e8e,
0xb8b9dbde, 0xb8b8b8b8, 0xb9d7dbde, 0xb8b8b8b8, 0xb9d7dbde, 0xb8acacb8, 0xb9d7dbde, 0xb8b8b8b9,
0xb9d7dbde, 0xb8b8b8b9, 0xbcd7dbde, 0xb8b8bcb9, 0xbcd7dbde, 0xb8b8b9b9, 0xb9d6dbde, 0xbcb8b9b9,
0xbcb8b8b8, 0xb8b8b8b8, 0xb8b8b8b8, 0xb8b8b8b8, 0xb8b8b8b8, 0xb8acb8b8, 0xb8b8b8b8, 0xacacacb8,
0xb8b8b8b8, 0xb8b8b8b8, 0xb8b8b8b8, 0xb8b8b8b8, 0xb9b8b8b8, 0xbcbcbcbc, 0xbcb9b9bc, 0xb8b9b8bc,
0xb8b8b8b8, 0xbcbcb8bc, 0xb8b8b8b8, 0xb8b8acb8, 0xacb8b8b8, 0xb8b8b8b8, 0xb8b8b8b8, 0xb8b8b8b8,
0xb8b8b8b8, 0xb8b8b8b8, 0xb8b8b8b8, 0xb8b8b8b8, 0xb8b9bcb9, 0xb8b8b8b8, 0xbcbcb9b8, 0xbcb9b9bc,
0xbcb9bcbc, 0xb8b9bcbc, 0xbcb8b8b8, 0xbcbcb9bc, 0xbcb8b8ac, 0xbcb9b8b9, 0xb8acb8b8, 0xb8b8b8b8,
0xb8b8b8b8, 0xb8b8b8b8, 0xb8b8b8b8, 0xb8b8b8b8, 0xb8b9bcbc, 0xb8b8b8b8, 0xb9b9bcbc, 0xbcbcbcbc,
0xb8b8b8b8, 0xb8b8acb8, 0xb8b8bcbc, 0xb8b8b8b8, 0xb8b8b8bc, 0xb8b8b8b8, 0xb8b8b8b8, 0xb8b8b8b8,
0xb8acacb8, 0xb8b8b8b8, 0xb8b8acb8, 0xb8b8a9b8, 0xb8b8b8b8, 0xb8b8b8b8, 0xb8b8b9bc, 0xb8b8b8b8,
0xb9bcbcb9, 0xbcbcbcbc, 0xb9b8b8b8, 0xbcbcbcbc, 0xb9b8b8b8, 0xbcbcbcb8, 0xb8b8b8b8, 0xb8b8b8b8,
0xb8b8b8b8, 0xb8b8b8b8, 0xb8b8b8b5, 0xb8b8b8b8, 0xb8b8b8b8, 0xb8b8b8b8, 0xb8b9b8b8, 0xb5b8b8b8,
0xb8bcbcbc, 0xb9b8b8b9, 0xb8b9bcbc, 0xbcb8b8b8, 0xb8b8b8b9, 0xbcb8b8b8, 0xb5b5acb8, 0xb8b8b5b5,
0xacacacb8, 0xacacacac, 0xb5b5b8b8, 0xacb5b8ac, 0xacacacb5, 0xacacb8b8, 0xb8b5b5ac, 0xb5b5acb5,
0xb8b8b9bc, 0xb8b8b8b8, 0xb8b9b9bc, 0xb8b8b8b8, 0xb8b8b8b8, 0xb8b8b8b8, 0xb8b8b8b8, 0xb9b8b8b8,
0xb8b5b5b5, 0xb8acb5b8, 0xb5acacac, 0xb5acacac, 0xacacb8b8, 0xb5acacac, 0xb8b5b8b8, 0xacaca5ac,
0xb5b8b5b8, 0xacacacac, 0xb5b8b8b8, 0xacb5b8ac, 0xb5b8b8b8, 0xb5acb8b8, 0xb8b8b9b9, 0xb5b5b5b8,
0xb5b8b8b9, 0xb5b5b5b5, 0xacacb5b8, 0xacacacb5, 0xaca5b5b5, 0xa4acacac, 0xb5acacb5, 0xa5a5a4ac,
0xacb8b5ac, 0xacacacac, 0xacacb5b5, 0xa5a5acac, 0xb5b5b5b5, 0xa5acb5b5, 0xb5b5b5b5, 0xacacb5b5,
0xb5acacac, 0xb5a5a5b5, 0xacaca5ac, 0xa5aca5a5, 0xa5a5a5a4, 0xa5a5a5a5, 0xa5a5a5a4, 0xa4a5a5a5,
0xb5aca4a5, 0xb5aca5b5, 0xb5acacac, 0xa5a5b5ac, 0xa5a5a5a5, 0xb5b5b9b5, 0xb5b5b5a5, 0xb5b5b6b5,
0xb5b5b5b5, 0xb5b5b6b5, 0xa5b5b5b5, 0xa5b5b5ac, 0xb5a5a5b5, 0xa5a5acb5, 0xa5a5a4a4, 0xb5a5a5ac,
0xb5b8b5b5, 0xb5b5b5b5, 0xacb5b5b5, 0xa5a5a5a5, 0xaca5acb5, 0xa5aca5b5, 0xa5b5b5b5, 0xa5a5a5a5,
0xa5b5b5ac, 0xa5a5a5a5, 0xa5a5acac, 0xa5a5a5a5, 0xa5a5acb5, 0xa5a1a1a1, 0xa5a5a5a5, 0x7ba1a5a1,
0xa5a5a5b5, 0xa5a5a5a5, 0xa5a5acac, 0xa5a5a5a5, 0xaca5a1a5, 0xa5a1a1a5, 0xa5a5a5a5, 0xa1a5a1a1,
0xa5a5a5a5, 0xaca5a5a1, 0xaca5a5a5, 0xa5a5a5a5, 0xa5a5a1a5, 0xa5a5a17b, 0xa5a5a1a1, 0xa1a5a5a1,
0xa5a5a5a5, 0xa1a1a5a5, 0xa5a5a5ac, 0x7b7ba5a5, 0x7ba5a5a5, 0x7ba1a1a5, 0xa1a5a5a5, 0xa5a5a5a5,
0xa5a5a5a5, 0xa1a1a5a5, 0xa1a5a5a5, 0xa17ba5a5, 0xa5a5a5a5, 0xa5a5a5a5, 0xa5a5a5a5, 0xa5a5a1a5,
0x7b7ba1a1, 0x7ba17b7b, 0xa1a1a5a1, 0xa57ba1a5, 0x7ba5a5a5, 0xa5a5a5a1, 0xa5a5a1a5, 0xa5a1a5a5,
0xa5a5a1a5, 0xa5a5a17b, 0x7ba17b7b, 0xa5a5a5a1, 0x7b7b7ba5, 0xa5a17b7b, 0xa5a17b7b, 0xa5a57b7b,
0x7b7ba17b, 0x7b7ba5a5, 0xa57b7ba5, 0x7a7b7a7b, 0x7b7b7ba5, 0xa1a17b7b, 0x7b7ba1a1, 0x7ba5a5a5,
0xa5a5a5a5, 0xa57ba5a1, 0x7b7ba1a1, 0xa5a5a57b, 0xa57b7ba1, 0xa5a5a5a5, 0xa5a17ba5, 0xa5a1a5a5,
0xa5a5a1a1, 0x7ba5a1a1, 0xa1a17b7b, 0x7ba1a5a5, 0x7b7b7b7b, 0xa5a5a57b, 0xa5a57b7a, 0xa5a5a57b,
0xa5a57ba1, 0xa5a5a5a5, 0xa5a1a5a5, 0xa5a5a5a5, 0x7aa5a5a5, 0xa5a5a17b, 0xa5a5a5a5, 0xa5a5a5a5,
0xa5a5a17b, 0xa57b7ba1, 0xa17b7b7b, 0x7b7b7b7b, 0xa5a5a5a5, 0x7b7b7ba5, 0xa5a57ba1, 0xa5a5a5a5,
0xa5a5a5a5, 0xa5aca5a1, 0xa5a5a5a5, 0xa5a5a5a5, 0xa5a5a5a5, 0xa5a5a5a5, 0xa5a5a57b, 0xa5a5a5a5,
0xa5a5a5a5, 0x7b7ba5a5, 0xa5a5a57b, 0x7ba5a5a5, 0xa5a5a57b, 0xa5a5a5a5, 0xa5a5a5a5, 0xa5a5a5a5,
0xa5a5a5a5, 0xa5a5a5a5, 0x7ba5a5a5, 0xa5a5a5a5, 0xa5a5a5a5, 0xa5a5a5a5, 0xa5a5a5a5, 0xa5a5a5a5,
0xa5a5a5a5, 0xa5aca5a5, 0xa5a5a5a5, 0xa5b5b5a5, 0xa5a5a5a5, 0xa5a5a5a5, 0xb5b5a5a5, 0xa57a7ba5,
0xa5b5a5a5, 0xa5a5a5a5, 0xa5a5a5a5, 0xa5a5a5ac, 0xb5a5a5a5, 0xa5a5b5b5, 0xaca5a5a5, 0xa5a5a5b5,
0xa5a5a5a5, 0xa5a5a5a5, 0xa5a57aa5, 0xa5a5a5a5, 0xa5a5a5a5, 0xa5a5a5a5, 0xa5a5a5a5, 0xa5a5a5a5,
0xa5a5a5a5, 0xa5a5a5ac, 0xa5a5a5a5, 0xa5a5a5a5, 0xa5a5a5a5, 0xa5a5a5a5, 0xa5a5a5a5, 0xa5a5a5a5,
0xa5a5a5a5, 0xa5a5a5a5, 0xa5a5a5a5, 0xa5a5a5a5, 0xa5a5a5a5, 0xa5a5a5a5, 0xa5a5a5a5, 0xa5a5a5ac,
0xa5a5a5a5, 0xa5a5a5a5, 0xa5a5a5a5, 0xa5a5a5a5, 0xa5a5a5a5, 0xa5a5a5a5, 0xa5a5a5a5, 0x88a5a5a5,
0xa5a5a5a5, 0x7ba5a5a5, 0xa5a5a5a5, 0x7ba5a5a5, 0x7ba5a5a5, 0x7a7b7a7a, 0x7ba5a5a5, 0x7b887b7b,
0xa5a5a5a5, 0xa588a5a5, 0xa5a5a5a5, 0xa5a5a5a5, 0xa5a5a5a5, 0xa5a5a5a5, 0xa5a5887a, 0xa5a5a5a5,
0xa57b8888, 0xa5a5a5a5, 0xa5a57b7a, 0xa5887aa5, 0xa5a5887a, 0x887a88a5, 0xa5a5a57a, 0xa5a5a5a5,
0x88a5a5a5, 0xa5a58888, 0x7aa5a5a5, 0xa5a5887a, 0x7a7aa5a5, 0xa5a57a88, 0x7a88a5a5, 0xa58888a5,
0x88887a88, 0x8888a588, 0xa5887a7a, 0x8888a588, 0xa5a5887a, 0x88888888, 0x887a88a5, 0x88a58888,
0xa5a5a5a5, 0x88a58888, 0xa5b2a5a5, 0xa5a5a5b2, 0xa5a5a5a5, 0x88a5a5a5, 0xa5a5a5b2, 0xa5a5a588,
0x88a58888, 0xa5a5b2a5, 0xa5b2a588, 0xa5a5a5b2, 0xb2b2a5a5, 0xa5a5b2b2, 0xa5a5a588, 0xb2b5b2b2,
0xa5a5b2a5, 0xb2b6b2a5, 0xa5b2a5a5, 0xb2b5b2a5, 0xa5b2a5a5, 0xb2b2a5a5, 0xa5b2b2b2, 0xb2b2b2b2,
0x8888a5a5, 0xa5a588a5, 0x8888a5a5, 0x88888888, 0xa5b2b2b2, 0xa488a588, 0xa5a5b2b2, 0x88a5a5a5,
0xa5a58888, 0x88a5a588, 0xa588a5a5, 0xb2a5a5a5, 0xb2a5b2b2, 0xb2b2a5a5, 0xb2b2b2b2, 0xb2b5b2b2,
0xb2a5a4a4, 0xa488b2b2, 0xb2a48888, 0xa5b2b2b2, 0xb2b28888, 0xa4b2b2b2, 0xb28888a5, 0xb2b2b2b2,
0xb2a4a4a4, 0xb6b3b6b2, 0xb2b2b2b2, 0xb6b3b6b2, 0xb3b2b2b2, 0xb3b6b6b6, 0xb3b2b2b2, 0xb6b6b6b6,
0x8888a5b2, 0xb2b2b288, 0x88a4b2b2, 0xa5b2b2a4, 0xb2b2b2b2, 0xb3b3b3b3, 0xb3b3b2b2, 0xb6b3b6b6,
0xb3b3b3b6, 0xc9c9b3b6, 0xb6b3b3b3, 0xd6d6b6c9, 0xc9b6b3b3, 0xc9c9b6c9, 0xb6b6b6b6, 0xc9c9c9b6,
0xb2a5b2b2, 0x888888b2, 0x88a588b2, 0xa5b2b2b2, 0xa5b2b2b2, 0xb2b28888, 0x88b2b2b3, 0xb2b288b2,
0xb6c9d6d6, 0xb2b2b2b2, 0xc9c9c9d6, 0xb6b6b6b6, 0xb6c9d6d6, 0xb2b6b6c9, 0xb6c9c9c9, 0xb2b6c9c9,
0xb2b2a5a5, 0xb2b2b288, 0xb2b28888, 0xb2b2b2b2, 0xb2b2b2b2, 0xb2b2b2b2, 0xb2b2b2b2, 0xb2b2b2b2,
0xb2b2b2b5, 0xb2b2b2b3, 0xb3b6b6b6, 0xb6b6b3b6, 0xb6b6b6b6, 0xb6b6b6b6, 0xb6b6b6b6, 0xb3b6b6b3,
0x8888b2b2, 0x88888888, 0xb288b2b2, 0x888888b2, 0x8888b2b2, 0x88888888, 0x88b2b2b2, 0xb2b2b288,
0xb2b3b3b3, 0xb3b2b2b2, 0xb3b6b6b6, 0xb6b3b3b3, 0xb6b6b6b6, 0xb6c9b6b6, 0xb3b6b6b3, 0xb6b6b6b6,
0xb3b3b288, 0xb2b3b3b3, 0xb2b2b288, 0xb3b3b3b3, 0xb2b2b2b2, 0xb3c9b3b3, 0xb3b3b2b2, 0xb6b6b3b3,
0xb3b3b3b3, 0xb6b6b3b3, 0xb6b6b6b6, 0xb3b6c9b6, 0xc9c9b6b6, 0xc9b6c9c9, 0xc9c9b6b6, 0xb6c9b6c9,
0xb3b3b3b3, 0xb3b3b3b3, 0xc9b3b3b3, 0xb3b3c8b3, 0xb3b3b3b3, 0xb3b3b3b3, 0xb3b3b3b3, 0xb3b3b3b3,
0xb3b3b3b3, 0xb3b3b3b3, 0xc8b3b3b3, 0xb3b3c8b3, 0xb3b3b3b3, 0xb3c8c8b3, 0xb3b3b3b6, 0xc8b3c8b3,
0xb391b3b3, 0xc8c8b3b3, 0xb3b3b3b3, 0xb3b3b3b3, 0xb3b3b3b3, 0xb3c8c8b3, 0xb3b3b3b3, 0xb3b3b3b3,
0xb3b3b3b3, 0x91b3b3b3, 0xb3b3b3c8, 0xb3b3b3b3, 0xb3b3c8c8, 0xb3b3b3b3, 0xb3b3b3c8, 0xb3b3b3b3,
0x91b3c8c8, 0xb3b3c8c8, 0xb3b3c8c8, 0xb3b3b3b3, 0xc8b3c8c8, 0x91b391b3, 0x91b3b3b3, 0x91b3b391,
0xb39191b3, 0xb391b391, 0xc8b391b3, 0xb3b3b3b3, 0xb3b3b3b3, 0xb3b3b3b3, 0xb3b3b3b3, 0xc8c8c8c8,
0x868690b3, 0x86869091, 0xb3b3b3b3, 0x868686b3, 0x868691b3, 0x86908686, 0x91868691, 0x86868690,
0x91919091, 0x86908691, 0xb391b391, 0x869087b3, 0xb3b3b3b3, 0x90b39191, 0xb3c8c8c8, 0x91b39191,
0x86868686, 0x86868686, 0x4f868686, 0x86868686, 0x4f868686, 0x86868686, 0x4f868686, 0xb3b38686,
0xb390b390, 0x909090b3, 0xb3b39186, 0x868690b3, 0xb3b3b391, 0x868690b3, 0x9191b391, 0x90909090,
0x86868686, 0xb3908686, 0x86868686, 0x90909086, 0x86868686, 0x90868686, 0xb3909090, 0xb3b39090,
0xb3908686, 0x8691b3b3, 0xb3b38686, 0xb39091b3, 0x90b39090, 0xb391b3b3, 0xb3909090, 0xb3b3b3b3,
0x868690b3, 0x86868686, 0x86868686, 0x86909086, 0x86909090, 0x86b3b3b3, 0x90b3b390, 0x86b39090,
0x86868686, 0xb3868686, 0x86b3b3b3, 0xb386b3b3, 0x86b3b3b3, 0x8686b3b3, 0x86b3b3b3, 0x8686b391,
0x8690b386, 0x90869090, 0x90b3b386, 0x86868686, 0x90b39086, 0x86868686, 0x86909086, 0x90868686,
0xb39090b3, 0x86868690, 0xb38686b3, 0x86868691, 0x87868687, 0x4f868686, 0x868686b3, 0x4f4f8585,
0x91908690, 0x91919091, 0xb3908686, 0x90909091, 0xb3868686, 0x908686b3, 0x90869086, 0x9090b3b3,
0x86b3b386, 0x8586b3b3, 0x86869186, 0x4f4f8691, 0x854f8686, 0x4f4f8586, 0x4f4f4f4f, 0x85854f4f,
0x90909090, 0x9090b3b3, 0x90868690, 0x90919190, 0x86869091, 0x90919186, 0x4f868691, 0x90919186,
0x86854f4f, 0x85868686, 0x854f4f4f, 0x4f4f4f4f, 0x8685854f, 0x85854f85, 0x87858585, 0x85858587,
0x91919091, 0x91919190, 0x91919090, 0x91919191, 0x91868686, 0x86919191, 0x86868691, 0x86868686,
0x8586854f, 0x85858585, 0x85854f4f, 0x8585854f, 0x4f4f4f4f, 0x8585854f, 0x4f4f8585, 0x85868585,
0x86919090, 0x86868686, 0x86868686, 0x86868686, 0x854f8586, 0x4f858585, 0x854f8585, 0x4f858585,
0x4f4f8585, 0x85854f4f, 0x4f4f8585, 0x4f854f4f, 0x4f4f8585, 0x85854f4f, 0x85858585, 0x85858585,
0x87868687, 0x91919186, 0x86868686, 0x87918787, 0x85858585, 0x85878686, 0x4f4f854f, 0x4f86854f,
0x4f4f4f4f, 0x4f4f854f, 0x4f854f4f, 0x4f4f854f, 0x85858585, 0x8585854f, 0x85854f4f, 0x85858585,
0x86868787, 0x86869187, 0x85868686, 0x86868685, 0x85858585, 0x85868585, 0x4f4f4f4f, 0x8585854f,
0x854f4f4f, 0x85858585, 0x8585854f, 0x85858585, 0x85858686, 0x85858585, 0x87878787, 0x85878687,
0x86918686, 0x86878786, 0x85858586, 0x86868686, 0x85858585, 0x87868685, 0x85868585, 0x87878585,
0x8585854f, 0x87868580, 0x8585854f, 0x85854f4f, 0x85858585, 0x85858585, 0x86858585, 0x85858585,
0x86878686, 0x91878786, 0x86868686, 0x91919186, 0x91878787, 0x91919187, 0x91918787, 0x87919191,
0x87878787, 0x91918787, 0x85878585, 0x87878785, 0x85858585, 0x85868585, 0x85a38585, 0x87878585,
0x87918787, 0x91919187, 0x91918787, 0x91918787, 0x87919191, 0x87878786, 0x86878787, 0x91918786,
0x86878791, 0x91b18787, 0x87878787, 0x87918786, 0x87a38585, 0x86868787, 0x86858585, 0x86868787,
0x91919191, 0x91869191, 0x91918787, 0x91878791, 0x91918787, 0x91868686, 0x87919187, 0x86868687,
0x87878787, 0x80808687, 0x87868687, 0x86868687, 0x86868686, 0x80868085, 0x87878786, 0x86868586,
0x91919191, 0x91919191, 0x91919191, 0x91919191, 0x86919191, 0x91919187, 0x80868687, 0x91919180,
0x86868080, 0x80878686, 0x86868086, 0x80808686, 0x86868786, 0x91919187, 0x87919186, 0x91919191,
0xc3919191, 0x8b9191c3, 0xc3919191, 0x9191b1c3, 0xb1919191, 0x91919191, 0x91919191, 0x91c3c391,
0x91808086, 0xc3c3c3c3, 0x91918791, 0xc3c3c391, 0xb1919191, 0xc3c3c3c3, 0xc3c3c3b1, 0x91c3c3c3,
0x91919191, 0x91b19191, 0x91919191, 0x91918487, 0x91919191, 0x91918491, 0xb1919191, 0xb1b1b1b1,
0xc3b191b1, 0xc3c3c3c3, 0xb1b1b1c3, 0xc3c3c3c3, 0xb1b1b1b1, 0xb1b1c3b1, 0x9191b1b1, 0x91879191,
0xb1b1b1b1, 0x87848787, 0xb1b1b1b1, 0x84808487, 0xb1b1b1b1, 0x84808487, 0xb1b191b1, 0x91848484,
0xb1b1b1b1, 0x87878787, 0xb1c3c3b1, 0x84b18787, 0xb1b1b1b1, 0xb1b18787, 0xb18787b1, 0xb1b1b1b1,
0x84878787, 0x80848080, 0x84879187, 0x7d7d8080, 0x7d808080, 0x7f7d7d80, 0x7d808080, 0x84807d7d,
0x80848080, 0x8b808080, 0x80848484, 0xb1848480, 0x87878791, 0xc1919184, 0x919191b1, 0xc1b19191,
0xc1c1c18b, 0xc1c1c1c1, 0xc1c1c18b, 0xc1c1c1c1, 0xc1c1c18b, 0xc1c1c1c1, 0xc1c1c191, 0xc1c1c1c1,
0xc3c1c1c1, 0xc1c1c3c3, 0xc7c3c3c1, 0xc7c1c1c1, 0xc3c1c1c1, 0xc2c2c1c1, 0xc3c1c1c1, 0xc2c7c7c7,
0xc6c2c1c1, 0xc2c6c7c6, 0xc2c2c1c1, 0xd1d4d4c2, 0xc7c2c1c1, 0xd4d4d4c6, 0xc7c2c2c2, 0xd4d4d4c7,
0xc7c6c2c2, 0xd4d4d4c7, 0xc7c6c6c7, 0xd4d4d4c7, 0xc6c2c2c2, 0xd4d4c7c6, 0xc2c6c7c6, 0xd4d1c2c2,
0xd4d1ced1, 0xd1d1d1d4, 0xd4d1d1c6, 0xd1d1d1d1, 0xd1d4d1d1, 0xd1d1d4d1, 0xd1d4d4d4, 0xd1d4d1d1,
0xd4d4d4d4, 0xd1d4d1d4, 0xd4d4d4d4, 0xd1d1d4d4, 0xd4d4d4d4, 0xd1d1d1d4, 0xd4d4d4d4, 0xd1d1d4d4,
0xd1d1d1d1, 0xd5d1d1d1, 0xd1d1d1d1, 0xd5d5d1d1, 0xd5d5d4d1, 0xd5d5d5d4, 0xd5d5d5d4, 0xd5d5d5d5,
0xd1d1d4d1, 0xd5d5d4d4, 0xd4d4d1d1, 0xd5d5d5d4, 0xd4d4d1d1, 0xd5d5d5d4, 0xd4d1d1d1, 0xd5d5d1d1,
0xd2d5d5dc, 0xd2d2d2d2, 0xd5dcdcdc, 0xd1d2d2d2, 0xd5dcdcd5, 0xd1d2d2d2, 0xdcdcd5dc, 0xd2d2d2d5,
0xd5d5d5d5, 0xd2d2d2d2, 0xd2d5d5d5, 0xd2d2d2d2, 0xd2d5dcd5, 0xd2d2d5d5, 0xd2d2d5d5, 0xd2d2d2d2,
0xd2d2d1d1, 0xd1d2d2d2, 0xd2d2d2d2, 0xd2d2d2d2, 0xd2d2d2d2, 0xd2d2d2d2, 0xd2d2d2d2, 0xd2d2d2d2,
0xd2d1d2d2, 0xd2d2d1d2, 0xd1d1d1d2, 0xd1d1d0d2, 0xd1d1d1d1, 0xd0d1d1d1, 0xd1d1d1d2, 0xd0d2d2d2,
0xd0d0cccc, 0xccccccd2, 0xd2d2ccd0, 0xccd0d0d2, 0xd2d2d0d0, 0xccd0d0d2, 0xd0d2d2d0, 0xccccd0d0,
0xccd0d0d2, 0xccccd0cc, 0xd0d2d0d0, 0xccccd0d0, 0xd0d0d0d2, 0xccd2d0d0, 0xd2d0d2d2, 0xccd2d2d0,
0x8ecccccc, 0x8e8e8e8e, 0x8ecccccc, 0x8e8e8e8e, 0x8ecccccc, 0x558e8e8e, 0x8ecccccc, 0x558e8e8e,
0x8eccccd2, 0x8e8e8e8e, 0xcccccdcd, 0x8e8e8e8e, 0xcccccdcd, 0x558e8e8e, 0xcccccdcc, 0x558e8e8e,
0xb9d7dbde, 0xb8b9b9b8, 0xb9d7dbde, 0xb8b5b9b8, 0xb9d7dbde, 0xb8b8b8b8, 0xb9d6dbde, 0xb8b8b5b5,
0xb5d6dbde, 0xb9b8b5b5, 0xb6d6dbde, 0xb8b5b5b5, 0xb9d6dbde, 0xb9b8b8b5, 0xb9d7dede, 0xb9b8b9b9,
0xbcb9b9b8, 0xb8bcbcbc, 0xb8bcbcb8, 0xb8b8b9b9, 0xb8b8b8b8, 0xb8b8b8b8, 0xb9b9b8b8, 0xb8b8b8bc,
0xb9b9b9b9, 0xb8b9bcbc, 0xd7d7b9b9, 0xb8bcb9d7, 0xd8d7b9b9, 0xbcbcb9d7, 0xd7d7b9b9, 0xbcb9bcd7,
0xbcb9b8b8, 0xb9bcbcbc, 0xb8b8b8b8, 0xb9b9b9b8, 0xb8b8b8b8, 0xbcbcbcb8, 0xb8b8b8b8, 0xb9bcb9b8,
0xb8b8b8b8, 0xb8b8b8b8, 0xb8b8b9b8, 0xb8b8b8b8, 0xb8b8b8bc, 0xb8b8bcb8, 0xb8b8b8b9, 0xb8b8b9b8,
0xbcbcbcbc, 0xb9bcbcbc, 0xbcbcbcbc, 0xbcb9bcbc, 0xbcb9bcbc, 0xbcbcbcbc, 0xb8b8b8b9, 0xbcbcbcb8,
0xb9b8b8b8, 0xb8b8b8b8, 0xbcb8b8b9, 0xb8b8b8b8, 0xb8b8b9b9, 0xbcbcb9b8, 0xb9b8b9b9, 0xbcb9b9b8,
0xb8b9bcb9, 0xb9bcbcbc, 0xbcbcbcbc, 0xbcbcbcbc, 0xbcbcbcbc, 0xbcbcbcbc, 0xb8b8b9b8, 0xb9bcb9b8,
0xb9b9b9b8, 0xb9b9b9b9, 0xbcb9bcb9, 0xb9b9b9b9, 0xbcbcbcbc, 0xbcb9b9bc, 0xb9b9bcb9, 0xd7d7bcbc,
0xbcbcbcbc, 0xb9bcb9bc, 0xbcbcbcbc, 0xbcbcbcbc, 0xbcbcb9bc, 0xbcbcbcbc, 0xbcb9b9b9, 0xb9bcbcb9,
0xb9bcb9b9, 0xb9b9b9b9, 0xb9b9b9b9, 0xb9b9b9b9, 0xb9b9bcb9, 0xb9b9b9b9, 0xb9b9bcbc, 0xb9b9b9b9,
0xb8b9b9b8, 0xb8b8b8b5, 0xb9b9b9bc, 0xb9b9b9b8, 0xb9b9b9b9, 0xb9b8b8b9, 0xb9b9b9b9, 0xb9b8b8b8,
0xb9b9b9b9, 0xb8b9b8b8, 0xb8b9b9b9, 0xb5b9b8b8, 0xb9b9b9b9, 0xb9b9b9b9, 0xb8b8b9b9, 0xb8b8b9b9,
0xb8b8b8b8, 0xb5b5acb5, 0xb8b8b5b8, 0xb5b5b5b5, 0xb5b8b8b5, 0xb5b5b5b5, 0xb8b5b8b5, 0xb5b5b8b8,
0xb9b9b8b5, 0xb8b9b8b9, 0xb9b8b8b8, 0xb5b5b8b9, 0xb9b5b5b8, 0xb5b5b8b5, 0xb9b8b8b8, 0xb8b8b8b8,
0xb5b5b5b5, 0xa4a5a5b5, 0xb5b5b8b8, 0xa5a5a5ac, 0xaca5b8b5, 0xb5acb5b5, 0xb5b5b5b5, 0xaca5a5b5,
0xb5b5b5b5, 0xb5b5acb5, 0xb5b5b5b5, 0xb5b5b5b5, 0xb5b5b5b5, 0xa5b5aca5, 0xa5acb5b5, 0xb5b5aca5,
0xa5a5a4a5, 0xa5a5a4a5, 0xa4a5acb5, 0xa07aa0a0, 0xa5acb5b5, 0xa4a5a5a5, 0xa4a5acb5, 0xb5aca5a5,
0xa5b5acb5, 0xa5a5a5a5, 0xa5aca5ac, 0xa5a5acac, 0xa5a5a5ac, 0xa5b5a5a5, 0xa5a5acb5, 0xb2b5b2a5,
0xa5a5a0a5, 0xaca5a5ac, 0xa5a5a5a5, 0xa5a5a5a5, 0xa5a0a0a0, 0xa5a5a57a, 0xaca5a5ac, 0xa5a0a5a5,
0xacacacac, 0xa5a5a5a5, 0xaca5a5a5, 0xa5a5a5a5, 0xa5acb5b2, 0xb5a5a5a5, 0xa5b2b5b5, 0xa5a5a5a5,
0xa5a5a5a5, 0x7ba1a1a1, 0xa5a5a5ac, 0xa1a5a5a5, 0xa5a1a5a5, 0xa5a1a5a5, 0xa5a17aa5, 0xa1a1a5a5,
0xa5a5a5a5, 0x7ba5a5a5, 0xa5a5a5a5, 0xa5a5a5a5, 0x7aa5a5a5, 0xa5a5a5a5, 0xa5a5a5ac, 0xa5a5a5a5,
0xa1a5a1a1, 0x7ba57b7b, 0xa5a57ba1, 0xa1a5a5a5, 0xa5a5a1a5, 0x7b7ba5a5, 0xa5a5a5a5, 0x7b7ba5a1,
0x7ba5a5a5, 0x7ba57b7b, 0x7ba5a5a5, 0xa5a5a5a5, 0xa5a5a5a5, 0xa5a5a5a5, 0xa57ba5a5, 0xa5a5a5a5,
0x7b7ba5a5, 0x7b7b7ba5, 0xa1a17ba5, 0x7b7b7b7b, 0x7b7a7b7b, 0xa57b7b7b, 0xa5a57ba5, 0xa5a5a5a1,
0x7b7b7b7b, 0xa1a17b7b, 0x7b7b7b7b, 0x7b7b7b7b, 0xa5a1a5a5, 0xa57b7ba1, 0xa5a57ba5, 0xa5a57b7b,
0xa5a17b7b, 0xa1a5a57b, 0xa5a1a17b, 0x7b7b7ba1, 0xa5a17ba5, 0x7b7ba5a5, 0xa5a5a5a5, 0xa5a5a5a5,
0x7ba5a5a1, 0xa17ba5a1, 0x7b7b7b7b, 0xa1a1a1a1, 0x7b7ba5a5, 0xa17b7b7b, 0xa5a5a5a5, 0xa5a5a1a5,
0xa5a17ba5, 0xa57ba5a5, 0x7b7ba57b, 0x7b7b7b7b, 0xa57ba57b, 0x8888a588, 0xa5a5a5a1, 0xa57ba5a5,
0xa5a5a5a5, 0xa5a5a5a5, 0xa5a5a588, 0xa5a5a5a5, 0xa5a5a1a1, 0x7ba5a5a5, 0xa5a5a5a5, 0xa5a5a5a5,
0xa5a5a5a5, 0xa5a5a5a5, 0x7ba5a57b, 0xa5a5a5a5, 0xa5a57b7b, 0xa57b7ba5, 0xa57ba588, 0xa5a5a5a5,
0xa5a5a5a5, 0xa5a5a5a5, 0xa5a5a5a5, 0xa5a5a57b, 0xa5a5a5a5, 0xa5a57ba5, 0x88a5a5a5, 0xa5a588b5,
0xaca5a5a5, 0xa5a5a5a5, 0xa5a57ba5, 0xa5a5b5a5, 0xa5a57b7b, 0xa5a5a5a5, 0xa5a5a5a5, 0xa5a5a5a5,
0xa5a57b7b, 0x7b7b7ba5, 0xa5a57b7b, 0xa1a5a5a5, 0xa5a57ba5, 0xa5a5a5a5, 0xa5a5a5a5, 0xa5a5a5a5,
0xa5a57ba5, 0xa5a5a5a5, 0x7ba5a5a5, 0xa5a57b7b, 0xa5a5a5a5, 0xa5a57ba5, 0x7ba5a5a5, 0x7aa5a57a,
0x7b7ba57b, 0xa5a5a57b, 0xa5a5a5a5, 0xa5a5a5a5, 0xa57ba1a5, 0xa5a57ba5, 0xa5a57ba5, 0xa1a5a5a5,
0xa5a5a5a5, 0xa5a5a5a1, 0xa5a5a5a5, 0xa5a5a17a, 0xa5a5a5a5, 0x7ba5a1a1, 0xa5a57ba5, 0x7b7a7a7b,
0x7a7b7a7b, 0xa17a7a7a, 0x7a7a7aa5, 0x7a7a7a7a, 0x7a7a7a7a, 0x7a7a7a7a, 0x7a7a7a7a, 0x7b7b7a7a,
0xa5a5a5a5, 0xa57b7ba5, 0x7aa5ac7a, 0xa5a5a57a, 0x7b7aa5a5, 0xa5a5a57b, 0xa5a5a5b5, 0xa5a5a5a5,
0xa5a5a5a5, 0x7b7ba5a5, 0xa5a57a7a, 0xa57aa5a5, 0xa5a57a7a, 0xa5a5a5ac, 0xa5a5a5a5, 0xa5a5a5a5,
0xa57ba5a5, 0x88a5a5a5, 0xa5a5a57b, 0xa5a5a5a5, 0xa5a5a5a5, 0xb2a5a5a5, 0xb5a5a5a5, 0xb5b5b5b5,
0xb5a5a57a, 0xa5a5a5a5, 0xa57ba5a5, 0xa5a5b5a5, 0xa5a5a5a5, 0xa5a5a5a5, 0xa5a5a5a5, 0xa5a5a5a5,
0x7ba5887a, 0xa5a5a57a, 0xa5a5a5a5, 0xa5a57b7a, 0xa5a5a5a5, 0x88a5a5a5, 0xa5a5a5a5, 0xa5a5b2b5,
0xa5a588a5, 0x887aa5a5, 0xa5a5a5a5, 0xa588a5a5, 0xa5a5a5a5, 0xa5a5a5a5, 0xa5a5a5a5, 0x7ba5a5a5,
0x88a58888, 0x88a5a5a5, 0x7a7a7a7a, 0xa5a5a5a5, 0xa5a5a57a, 0xa5a5a5a5, 0x7a8888a5, 0xb2a5a588,
0xa5a57aa5, 0xa5a5a5b2, 0x88a5a5a5, 0xa5a5a5a5, 0x7aa5a5a5, 0xa5a5a5a5, 0x7aa5a5a5, 0xb2b2b5a5,
0xa5a5a5a5, 0xa5b2b2b2, 0xa5a5b2a5, 0xb2b2b2b2, 0xb2b2a5a5, 0xb2b2b5b2, 0xb2b2b2b5, 0xb2b2b2b2,
0xb5b2a5b2, 0xa5a5a5b2, 0xa5a5a5a5, 0xa5a5a5a5, 0x8888a5a5, 0xa588a5a5, 0x7a88b2a5, 0xa5a5a588,
0xb2b2a5a5, 0xb2b2b5b2, 0xb2b2b2b2, 0xb2b2b2b2, 0xb2b2b2b2, 0xb2b2b2b2, 0xb2b2b2b2, 0xb2b2b2b2,
0xb2b2b2b2, 0xb2b2b2b2, 0xb2b2b5b2, 0xb2a5a5b2, 0xa5a5b2a5, 0xb2a5a5b2, 0xb2a5a5a5, 0xb2a5a5b2,
0xb2b2b2b5, 0xb6b6b5b5, 0xb6b2b2b5, 0xb6b6b5b6, 0xb2b2b2b2, 0xb2b2b2b6, 0xb2b2b2b2, 0xb2b2a4b2,
0xb2b2b2b2, 0xb2b2b2b2, 0xb2b2b2b2, 0xb2b2b2b2, 0xb2b2b2b2, 0xb2b2b2b2, 0xb2b2b2b2, 0xb2b2b2b2,
0xb6b6b5b6, 0xb6b6b6b6, 0xb3b2b2b6, 0xc9b6b3b3, 0xb2b2b2b5, 0xb6b2b2b2, 0xb2b2b2b2, 0xb3b2b2b2,
0xb2b2b2b2, 0xb2b2b2b2, 0xb2b2b2b2, 0xb2b288b2, 0xb2b2b2b2, 0xb2b2b2b2, 0xb2b2b2b2, 0xb2b2b2b2,
0xc9c9b6b6, 0xc9c9d6b6, 0xc9c9c9c9, 0xd6c9c9c9, 0xc9d6c9b6, 0xd8d6c9b6, 0xb6c9b6b6, 0xd6d6c9b6,
0xb2b3b3b2, 0xb6b6b3b3, 0xb2b3b2b2, 0xb3b3b3b2, 0xb2b2b2b2, 0xb2b2b3b3, 0xb3b2b2b2, 0xb2b2b2b3,
0xd6d6c9c9, 0xb6d6c9c9, 0xc9d6c9d6, 0xb6c9c9c9, 0xd6d6d6d8, 0xb6d6d6d6, 0xc9c9d6d6, 0xb3b6b6b6,
0xb6b6c9b6, 0xb2b6b3b6, 0xb6b6b3b3, 0xb2b6b6b6, 0xb6b3b3b2, 0xb3b6b6b6, 0xb3b3b2b2, 0xb6b6b6b6,
0xb6b2b2b6, 0xb3b6b6b6, 0xb6b2b2b5, 0xb6c9b6c9, 0xb2b5b2b2, 0xb2b3b3b3, 0xb2b6b2b2, 0xb2b2b2b3,
0xb2b2b2a5, 0xb3b2b2b2, 0xa4b2b2b2, 0xb2b2b288, 0xb2b2b2b2, 0xb3b6b3b2, 0xb2b2b2b2, 0xb2b6b6b6,
0xc9b6b6b3, 0xb6b6b6b6, 0xc9b6b6b6, 0xb6c9b3b6, 0xb3b3b3b3, 0xb2b6b3b3, 0xb2b2b2b3, 0xb3b3b2b2,
0xb6b3b2b2, 0xb6b3b6b6, 0xb6b3b2b2, 0xb3b3b6b6, 0xb6b6b3b3, 0xb3b6b6b3, 0xb6b6b6b6, 0xb6b3b6b6,
0xb6b6b3b3, 0xb3b3b3b6, 0xb3b3b6b6, 0xb3b3b3b3, 0xb3b2b2b2, 0xb3b3b3b3, 0xb6b3b2b3, 0xb3b3c9b6,
0xb3b6b3b3, 0xb3b3b3b3, 0xb3b3b3b3, 0xc9b3b6b3, 0xb3b3b3b3, 0xc9c9b6c9, 0xb6c9b3b3, 0xc9b6b6c9,
0xb3b3b3b3, 0xc8b3b3b3, 0xb3b3b3b3, 0xc8b3b3b3, 0xb3b3b3b3, 0xb3b3b3b3, 0xb3b3b3b3, 0xb3b3b3b3,
0xb3b3b3b3, 0xb3b3b3b3, 0xb3b3c9c9, 0xc8b3b3b3, 0xc9c9c9c9, 0xc9c8b3c9, 0xc9c9c9c9, 0xc8c8b3c9,
0xb3b3b3c8, 0xb3b3b3b3, 0xc8b3b3b3, 0xb3b3b3b3, 0xb3b3b3c8, 0xc8b3b3b3, 0xb3b3b3b3, 0xb3b3b3b3,
0xb3b3b3b3, 0xc8c8c8c8, 0xc8c9c8c8, 0xb3b3c8c8, 0xc9c9c9c9, 0xb3b3c8c8, 0xc8c8c8c9, 0xb3b3b3b3,
0xc8b3b3b3, 0xc8c8c8c8, 0xc8c8c8c8, 0xc8c8c8c8, 0xb3c8c8c8, 0xb3c8c8b3, 0xb3b3b3c8, 0xb3b3b3b3,
0xb3b3b3c8, 0xb3b3b3b3, 0xb3b3b3b3, 0xb3b3b3b3, 0xb3b3b3b3, 0xb391b3b3, 0xb3b3b3b3, 0xb3b3b3b3,
0xb3c8c8c8, 0x9191b3b3, 0xb3b3c8c8, 0xb39191b3, 0xb391b3b3, 0xb39191b3, 0x8791b3b3, 0xb3919191,
0xb391b3b3, 0x918791b3, 0x91b3b3b3, 0x919191b3, 0xb3b3b3b3, 0xb39187b3, 0xb3b3b3b3, 0xb391b3b3,
0xb3919191, 0x869090b3, 0x9191b3b3, 0x86868690, 0x878687b3, 0x86868691, 0x87878787, 0x86868786,
0x87b3b3b3, 0x87919187, 0x87b3b3b3, 0x87878786, 0x87b3b3b3, 0x87878786, 0x87b387b3, 0x87868787,
0xb3908686, 0x919186b3, 0xb3868686, 0xb3b3b386, 0x91868686, 0xb3b39187, 0xb3878686, 0x878787b3,
0x87868786, 0x86868687, 0x86868787, 0x86858787, 0x87868888, 0x86868787, 0x8787b387, 0x87878887,
0x86868691, 0x86868691, 0x86868686, 0x87878687, 0x86868686, 0x87918687, 0x87878686, 0x878786b3,
0x87878787, 0x878787b3, 0x87878787, 0x86878887, 0x87878787, 0x86868687, 0x87878686, 0x87878787,
0x86868786, 0x4f4f4f85, 0x86868686, 0x85858585, 0x87878686, 0x85858686, 0x87878787, 0x86858687,
0x86878787, 0x85858586, 0x8787b387, 0x85858586, 0x8687b387, 0x85858687, 0x85878787, 0x4f858585,
0x8585854f, 0x85858685, 0x8585854f, 0x85858585, 0x4f858585, 0x86878685, 0x85858586, 0x86868585,
0x85858685, 0x85858585, 0x85858585, 0x4f4f4f85, 0x85868685, 0x4f4f4f85, 0x854f4f4f, 0x85858686,
0x87858585, 0x4f4f8587, 0x86858585, 0x85858786, 0x854f4f85, 0x85858585, 0x4f858585, 0x85858585,
0x85858585, 0x85868585, 0x85868685, 0x85868586, 0x8686854f, 0x85858585, 0x86858585, 0x85858686,
0x85868585, 0x86858585, 0x8585854f, 0x85858585, 0x8585854f, 0x85858585, 0x85858585, 0x85858585,
0x85858685, 0x86868685, 0x86868686, 0x86868686, 0x85858585, 0x86868785, 0x85858585, 0x87868686,
0x85858587, 0x85858585, 0x85854f85, 0x85868585, 0x854f4f85, 0x87878685, 0x85854f4f, 0x87878585,
0x85868585, 0x85858585, 0x85858585, 0x86868687, 0x86858585, 0x87868786, 0x85858586, 0x87878685,
0x85858585, 0x87868585, 0x85858585, 0x87878685, 0x85858587, 0x87878685, 0x85858586, 0x86858585,
0x85858585, 0x86854f4f, 0x85878787, 0x8786854f, 0x85858687, 0x86868785, 0x85858787, 0x85868585,
0x87878787, 0x87878787, 0x87878787, 0x87878787, 0x85868787, 0x87868786, 0x86878786, 0x87878786,
0x87878685, 0x87878786, 0x86878787, 0x86868686, 0x86868687, 0x85858585, 0x86858585, 0x85858585,
0x87878585, 0x85858787, 0x86868585, 0x85878785, 0x87878587, 0x87878585, 0x85878687, 0x85858585,
0x85858586, 0x85858585, 0x85858586, 0x85858585, 0x85858585, 0x4f854f4f, 0x85858585, 0x4f4f4f4f,
0x85858585, 0x878785a3, 0x85858585, 0x85878585, 0x80858587, 0x85a3a385, 0x85858587, 0x878587a3,
0x87858585, 0x87a38585, 0x85858585, 0x87858585, 0x85804f4f, 0x878585a3, 0x85858585, 0x85858585,
0x858585a3, 0x87878787, 0x85858785, 0x87878786, 0x85858785, 0x87878785, 0x85878787, 0x87868787,
0x87878787, 0x868585a3, 0xa3878787, 0x85858685, 0x85858585, 0x4f4f8585, 0x85858585, 0x4f4f8585,
0x87878787, 0x86868085, 0x80878787, 0x86868580, 0x80858787, 0x87878685, 0x86858586, 0x87868686,
0x86868787, 0x87868686, 0x85858585, 0x87878786, 0x4f4f854f, 0x80868785, 0x4f4f7085, 0x4f80804f,
0x87919191, 0x91919191, 0x91878786, 0x91918691, 0x91919186, 0x91919191, 0x91919187, 0x91919191,
0x91919187, 0x91919191, 0x91868687, 0x87919191, 0x87808080, 0x87918787, 0x80808580, 0x80878086,
0xc3c39191, 0xb1b1b1b1, 0xc3c39191, 0xc3c3c3c3, 0xc3c3c8b1, 0xb1c3c3c3, 0x9191c3b1, 0x91b191b1,
0x9191b191, 0x91919191, 0x87879187, 0x87878787, 0xb1919187, 0x87878787, 0x87918780, 0x87878787,
0x8791c3c3, 0xb1b18787, 0x9191b1c3, 0xb1b1b191, 0x879191b1, 0x91918787, 0x87878791, 0xb187b187,
0xb1b1b191, 0xb1b187b1, 0xb1b1b1b1, 0xb1b1af87, 0x87878787, 0xafaf8787, 0x82828487, 0x87878282,
0x91878787, 0x91b1b1b1, 0x91878787, 0xb1b1b1b1, 0x87878787, 0xb1b1b1b1, 0xb1918791, 0xb1b1b1b1,
0xb1b1b1b1, 0xb1b1b1b1, 0xaf87afaf, 0x878787b1, 0x84848284, 0x84848484, 0x87afaf87, 0x84848484,
0x91b1b1b1, 0xc1919191, 0x919191b1, 0xc1918484, 0x91918787, 0xc1919191, 0xb1b18787, 0xc1b1b1b1,
0x91878484, 0xc1c19191, 0x91878787, 0xc1b18b84, 0x84808484, 0xc1c19184, 0x80808484, 0xc1c1b184,
0xc3c1c3c3, 0xc7c7c7c7, 0xc1c3c3c1, 0xc1c3c1c1, 0xc3c7c3c1, 0xc1c1c1c1, 0xc1c1c1c1, 0xc1c1c1c1,
0xc1c1c1c1, 0xc1c1c1c1, 0xc1c1c1c1, 0xc1c1c1c1, 0xc1c1c1c1, 0xc1c1c1c1, 0xc1c1c1c7, 0xc1c1c1c1,
0xc6c2c6c2, 0xd4c6c2c2, 0xc2c1c1c1, 0xd1c2c2c2, 0xc1c1c1c1, 0xd1c2c2c2, 0xc1c1c2c1, 0xd4c6c2c2,
0xc2c1c2c1, 0xd4c6c2c2, 0xc1c1c2c1, 0xd4c2c2c2, 0xc1c1c1c1, 0xd1c2c2c2, 0xc1c1c18c, 0xd4c2c2c2,
0xd4d4d4d4, 0xd1d1d1d4, 0xd4d4d4d4, 0xd1d1d1d4, 0xd4d4d4d4, 0xd1d1d1d4, 0xd4d4d4d4, 0xd1d1d4d4,
0xd4d4d1d4, 0xd1d1d1d4, 0xd1d1d1d1, 0xd1d1d1d1, 0xd1d1d1d1, 0xd1d1d1d1, 0xd1d1d1d1, 0xd4d1d1d1,
0xd4d1d1d1, 0xd5d5d5d5, 0xd1d1d1d1, 0xd5d5d5d5, 0xd1d1d1d1, 0xd1d1d1d4, 0xd4d1d1d1, 0xd5d5d4d4,
0xd4d1d1d1, 0xd5d5d5d4, 0xd1d1d1d1, 0xd5d4d1d1, 0xd1d1d1d1, 0xd5d5d4d1, 0xd4d4d1d1, 0xd5d5d5d5,
0xd2d2d5d5, 0xd2d2d2d2, 0xd5d5d5d5, 0xd2d2d2d2, 0xd2d5d5d5, 0xd2d2d2d2, 0xd5d5d5d5, 0xd2d2d2d2,
0xd5d5d5dc, 0xd2d5d5d2, 0xd5d5d5dc, 0xd1d2d5d5, 0xd2d5d5d5, 0xd1d2d5d5, 0xd2d5d5d5, 0xd1d2d5d2,
0xd1d2d2d2, 0xd0d0d0d1, 0xd1d2d2d2, 0xd0d0d0d1, 0xd2d2d2d2, 0xd2d2d2d2, 0xd2d2d2d5, 0xd2d1d2d2,
0xd2d2d2d2, 0xd2d1d2d2, 0xd2d2d2d2, 0xd2d2d2d2, 0xd2d2d1d2, 0xd2d2d2d2, 0xd2d2d1d1, 0xd2d2d2d2,
0xd2d2d0d0, 0xcdd0d2d2, 0xd2d2d2d0, 0xccccd0d2, 0xd2d2d0d2, 0xcdccd0d2, 0xd2d2d2d2, 0xcdccd0d2,
0xd2d2d2d2, 0xcdccd0d2, 0xd2d2d2d2, 0xd2d0d2d2, 0xd2d2d2d2, 0xd2ccd2d2, 0xd2d2d2d2, 0xd2d0d2d2,
0xcccccdd2, 0x558e8e8e, 0xcccccdd2, 0x558e8e8e, 0xccccccd2, 0x8e8e8e8e, 0xccccccd2, 0x8e8e8e8e,
0xcccccccd, 0x8e8e8ecc, 0xcccccccd, 0x8e8ecccc, 0xcccccccd, 0x8e8e8ecc, 0xccccccd2, 0x8e8e8ecc,
0xd6d7dedf, 0xb9b5b5b9, 0xd7d7dede, 0xb9b9b8b9, 0xd6d7dede, 0xb9b9b9b9, 0xb9d6dede, 0xb9b9b9b9,
0xb6d6dede, 0xb9b8b5b5, 0xb9d8dede, 0xb9b5b5b6, 0xb9d8dede, 0xb5b5b9b9, 0xb9d8dede, 0xb5b6b9b9,
0xd7d7b9b9, 0xb8b8b9d7, 0xd7d7b9b9, 0xb8b8b9b9, 0xd7d7b9b5, 0xb8b8b8b9, 0xd7d7b9b9, 0xb5b8b8d7,
0xd7d7b9b9, 0xb8b8b8d7, 0xb9b9b6b9, 0xb8b9b9bc, 0xb5b5b5b5, 0xb5b8b5b5, 0xb5b5b5b5, 0xb5b5b5b5,
0xb8b8b8b9, 0xb8b8b8b9, 0xbcb8b8b8, 0xb9bcb9bc, 0xb8b8b8b8, 0xb9b8b8b8, 0xb8b8b8b8, 0xb8b8b8b8,
0xb8b9b8b8, 0xb9b9b8b9, 0xb8b9b8b8, 0xb9b8b8b9, 0xb8b8b8b8, 0xb8b8b8b8, 0xb8acb8b5, 0xb8b8b8b5,
0xb9b9b9b9, 0xb9b9b9b8, 0xb9b9bcb9, 0xb9b9bcbc, 0xb9b9b9b9, 0xb9b8b8b9, 0xb9b8b9b8, 0xb8b8b8b9,
0xb8b9b9b8, 0xb5b5b5b8, 0xb8b8b8b8, 0xb8b8b5b8, 0xb8b9b9b8, 0xb8b8b8b8, 0xb8b8b8b9, 0xb5b8b8b8,
0xb9b9b9b9, 0xbcbcbcbc, 0xb8b8b9bc, 0xbcbcbcb9, 0xb8b9b9b9, 0xbcbcb9b8, 0xb9b8b8b8, 0xb9b9b9b9,
0xb8b8b8b5, 0xb5b5b5b8, 0xb8b8b5b5, 0xb8b8b8b8, 0xb9b9b8b5, 0xb8b9b9b8, 0xb8b8b9b5, 0xb5b5b9b8,
0xb9bcbcbc, 0xb9b9b9b9, 0xb9b9b9bc, 0xb9b9b9b9, 0xb9b9b9b9, 0xb9b9b9b9, 0xb8b8b5b8, 0xb9b9b8b9,
0xb5b5b8b8, 0xb8b9b8b5, 0xb5b5b5b8, 0xb5b5b8b5, 0xb8b5b8b9, 0xb5b5b5b5, 0xb5b8b9b8, 0xb5b5b5b5,
0xb9b9b9bc, 0xb8b5b9b9, 0xb9b9b9b9, 0xb9b8b9b9, 0xb9b9b9b9, 0xb9b9b9b9, 0xb5b5b5b5, 0xb8b8b8b5,
0xb5b5b5b5, 0xb5b5b5b5, 0xb5b5b5b8, 0xb9b5b5b5, 0xb5b5b5b5, 0xb8b5b5b5, 0xb5b5b5b5, 0xb8b5b5b5,
0xb8b9b8b9, 0xb5b8b8b8, 0xb5b9b8b5, 0xb8b8b8b8, 0xb8b9b9b5, 0xb8b8b8b8, 0xb9b9b8b5, 0xb5b5b8b8,
0xb5b5b5b5, 0xb5b5b5b5, 0xb5b5b5b5, 0xb5aca5b5, 0xb5b5b5b5, 0xb5b5acb5, 0xb5b5b5b8, 0xb5b8b5ac,
0xb5b5acb5, 0xb5b5b5b5, 0xb5b5b5b5, 0xb5b5b5b5, 0xacacacb5, 0xb5b5b5ac, 0xa5a5acac, 0xb5b5b5b5,
0xa5a5aca5, 0xb5b5b5ac, 0xa5a5a5a5, 0xb5b5a5b5, 0xa4a5acac, 0xb5b5a5a5, 0xa5b5b5a5, 0xb5b5b5b5,
0xa5a5a5b5, 0xa5a5b5a5, 0xa5b5a5ac, 0xa5a5b2b2, 0xa5a5a5b5, 0xb2b5b2b2, 0xb5b5b5b5, 0xb2b5b5b5,
0xb5b5b5a5, 0xb2a5b5b5, 0xb5b5b5b5, 0xa4a5a5b5, 0xb5b5b5b5, 0xa4a4a4a5, 0xb5b5b5b5, 0xa58888a5,
0xaca5a5a5, 0xa5a5a5a5, 0xa5a5a5a5, 0xa5a5a5a5, 0xa5a5a5a5, 0xa5a5aca5, 0xa5b2b5a5, 0xa5a5a5a5,
0xa5a5a5a5, 0xa5a5a5a5, 0xa5a5a5a4, 0xa5a5a5a5, 0xa4a4a4a5, 0xa5a5a5a0, 0xa5a4a4a4, 0xa5aca5a5,
0xa5a5a5a5, 0xa5a5a57b, 0xa5a5a1a5, 0xa5a5a5a5, 0xa5a5a5a5, 0xa57ba5a5, 0xa5a57ba5, 0xa5a1a5a5,
0xa5a5a57b, 0xa57b7ba5, 0xa5a5a5a5, 0xa57ba5a5, 0x7ba5a5a5, 0xa5a5a57b, 0xa5a5a5a5, 0xa5a5a5a5,
0xa5a5a5a5, 0xa1a5a5a5, 0xa5a5a5a5, 0xa5a5a5a5, 0x7b7a7ba5, 0xa1a5a5a5, 0xa5a57b7b, 0x7ba57ba5,
0xa5a5a57b, 0xa5a57ba5, 0xa5a5a5a5, 0xa5a57ba1, 0xa5a5a5a5, 0xa5a5a5a5, 0xa5a5a5a5, 0xa5a588a5,
0x7b7b7ba5, 0xa5a5a57b, 0x7ba5a57b, 0xa5a5a57b, 0xa5a5a5a1, 0xa5a5a5a5, 0xa5a57b7b, 0xa1a57ba5,
0xa5a5a5a5, 0xa5a5a5a5, 0xa5a5a5a5, 0xa5a5a5a5, 0x7ba5a5a5, 0xa5a58888, 0x88a5a5a5, 0xa57b7b88,
0xa5a57ba1, 0xa5a5a5a5, 0xa5a57ba5, 0xa5a5a5a5, 0xa5a5a5a5, 0xa5a5a5a5, 0xa1a5a588, 0xa588a5a5,
0xa57b7ba5, 0xa588a5a5, 0xa5a5a5a5, 0xa5a5a5a5, 0xa5a5a588, 0x88a5a5a5, 0x7b8888a5, 0xa5a5a588,
0xa5a5a5a5, 0xb2a5a5a5, 0xa5a5a5a5, 0xa5a5a5a5, 0xa57b7ba5, 0xa5a5a5a5, 0x7a7b88a5, 0xa5a5a588,
0x88a5a5a5, 0xa588a5a5, 0xa5a5a5a5, 0xa58888a5, 0xa57ba57b, 0xa57ba5a5, 0xa57b7b88, 0xa5a57b7b,
0xa5a5a5a5, 0xa5b2a5b5, 0xa5a5b2b5, 0xa5a5a5a5, 0xa5a5a5a5, 0xa5a5a5a5, 0xa5a5a5a5, 0xa5a5a5a5,
0x7b7b7ba5, 0x7b7b7b88, 0x7b88a5a5, 0x7a7b7ba5, 0x887ba5a5, 0x7b7b7b7b, 0xa5887b7b, 0x7b7a7a7b,
0xa5a5a5a5, 0xa5a5a5a5, 0xa5a5a5a5, 0xa5a5a5a5, 0xa5a5b5b2, 0x7b7b88a5, 0xa5a5a5b2, 0xa5a5a5a5,
0xa57ba17b, 0xa5a57ba5, 0xa57b7a78, 0xa5a5a57b, 0x7b7b7b7a, 0xa5a5a5a5, 0x7a7b7b7b, 0xa5b2b5a5,
0xa5a5a5a5, 0x7ba5a5a5, 0x7ba5a5a5, 0xa5a5a5a5, 0xa57ba5a5, 0xa5a57a7b, 0x7a7ba5a5, 0xa5a57b7a,
0x7a7b7b7a, 0x7ba5a57b, 0xa5a5a5a5, 0xa5a5a5a5, 0xa5a5a5a5, 0x7ba5a5a5, 0x7aa57ba5, 0x7ba5a5a5,
0xa5a5a5a5, 0xa5a57b7a, 0xa5a5a5a5, 0xa5a5a5a5, 0xa5a5a5a5, 0xa57ba5a5, 0xa5a5a5a5, 0xa5a5a5a5,
0xa5a5a5a5, 0x7ba5a5a5, 0xa57aa5a5, 0xa57b7ba5, 0xa5a5a5a0, 0xa5a5a5a5, 0xa5a5a5a5, 0xa5a5a5a5,
0xa5a5a5a5, 0xa5a5a5a1, 0xa5a5a5a5, 0xb2b5a5a5, 0xa57a7ba5, 0xa5a5a5a5, 0x7a7a7a7a, 0x7aa5a5a5,
0xa5a07b7a, 0xa5a5a5a5, 0xa5a5a57a, 0x7a7aa5a5, 0xa5a5a5a5, 0xa5a5a5a5, 0xa57ba5a5, 0xb5a5a5a5,
0xa588a5a5, 0xa5a5a5a5, 0xa5a5a5a5, 0xa5a5a5a5, 0xa5a5a5a5, 0xa5a5a5a5, 0xa5a5a57b, 0xa5a5a5a5,
0xa5a5a5a5, 0xa5b5b2a5, 0xb2a5a5a5, 0xa5a5a5b2, 0xa5b5b2a5, 0xa5a5a5a5, 0xb5b5b5a5, 0xa5a5a5a5,
0xa5a5a5a5, 0xa5a5a5a5, 0xb2b2b5a5, 0xa5a5a5a5, 0xa5a5a5a5, 0xa5a5a5b2, 0xa5a5a5a5, 0xa5a5a5a5,
0xa5a5a5a5, 0xa5a5a5b2, 0xb2a5a5b2, 0xa5a5b2a5, 0xb2a5a5b5, 0xa5a5a5a5, 0xa5a5a5b2, 0xa5a5a5a5,
0x88a5a5a5, 0xa5b2b5b2, 0xa5a5a5b2, 0xa5a5a5a5, 0xa5a5a5a5, 0xa5a5a5a5, 0xa5a5a5a5, 0xb2a5a5a5,
0xa5a5b2a5, 0xb2b2a5a5, 0xa5a5a5a5, 0xb2b2a5a5, 0xa5a5a5a5, 0xb2b2a5a5, 0xa5a5a5a5, 0xa5a5a588,
0x8888a5a5, 0xb2b2b2a5, 0xa5a5a5a5, 0xa5a5a5a5, 0xa5a5a5a5, 0xa5a5a5a5, 0xa5b2b2a5, 0xb2a5a5a5,
0xb2a5b2b2, 0xb5b2b2b2, 0xa5a5b5b2, 0xb2b2b2b5, 0xb2a5b2b5, 0xb5b2b5b2, 0xa5a5a5a5, 0xb5b2b2a5,
0xa5a5b2b2, 0xb2a4a5a5, 0x88b2b2b2, 0xa5a4a588, 0x88a5a5a5, 0x88a4a5a5, 0xa5a5a5a5, 0xb2b2b2b2,
0xb2b2a5b5, 0xb2b2b2b2, 0xb2b2a5b2, 0xb6b2b2b2, 0xb2b5b2b2, 0xb2b2b2b2, 0xb2b2b2a5, 0xb2b2b2b2,
0xb2b2b2b2, 0xb2b2a4b2, 0xb2b2b2b2, 0xb3b2b2b2, 0xb2b2b2b2, 0xb3b2b2b2, 0xb2b2b2b2, 0xb2b2b2b2,
0xb2b2b2b2, 0xb2b2b2b2, 0xb6b2b2b2, 0xb3b3b2b2, 0xb2b2b2b2, 0xb3b2b2b2, 0xb2b2b2b2, 0xb2b3b3b2,
0xb2b2b2b2, 0xb2b2b2b2, 0xb2b2b2b2, 0xb3b2b2b2, 0xb2b2b2b3, 0xb3b3b3b2, 0xb3b2b2b2, 0xb6b3b3b3,
0xb6b6b3b6, 0xb3b3b6b3, 0xb6b6b3b6, 0xb3b3b3b6, 0xb3b3b3b6, 0xb3b2b3b6, 0xb3b2b3b6, 0xb2b2b3b3,
0xb2b2b2b2, 0xb6b3b3b3, 0xb3b3b2b2, 0xb6b6b6b3, 0xb3b3b2b2, 0xb2b3b6b3, 0xb3b3b3b6, 0xb2b3b3b3,
0xb2b3b2b2, 0xb2b2b3b2, 0xb2b3b6b3, 0xb2b3b3b2, 0xb2b3b3b3, 0xb2b6b3b2, 0xb2b3b3b2, 0xb2b2b2b2,
0xb2b2b2b3, 0xb6b6b3b2, 0xb2b2b2b2, 0xb6b6b3b2, 0xb3b2b2b2, 0xb6b6b3b2, 0xb3b3b3b3, 0xb3b3b2b2,
0xb3b3b3b3, 0xb2b2b3b6, 0xb2b3b3b3, 0xb6b3b3b2, 0xb2b3b6b3, 0xb2b2b2b2, 0xb2b3b6b3, 0xb3b288b2,
0xb2b2b2b2, 0xb6b6b3b3, 0xb2b5b2b2, 0xb6b6b3b2, 0xb2b2b2b2, 0xb2b2b3b2, 0xb2b2b2a4, 0xb3b2b2b2,
0xb2b2b2a4, 0xb3b3b2b2, 0xb2b2b2b2, 0xb2b2b2b2, 0xb2b288b2, 0xb3b3b3b2, 0xb6b6b3b3, 0xc9c9b6b6,
0xb3b3b6b6, 0xb3b3b3b3, 0xb6b3b6b6, 0xb3b3b3b3, 0xb6b6b6b3, 0xb3c9b6b6, 0xb3b6b6b3, 0xb3b6b3b3,
0xb3b6b3b3, 0xb3b3b3b3, 0xb3b3b3b3, 0xb3b3b6b3, 0xb6b3b3b3, 0xb6c9b6b3, 0xd6c9c9c9, 0xc9c9c9c9,
0xc9c9b6b3, 0xc9b6c9c9, 0xc9c9c9b6, 0xc9c9c9c9, 0xc9c9c9b6, 0xc9c9c9c9, 0xc9c9b3b3, 0xc9c9c9c9,
0xc9c9b3b6, 0xc9c9c9c9, 0xc9c9c9b6, 0xc9c9c9c9, 0xd6c9c9c9, 0xc9c9c9c9, 0xd6d6c9c9, 0xc9c9c9c9,
0xc9c9c9c9, 0xc9c9c9c9, 0xc9c9c9c9, 0xc8c9c9c9, 0xc9c9c9c9, 0xc8b3c8c9, 0xc9c9c9c9, 0xc9c9c8c9,
0xcbc9c9c9, 0xd6d6cbcb, 0xc9c9c9c9, 0xd6d6d6cb, 0xc9c9c9c9, 0xc9c9c9c9, 0xc8c9c9c9, 0xc9c9c8c8,
0xc8c8c8c9, 0xb3b3b3c8, 0xc8c8c9c9, 0xc9c8c8c8, 0xc8c9c9c9, 0xc9c9c9c9, 0xc9c9c9c9, 0xc9c9c9c9,
0xcbcbcbcb, 0xc9c9c9c9, 0xc9cbcbcb, 0xc8c9c9c9, 0xcbcbc9c9, 0xc9c9c9c9, 0xc9c9c9c9, 0xc9c9c9c9,
0xb3b3c8b3, 0xb3b3c8b3, 0xc8c8c8c8, 0xb3b3c8c8, 0xc8c8c9c9, 0xb3b3c8c8, 0xc8c8c8c9, 0xb3b3c8c8,
0xc9c8c8c9, 0xb3b3c8c8, 0xc8c8c8c9, 0xc8c8c8c8, 0xc9c9c9c9, 0xc8c8c8c8, 0xc9c9c9c9, 0xc8c8c8c8,
0xb3b3c8c8, 0xb3b3b3b3, 0xb3b3b3b3, 0xb391b3b3, 0xb3b3b3b3, 0xb3b3b3b3, 0xb3b3b3b3, 0xb3b3b3b3,
0xb3b3b3b3, 0x9191b3b3, 0xb3b3c8b3, 0xb3b3b3b3, 0xb3b3c8c8, 0xb3b3b3b3, 0xb3b3c8c8, 0x87b3b3b3,
0x88b387b3, 0x87868687, 0x878787b3, 0x87878787, 0x878787b3, 0x86878787, 0x87878787, 0x86868787,
0x87878787, 0x86868687, 0x87868791, 0x87868787, 0x87878787, 0x87878787, 0x878787b3, 0x86878786,
0x86868787, 0x85878887, 0x86868686, 0x85868787, 0x86858685, 0x86858687, 0x86858586, 0x85858686,
0x86858687, 0x85858586, 0x87858687, 0x85868786, 0x85858787, 0x85858685, 0x85868686, 0x85858686,
0x85858585, 0x87878787, 0x85858585, 0x86868685, 0x85858685, 0x85858585, 0x85858686, 0x86858585,
0x85858585, 0x86858585, 0x86858585, 0x86868687, 0x85858585, 0x86858585, 0x85858585, 0x86858585,
0x85858686, 0x4f4f4f4f, 0x854f8586, 0x4f4f4f4f, 0x85858586, 0x4f4f4f4f, 0x85858586, 0x85854f4f,
0x85858586, 0x87878685, 0x86868687, 0x87878686, 0x85858687, 0x86868685, 0x85858687, 0x85858685,
0x854f4f4f, 0x85858585, 0x85854f4f, 0x85858585, 0x854f4f4f, 0x4f858586, 0x86868585, 0x85868586,
0x85878586, 0x86868585, 0x85868686, 0x85858585, 0x85858585, 0x8585854f, 0x85858585, 0x86858585,
0x86868585, 0x854f8585, 0x85858585, 0x4f4f4f85, 0x8685854f, 0x4f4f4f85, 0x87878685, 0x85858587,
0x87878686, 0x85858585, 0x86868686, 0x85858585, 0x85858586, 0x4f4f8585, 0x85858586, 0x4f4f8585,
0x85854f4f, 0x85858685, 0x4f4f4f4f, 0x4f858585, 0x4f4f8585, 0x4f85854f, 0x85858585, 0x85868685,
0x85858585, 0x85868585, 0x85854f85, 0x85858585, 0x854f4f4f, 0x85858585, 0x4f4f4f4f, 0x8585854f,
0x85858585, 0x85878685, 0x4f4f4f4f, 0x85858585, 0x854f4f4f, 0x85858585, 0x8585854f, 0x85858587,
0x86868685, 0x85858585, 0x85858585, 0x85858586, 0x85858685, 0x85858586, 0x85858585, 0x85858686,
0x85858685, 0x85858585, 0x85858585, 0x854f8585, 0x85858585, 0x854f8585, 0x85858585, 0x85858585,
0x85858585, 0x85858585, 0x85858585, 0x85858585, 0x4f4f4f4f, 0x4f4f8585, 0x4f4f4f4f, 0x4f4f4f4f,
0x85858585, 0x85858585, 0x854f4f85, 0x85858585, 0x85858585, 0x85858585, 0x85858585, 0x4f4f4f4f,
0x85858585, 0x4f4f4f4f, 0x85858585, 0x854f4f85, 0x8585854f, 0x854f4f4f, 0x4f4f4f4f, 0x85854f4f,
0x85858585, 0x85854f4f, 0x85858585, 0x85854f85, 0x4f858585, 0x85854f4f, 0x4f858585, 0x4f85854f,
0x8585854f, 0x704f8585, 0x8585854f, 0x85854f4f, 0x4f4f4f4f, 0x85854f85, 0x854f4f4f, 0x85858585,
0x85858585, 0x80858585, 0x85858585, 0x85858585, 0x85858080, 0x85858585, 0x804f4f4f, 0x70704f80,
0x70804f85, 0x854f4f4f, 0x804f8585, 0x4f4f4f4f, 0x4f4f8085, 0x70854f70, 0x85854f85, 0x85854f80,
0x704f4f70, 0x4f4f4f85, 0x704f4f70, 0x4f4f6f70, 0x4f4f4f4f, 0x704f4f70, 0x4f4f4f70, 0x4f4f4f4f,
0x4f4f4f85, 0x4f4f4f4f, 0x4f4f4f4f, 0x704f4f4f, 0x4f4f4f4f, 0x7070704f, 0x4f4f4f70, 0x85807085,
0x4f4f7070, 0x4f4f6f4f, 0x85707070, 0x4f4f4f4f, 0x85707085, 0x4f70704f, 0x4f4f4f4f, 0x7070704f,
0x4f4f4f4f, 0x4f70704f, 0x4f4f4f4f, 0x454f4f4f, 0x704f4f70, 0x456f6f4f, 0x4f4f7085, 0x70857070,
0x87a3a380, 0xa3878787, 0x82808070, 0x87af8787, 0x80808070, 0xa3878787, 0x82807070, 0x808080a3,
0x8280704f, 0x82828282, 0x82806f45, 0x82828782, 0x80806f45, 0x82828280, 0x82807070, 0xa3878282,
0x87878780, 0x87a38282, 0xa3878787, 0x87a3a382, 0xa3828787, 0x87a3a387, 0x82808082, 0x87878782,
0x82828282, 0xa387a382, 0x808282a3, 0x82828280, 0x6f808282, 0x82828270, 0x82828282, 0x878787a3,
0x82828487, 0x828282a3, 0xa3828787, 0x82828787, 0xa3828282, 0x82878287, 0x82828282, 0x82878282,
0xa38282a3, 0x828787a3, 0x82878282, 0x82828782, 0xa3878787, 0x87af8782, 0x87878787, 0xafb1b1af,
0x87afafaf, 0x84848484, 0x84848484, 0x84848284, 0x87848282, 0x84848487, 0x87878482, 0x84878784,
0x87878482, 0x84848784, 0x84878782, 0x87848484, 0xafafaf87, 0xafafb1b1, 0xafafb1af, 0xb1b1b1b1,
0x80848484, 0xc1b18b84, 0x87848484, 0xc1b19187, 0x84808082, 0xc1b18b84, 0x84828284, 0xc1b19191,
0xb1878787, 0xc1c1c1b1, 0xb1b1b1b1, 0xc1c1c1b1, 0xb1b1b1af, 0xc1c1c1b1, 0xb1b1b1af, 0xc5c1c1c1,
0xc1c1c1c1, 0xc1c1c1c1, 0xc1c1c1c1, 0xc1c1c1c1, 0xc1c1c1c1, 0xc1c1c1c1, 0xc1c3c5c1, 0xc1c1c1c1,
0xc1c1c7c7, 0xc1c1c1c1, 0xc7c7c7c7, 0xc1c1c1c5, 0xc7c7c7c5, 0xc1c1c1c7, 0xc3c1c7c7, 0xc1c1c1c7,
0xc1c1c18c, 0xd1c2c2c1, 0xc1c1c1c1, 0xd4d1c2c1, 0xc1c1c1c1, 0xd1d1c2c2, 0xc1c1c1c1, 0xd1d1c2c2,
0xc1c1c1c1, 0xd1d4c6c2, 0xc2c2c2c1, 0xd1d1c6c2, 0xc2c2c2c2, 0xd4d4d1c2, 0xc6c7c2c1, 0xd4d1d1c6,
0xd4d4d1d1, 0xd1d1d1d1, 0xd4d4d1d4, 0xd1d1d1d1, 0xd4d4d1d4, 0xd4d4d1d4, 0xd4d4d4d4, 0xd4d4d1d4,
0xd4d4d4d4, 0xd1d1d1d4, 0xd4d4d1d1, 0xd4d4d4d4, 0xd4d4d4d4, 0xd4d4d4d4, 0xd4d4d4d4, 0xd4d1d4d4,
0xd4d4d4d1, 0xd5d4d5d5, 0xd4d4d1d1, 0xd1d1d1d4, 0xd1d1d1d4, 0xd1d1d4d1, 0xd4d4d4d4, 0xd1d4d5d4,
0xd4d4d4d1, 0xd5d5d5d1, 0xd4d4d4d4, 0xd4d5d5d4, 0xd4d4d4d4, 0xd5d5d5d4, 0xd4d4d1d1, 0xd4d5d5d4,
0xd2d2d2d1, 0xd1d1d2d5, 0xd5d5d5d1, 0xd1d2d5d5, 0xd5d5d1d1, 0xd2d2d5d5, 0xd2d5d5d5, 0xd2d2d2d2,
0xd2d2d5d5, 0xd2d2d1d1, 0xd2d2d2d5, 0xd2d1d1d1, 0xd5d5d5d5, 0xd5d5d5d5, 0xd5d5d5d5, 0xd5d5d5d5,
0xd2d2d2d1, 0xd2d2d2d2, 0xd2d2d2d1, 0xd2d2d2d2, 0xd2d2d2d2, 0xd2d2d2d2, 0xd5d2d2d2, 0xd2d2d2d5,
0xd2d2d5d2, 0xd2d2d2d2, 0xd2d2d2d2, 0xd2d2d2d2, 0xd2d2d2d5, 0xd2d2d2d2, 0xd5d5d2d5, 0xd2d2d2d2,
0xd2d2d2d2, 0xd2d0d0d0, 0xd2d2d2d2, 0xd0d0ccd0, 0xd0d2d2d2, 0xccd0cccc, 0xd2d2d2d2, 0xccd0cccc,
0xd2d2d2d2, 0xd0d0d0d0, 0xd2d2d2d2, 0xd0d0d2d2, 0xd2d2d2d2, 0xd0d2d2d2, 0xd0d1d2d2, 0xd0d0d0d0,
0xcccccdd2, 0x8e8e8ecc, 0xcccccdcd, 0x8e8e8ecc, 0xcccccccc, 0x8e8ecccc, 0xcccccccc, 0x8e8ecccc,
0xcccccccc, 0x8e8ecccc, 0xcccccccc, 0x8e8ecccc, 0xccccccd0, 0x8e8ecccc, 0xccccccd0, 0x8e8ecccc,
0xb9d8dede, 0xb9b9b9b9, 0xd6d8dede, 0xb9b9b9b9, 0xd7d8dede, 0xb9b9b9b9, 0xd7d8dedf, 0xb9b9b9b9,
0xd6d8dedf, 0xb9b9b9b9, 0xd6d8dede, 0xb9b9b9b9, 0xd6d8dbde, 0xb9b9b9b9, 0xd6d8dbd9, 0xb9b9b9d6,
0xb5b5b5b5, 0xb8b8b8b8, 0xb8b5b9b5, 0xb9b8b9b8, 0xb8b5b9b9, 0xb9b8b9b8, 0xb9b9b9b9, 0xb8b9b9b9,
0xb9b9b9b9, 0xb9b9b9b9, 0xb9b9b9b9, 0xb9b9b9b9, 0xb9b9b9b9, 0xb9b9b9b9, 0xb9b9b9b9, 0xd6d6d6b9,
0xb8b8b8b8, 0xb8b8b8b8, 0xb8b8b5b8, 0xb8b9b8b8, 0xb8b8b8b8, 0xb9b9b9b8, 0xb9b9b8b8, 0xb9b9b9b9,
0xb9b9b9b9, 0xb9b9b9b9, 0xb9b9b9b9, 0xb9b9b9b9, 0xb9b9b9b9, 0xd6b9b9b9, 0xb9b9d6d6, 0xd6d6d6d6,
0xb5b5b8b8, 0xb5b5b5b5, 0xb5b8b8b8, 0xb5b5b5b5, 0xb6b6b9b9, 0xb9b9b9b9, 0xd7d6b9b9, 0xb9b9d7d7,
0xd8d8d6b9, 0xd7d7d8d8, 0xd8d8d8d6, 0xd7d8d8d8, 0xd8d8d8d8, 0xd7d8d8d8, 0xd8d8d8d8, 0xd7d8d8d8,
0xb5b5b8b8, 0xb5b5b5b8, 0xb5b5b8b8, 0xb5b5b5b5, 0xb8b8b8b9, 0xb5b5b5b8, 0xb8b8b8b9, 0xb5b5b5b9,
0xb9b9b9b9, 0xb5b9b9b9, 0xb9b9b9d7, 0xb9b9b9b9, 0xb9b9b9d7, 0xb9b9b9b9, 0xb9d6d6d6, 0xb9b9b6b9,
0xb5b5b5b5, 0xb5b5b5b5, 0xb5b5b5b5, 0xb5b5b6b5, 0xb5b8b5b8, 0xb9b5b9b5, 0xb9b9b8b5, 0xb9b9b6b5,
0xb5b5b5b5, 0xb5b5b5b5, 0xb5b5b5b6, 0xb5b5b5b5, 0xb6b9b9b9, 0xb9b5b5b9, 0xb6b9b9b9, 0xb6b6b5b5,
0xb5b5b5b5, 0xb5b5b5b5, 0xb5b5b5b5, 0xb5b5b5b5, 0xb5b5b5b5, 0xb5b5b5b5, 0xb5b5b5b6, 0xacb5b5b5,
0xb5b5b5b5, 0xb5acb5b5, 0xb5b6b9b5, 0xb5b5b5b5, 0xb6b6b6b9, 0xb5b5b5b5, 0xb9b9b5b5, 0xb5b5b5b6,
0xacacacb5, 0xb5b5b5ac, 0xacacb5b5, 0xacb5acac, 0xb5b5b5b5, 0xacacb5b5, 0xb5acacb5, 0xa5a5b5b5,
0xb5aca5a5, 0xa5a5b5b5, 0xb5b5b5b5, 0xa5b5b5b5, 0xb5b5b5b5, 0xb5b5b5b5, 0xb5b5b5b5, 0xb5b5b5b5,
0xb5b5b5b5, 0xb5b5b5b5, 0xb5b5b5b5, 0xa5b5b5b5, 0xb5b5b5b5, 0xb5b5b5b5, 0xa5a5a5a5, 0xb5a5a5a4,
0xa5a5a4a5, 0xb5b5b5a5, 0xa5b5b5a5, 0xa5a5a5a5, 0xb5b5b5b5, 0xa5a4a4a4, 0xb5b5b5b5, 0xa5a5a4a4,
0xb5b5b5b5, 0xa5a5a5b2, 0xb2b5b5a5, 0xb5a5b2a5, 0xa4a5a5b5, 0xa5a5a4a5, 0xa5a5b5b5, 0xa4a5a5a5,
0xb2a5a5b5, 0xa5a5a5a5, 0xa5a5a5a5, 0xa5a5b2a5, 0xa4a4a5a4, 0xb2b2b5b2, 0xa5a4a5a5, 0xb5b2b2b2,
0xa5b5b5a5, 0xa5a5a5a5, 0xb5b5b5b5, 0xa5a5a5a5, 0xa5a5b2b2, 0xa5b5a5a5, 0xa4a5a5a5, 0xa5a5a5a4,
0xb2a5a5b2, 0xa5a5a5a5, 0xa5a5a5b5, 0xa5a5b5b2, 0xa5a5a5a5, 0xa5a5b5b5, 0xb2a5b5b5, 0xb2b5b2b2,
0xa5a5a57b, 0xa5a57b7b, 0xa5b5a5a5, 0xa5a5a5a5, 0xa5b5a5a5, 0xa5a5a5a5, 0xa5a5a5a5, 0xa5a5a5a5,
0xa5a5a5a5, 0xa5a5a5a5, 0xa5a5a5a5, 0xa5a5a5a5, 0xb2a5b5b5, 0xa5a5b2b2, 0xb2a5b2b5, 0xa5a5b5b2,
0xa5a5a5a5, 0xa5a5a5a5, 0xa5a5b2a5, 0xa5a5a5a5, 0xb5a5b2a5, 0xa5a5a5a5, 0xa5a5a5a5, 0xa5a5a5b5,
0xa5a5a5a5, 0xa5a5a5a5, 0xa5a5a5a5, 0xa5a5a5a5, 0xa5a5b2a5, 0xa5b2b2a5, 0xa5a5b2a5, 0xa5a5a5a5,
0xa5a5b2a5, 0xa5a5a5a5, 0xa5a5a5a5, 0x7ba5a5b2, 0xa5a5a5a5, 0x7ba5a5a5, 0xa5a5a588, 0xa5a5a5a5,
0xa5a5a588, 0xa5a57b88, 0x88a5a5a5, 0xa5a57b7b, 0xa5a5a588, 0xa5a5a5a5, 0xa588a5a5, 0xa5a5a5a5,
0xa5a58888, 0x7b888888, 0xa57b7b7b, 0xa588a5a5, 0xa5a5a57b, 0xa5a588a5, 0xa5a5a57b, 0xa5a5a5a5,
0xa5a57ba5, 0xa57b7aa5, 0x7b7b7ba5, 0x7b7ba5a5, 0x7b888888, 0xa57ba5a5, 0xa5a58888, 0xa5a588a5,
0x7b7b7b7b, 0x7b7b887b, 0x7b7a7a7b, 0x7b7b887b, 0x7b7b887b, 0x7b7b7a7b, 0xa5a5a5a5, 0x7ba5a5a5,
0x7b887b88, 0x7b887a7b, 0x88a58888, 0x7b7b7b7a, 0x88a588a5, 0xa5a5a57b, 0xa5a5a5a5, 0x88a5a57b,
0x887b7a7a, 0x7b7b7a7b, 0x7a7a7a7a, 0xa17a7a7a, 0x7b7b7a7a, 0xa5887b7b, 0x7b7b7a7b, 0xa5a5a5a5,
0x7b7b7a7a, 0x7ba5a588, 0x7b887b7b, 0x7b88a5a5, 0xa5a5887b, 0xa5a5a5a5, 0x88a5a57b, 0x7aa5a5a5,
0x7a7b7b7b, 0xa5a5a57b, 0xa5a5a57b, 0xa5a5a5a5, 0xa5a5a57b, 0x7a7ba1a5, 0xa5a5a57b, 0x7a7ba1a5,
0xa5a5a57b, 0x7ba57ba5, 0x7b7b7b7b, 0xa5a5a17b, 0x7b7b7ba5, 0x7ba5a57b, 0xa17b7b7b, 0x7a7a88a5,
0x7aa57ba5, 0xa5a5a5a5, 0xa5a5a5a5, 0xa57ba5a5, 0xa5a5a57b, 0xa5a5a5a5, 0xa5a5a17b, 0xa5a5a5a5,
0xb5a5a57b, 0xa5a5a5a5, 0x7a7b7b88, 0x7aa5a17a, 0x7a7a7b7a, 0x7a7b7a7a, 0x7a7a7b7a, 0x88a5a57a,
0xa5a5a5a5, 0xa5a5a5a5, 0xa5a5b5b5, 0xa5a5a5ac, 0xa5a5b5b5, 0xa5a5a5a5, 0xa5acb5b2, 0xa5a5a5a5,
0x7ba5a5a5, 0xa5a5a57a, 0x7a7a7aa5, 0xa57a7a7a, 0x7a7a7a7a, 0x7a7a7a7a, 0x7a88a588, 0x7a7a7a7a,
0xa5a57b7b, 0xa5a5a5a5, 0xa5a5a5a5, 0xa5a5a5a5, 0xa5a5a5a5, 0xa5a5b2a5, 0xa5a5a5a5, 0xa5a5b5a5,
0xa5a5a5a5, 0x887aa5a5, 0xa5a5a5a5, 0x88a5a5a5, 0x7b7b7a7b, 0x7a88a5a5, 0xa5a57a7a, 0x88887a7a,
0xa5a5a5a5, 0xa5b2a5a5, 0xa5a5a5a5, 0xa5a5a5a5, 0xa5a5a5a5, 0xa5a5a5a5, 0xa5a5a5a5, 0xa5a5a5a5,
0xa5a5a5a5, 0x7a7aa5a5, 0x8888a5a5, 0x7a7a7a7b, 0x7a7a7a88, 0x7a7a7a7a, 0x887a7a7a, 0x7a7a7a7a,
0xa5a5a5b2, 0xa5a5b2a5, 0xa5a5a5a5, 0xa5a5b2b2, 0xa5a5b2a5, 0xb2b2b2b5, 0xa5b2b2a5, 0xb2b2a5a5,
0xa5a5a5a5, 0xa5a5a5a5, 0xb2a5a57a, 0xa5a5a5b2, 0x7a887a7a, 0xa5a5a588, 0x7a7a7a7a, 0x88a5a57a,
0xa5b2b2a5, 0xa5a5a5a5, 0xa5b2b5b2, 0xa5b2b2b2, 0xb5b2b5b2, 0xa5b2b5b5, 0xb2b2a5b2, 0xb5a5a5b2,
0xb5b5a5a5, 0xa5a5a5b2, 0xa5a5a5a5, 0x7a88a5a5, 0x88a5a5a5, 0x88a5a588, 0xa5a5a5a5, 0xa5a5a5a5,
0xb2a5a5a5, 0xb2b2b2b2, 0xb2b5a5a5, 0xa5a5b2a5, 0xb5b5b2a5, 0xb2b2b2b2, 0xb5b5b5b5, 0xb2a5b2b2,
0xb2b2b5b2, 0xb2b2b2b2, 0xb2b2b288, 0xb2b2b2a5, 0xa5a5a57a, 0xa5a5a488, 0xa5a5a588, 0xa588a488,
0xb2b2a4a4, 0xb2b2b2a5, 0xb2b2b2a5, 0xa5b2b2b2, 0xb2b2b2a5, 0xb2b2b2b2, 0xb2b2a5a5, 0xa5b2b2b2,
0xa5a5a4b2, 0x888888a5, 0xa4a5b2b2, 0xa4888888, 0xb2b2a5a5, 0xb2a5b2a5, 0xb2b2a5a5, 0xb2b2b2b2,
0xb2b2b2a5, 0xb3b6b6b3, 0xb2b2b2b2, 0xb3b2b2b2, 0xa4b2b2b2, 0xb2b28888, 0xb2b288a4, 0xb2a4a4a4,
0xa4888888, 0x88a488a4, 0xa488b2a4, 0x888888a4, 0xa4a4a4b2, 0x88888888, 0xb2b2b2b2, 0xb2b288a4,
0xb2b2b2b3, 0xb2b2b2b2, 0xb2b2b2b2, 0xb2b2b2b2, 0xb2b2b2b2, 0xb2b2b2b2, 0xb28888b2, 0xb2b3b2b2,
0xb2888888, 0xb2b2b2b2, 0xb2b2b2b2, 0xb2b2b2b2, 0xb2b2b288, 0xb2b2b2b2, 0xb3b288b2, 0xb2b2b2b2,
0xb2b2b3b2, 0xb2b2b2b2, 0xb2b2b2b2, 0xb2888888, 0x88b28888, 0xb2b28888, 0xb2b288b2, 0xb2b28888,
0xb2b288b2, 0xb2b28888, 0xb2b2b2b2, 0xb2b2b2b2, 0xb2b2b2b2, 0xb2b3b2b2, 0xb2b2b2b2, 0xb2b2b2b2,
0xb3b3b3b3, 0xb3b2b2b3, 0xb2b2b2b2, 0xb3b3b2b2, 0xb2b2b2b2, 0xb2b2b288, 0x88b2b2b2, 0xb2b2b288,
0xb2b2b2b2, 0xb3b3b2b2, 0xb2b3b3b2, 0xb3b3b3b3, 0xb3b3b3b2, 0xb3b3b3b3, 0xb3b3b3b2, 0xb3b3b2b3,
0xc9b6b3b6, 0xc9c9c9c9, 0xb6b6b6b3, 0xb6b3b3b3, 0xb3b2b2b3, 0xb3b3b3b3, 0xb3b2b2b3, 0xb3b3b6b3,
0xb3b3b3b3, 0xb3b3b3b6, 0xb6b6b3b3, 0xc9c9b6c9, 0xc9b6b6b3, 0xc9c9b6c9, 0xc9c9c9c9, 0xc9c9b3c9,
0xc9c9c9c9, 0xc9c9c9c9, 0xc9b3b3b3, 0xc9c9b3c9, 0xb3b3b3b3, 0xc9b3b3b3, 0xc9c9b3b3, 0xc9c8b6b3,
0xc9c9c9c9, 0xc9c9c9c9, 0xc9c9c9c9, 0xd6cbc9c9, 0xd6c9c9c9, 0xcbc9c9c9, 0xd6d6c9c9, 0xc9cbd6d6,
0xcbc9c9c9, 0xd6cbcbd6, 0xc9c9c9c9, 0xcbcbc9c9, 0xc9c9c9c9, 0xc9c9cbc9, 0xc9c9c9c9, 0xd6c9c9cb,
0xc9c9c9c9, 0xd6c9cbc9, 0xcbcbd6d6, 0xd6d6d6d6, 0xd8d6d6d6, 0xcbd6cbd6, 0xd6d6d6cb, 0xcbcbc9d6,
0xc9c9c9d6, 0xcbd6cbcb, 0xcbd6d6d6, 0xcbcbcbc9, 0xcbcbcbc9, 0xc9c9cbcb, 0xd6cbd6d6, 0xc9c9c9cb,
0xd6d6d6d6, 0xc9c9c9cb, 0xd6cbcbcb, 0xc9c9cbcb, 0xcbc9c9c9, 0xc9c9c9cb, 0xc9c9c9d6, 0xc8c8c9c9,
0xc9c9c9c9, 0xc9c9c9c9, 0xc9c9c9c9, 0xc9c9c9c9, 0xc9c9cbcb, 0xb3c8c9c9, 0xc9c9c9c9, 0xc8c8c8c8,
0xc9c9c9c9, 0xc8c9c9c9, 0xc9c9c9c9, 0xc8c9c9c9, 0xc8c8c9c9, 0xc8c8c8c8, 0xc8c8c9c9, 0xc8c8c8c8,
0xc8c8c9c9, 0xb3c8c8c8, 0xc8c8c8c8, 0xc8c8c8c8, 0xc8b3b3b3, 0xc8b3b3c8, 0xc8b3c8c8, 0xb3b3c8b3,
0xb3c8c8c8, 0xb3b3b3b3, 0xc8c8c8c8, 0xb3b3b3c8, 0xc8c8c8c8, 0xb3b3b3c8, 0xc8c8c8c8, 0xb3b3b3b3,
0xb3b3b3b3, 0x878791b3, 0xb3b3b3b3, 0x8787b3b3, 0xb3b3b3b3, 0x878787b3, 0xb3b3b3b3, 0x878787b3,
0xb3b3b3b3, 0x87879191, 0xb3b3b3b3, 0x878791b3, 0xb3b3b3b3, 0x87878791, 0x91b3b3b3, 0x87878787,
0x87878787, 0x85868686, 0x86878687, 0x85858686, 0x87868787, 0x85858686, 0x86868787, 0x85858687,
0x86858787, 0x85858687, 0x86868687, 0x85858787, 0x87878687, 0x86868787, 0x87878787, 0x86878786,
0x85858585, 0x854f8585, 0x854f4f85, 0x85858585, 0x85858585, 0x85858585, 0x85858585, 0x85858585,
0x85858586, 0x86858685, 0x86858586, 0x87868685, 0x87878786, 0x87878687, 0x86878787, 0x87878786,
0x85858585, 0x87858585, 0x85858585, 0x86854f85, 0x85858585, 0x85854f85, 0x85858585, 0x85858585,
0x86868586, 0x86868686, 0x87878787, 0x86858586, 0x86888887, 0x86858586, 0x86878787, 0x86858585,
0x86878686, 0x86868686, 0x87868686, 0x86868686, 0x86868585, 0x86868686, 0x86868585, 0x86868786,
0x86878686, 0x86878686, 0x86868585, 0x86878786, 0x85858586, 0x87878786, 0x85858686, 0xb3878786,
0x85858685, 0x85858585, 0x85858585, 0x85858585, 0x86858585, 0x87858787, 0x86868686, 0x86858686,
0x86878686, 0x87878786, 0x86888685, 0x87878686, 0x86878786, 0x86868586, 0x87878787, 0x87868686,
0x4f858585, 0x4f854f4f, 0x86868686, 0x85858585, 0x87878787, 0x85868686, 0x86868686, 0x86878787,
0x86878787, 0x85868787, 0x87878787, 0x85858787, 0x87878786, 0x87858585, 0x87868686, 0x86868686,
0x85858585, 0x86868585, 0x85858585, 0x87878686, 0x85858585, 0x86868685, 0x85858585, 0x86878685,
0x85858585, 0x87918787, 0x86868685, 0xb3878787, 0xb3b3b387, 0x9191b3b3, 0x91878785, 0xb3b3b391,
0x86858586, 0x85858586, 0x85858585, 0x85858585, 0x86858585, 0x85878785, 0x87878686, 0x87878787,
0x87878686, 0x87878787, 0x86868687, 0x87878787, 0x87878787, 0x87878686, 0x878787b3, 0x87878787,
0x4f85854f, 0x4f4f4f4f, 0x4f4f4f4f, 0x854f4f4f, 0x4f858585, 0x854f4f85, 0x85868587, 0x4f858585,
0x87878788, 0x85858687, 0x87878787, 0x86868787, 0x86878788, 0x87878786, 0x87878787, 0xb3878787,
0x4f4f4f4f, 0x854f4f4f, 0x4f4f4f4f, 0x854f4f4f, 0x4f4f4f4f, 0x8585854f, 0x4f85854f, 0x8585854f,
0x85858585, 0x85858585, 0x86868686, 0x86868686, 0x87868787, 0x87868787, 0x878687b3, 0x87878787,
0x854f4f85, 0x85858585, 0x85854f4f, 0x80808585, 0x85854f85, 0x85858585, 0x85858585, 0x8585a385,
0xa3878785, 0x87878787, 0x87858786, 0x87878787, 0x87858585, 0x85858787, 0x87878587, 0x85a38787,
0x804f4f4f, 0x85858085, 0x80858580, 0x85a38585, 0x85858585, 0x85858580, 0x85858585, 0x85858585,
0x85858587, 0x85878787, 0x878787a3, 0x87878787, 0x87878785, 0x87878787, 0xa3878787, 0x87878785,
0x85858580, 0x85858585, 0x85858585, 0xa380a3a3, 0x8785a385, 0xa385a387, 0x87a3a3a3, 0x87878787,
0x87a3a385, 0x87878787, 0xa3878787, 0xa3878787, 0x87878787, 0x87878787, 0x87878787, 0x87878787,
0x858585a3, 0x85858085, 0xa385a387, 0x828585a3, 0x87a3a3a3, 0xa3a382a3, 0x87878787, 0x87878787,
0x87a3a387, 0x87878787, 0x8282a3a3, 0x87a3a3a3, 0xa3a38787, 0x878787a3, 0x8787a387, 0xaf878787,
0xa3828085, 0x878787a3, 0xa3828080, 0x87878787, 0xa3828282, 0x8787af87, 0x87a3a3a3, 0x8787afaf,
0x87878282, 0x87878787, 0x87878787, 0x87878787, 0x87878787, 0x87878784, 0xafaf87af, 0xa3878787,
0x87878787, 0xa387af87, 0x87878787, 0x828282a3, 0x82878787, 0x87878282, 0x87878787, 0x878787a3,
0x87878787, 0x82a3a387, 0xa3878787, 0x87a3a387, 0xa38282a3, 0x878787a3, 0xa3828282, 0x82828287,
0x8787af87, 0xafafaf87, 0x87828282, 0xafaf8787, 0xaf878782, 0x828287af, 0xaf878787, 0x82828284,
0x87878282, 0x82828282, 0x82828787, 0x82828282, 0x808282a3, 0x82828080, 0x82828282, 0x87878282,
0x8784afaf, 0xafaf8784, 0x82828487, 0xafaf8484, 0x84848782, 0x84848784, 0x87848482, 0x848487af,
0x87878282, 0x878787af, 0x87878782, 0x8487af87, 0x87848482, 0x8787af87, 0x84848487, 0x84848787,
0xb1b1b1af, 0xc7c5c1c1, 0xb1b1afaf, 0xc7c7c5c1, 0xb1b1ae84, 0xc4c1c1b1, 0xb1b18484, 0xc1c1b1b1,
0xb1af8484, 0xc1c1b1b1, 0xb1b18484, 0xb1b1b1b1, 0xb1b084af, 0xb1b1b0b1, 0xb1b08484, 0xb1b1b1b1,
0xc1c1c1c7, 0xc1c1c1c1, 0xc1b0c1c7, 0xc1c1c1c1, 0xc1c1c1c1, 0xc1c3c1c1, 0xc1c1c1c1, 0xc4c3c1c1,
0xc1c1b0b1, 0xc1c1c1c1, 0xc1c1c1b1, 0xc1c1c1c1, 0xc1c1c1b1, 0xc1c1c1c1, 0xc1c1c1c1, 0xc1c1c4c1,
0xc2c2c2c1, 0xd4d1d1c6, 0xc6c2c2c1, 0xd4d4d4c6, 0xc6c2c2c2, 0xd1d1d1d1, 0xc7c2c2c6, 0xd4d1d1d4,
0xd4c6c2c6, 0xd4d1d1d4, 0xd4c6c6c2, 0xd4d4d1d4, 0xc6c6c2c1, 0xd4d4d4d4, 0xd4c6c2c2, 0xd4d4d4d4,
0xd4d4d4d4, 0xd1d1d4d4, 0xd4d4d4d4, 0xd1d1d1d4, 0xd1d4d4d4, 0xd1d1d1d1, 0xd1d1d4d4, 0xd1d1d1d4,
0xd1d1d4d4, 0xd1d1d1d1, 0xd1d1d4d4, 0xd4d4d1d1, 0xd1d1d1d4, 0xd4d4d4d4, 0xd1d4d4d4, 0xd4d1d4d4,
0xd1d1d1d1, 0xd4d5d5d1, 0xd1d1d1d1, 0xd1d1d1d1, 0xd1d1d1d1, 0xd4d4d4d1, 0xd4d4d1d1, 0xd4d5d5d1,
0xd4d4d4d1, 0xd5d5d5d4, 0xd4d4d4d4, 0xd4d5d4d4, 0xd4d4d4d4, 0xd1d4d4d4, 0xd4d4d4d4, 0xd5d5d4d4,
0xd1d1d1d5, 0xd5d5d5d5, 0xd1d1d1d1, 0xd2d5d5d1, 0xd1d1d5d4, 0xd5d5d1d1, 0xd1d1d5d4, 0xd5d5d2d1,
0xd1d1d5d4, 0xd5d1d1d1, 0xd1d1d1d1, 0xd5d2d1d1, 0xd2d5d1d1, 0xd5d2d2d5, 0xd5d5d5d5, 0xd5d5d5d5,
0xd2d2d2d2, 0xd2d2d2d2, 0xd2d2d2d2, 0xd2d2d2d2, 0xd2d2d2d5, 0xd2d2d2d2, 0xd2d2d2d5, 0xd2d2d2d2,
0xd2d2d2d5, 0xd2d2d2d2, 0xd2d2d2d5, 0xd2d2d2d2, 0xd2d2d2d2, 0xd2d2d2d2, 0xd2d2d2d2, 0xd2d2d2d2,
0xd1d2d2d2, 0xd2d2d0d0, 0xd1d2d2d2, 0xd2d2d0d0, 0xd1d1d1d2, 0xd0d0d0d0, 0xd0d1d1d1, 0xd0d0d0d0,
0xd0d1d1d1, 0xd0ccccd0, 0xd1d2d2d2, 0xd0d0d0d0, 0xd1d2d2d2, 0xd0d0d0d0, 0xd2d1d2d2, 0xd0d2d0d2,
0xccccccd0, 0x8ecccccc, 0xccccd0d0, 0x8ecccccc, 0xccd0d0d0, 0x8ecccccc, 0xccccd0d0, 0xcccccccc,
0xccccd0d0, 0x8ecccccc, 0xccd0d0d0, 0xcccccccc, 0xd0d0d0d0, 0xcccccccc, 0xccd0d0cc, 0xcccccccc,
};
